verify-suite,reference,20 tests
verify-suite,valkey-io,20 tests
verify-suite,dragonfly-4,20 tests
verify-suite,garnet-4,20 tests
verify-suite,firn-4,20 tests
verify-suite,firn-base-4,20 tests
pilot,reference,16,set,1059595.75
pilot,reference,16,lpush,1059595.75
pilot,reference,16,rpop,1059595.75
pilot,reference,16,sadd,1054002.62
pilot,reference,16,hset,1055404.25
pilot,reference,16,zadd,633411.00
pilot,reference,16,lrange_100,317716.12
pilot,firn-4,16,set,3174566.00
pilot,firn-4,16,lpush,3187264.00
pilot,firn-4,16,rpop,3174566.00
pilot,firn-4,16,sadd,3161968.25
pilot,firn-4,16,hset,3174566.00
pilot,firn-4,16,zadd,1055404.25
pilot,firn-4,16,lrange_100,1590451.12
reference,pass 1,4 server CPUs,pipeline 16,"SET","1219970.50","0.648","0.072","0.607","0.775","1.111","1197.055"
reference,pass 1,4 server CPUs,pipeline 16,"LPUSH","1379619.25","0.573","0.048","0.535","0.687","0.975","1201.151"
reference,pass 1,4 server CPUs,pipeline 16,"RPOP","1373676.62","0.574","0.024","0.535","0.679","0.983","1210.367"
reference,pass 1,4 server CPUs,pipeline 16,"SADD","1353872.62","0.583","0.048","0.575","0.711","1.031","34.847"
reference,pass 1,4 server CPUs,pipeline 16,"HSET","1228626.75","0.646","0.096","0.607","0.767","1.119","1227.775"
reference,pass 1,4 server CPUs,pipeline 16,"ZADD","617858.56","1.287","0.104","1.175","1.687","2.223","1211.391"
reference,pass 1,4 server CPUs,pipeline 16,"LRANGE_100 (first 100 elements)","317592.84","2.445","0.320","2.431","3.399","3.679","1246.207"
valkey-io,pass 1,4 server CPUs,pipeline 16,"SET","2001828.62","0.376","0.048","0.383","0.511","0.671","1266.687"
valkey-io,pass 1,4 server CPUs,pipeline 16,"LPUSH","2636100.75","0.288","0.056","0.319","0.407","0.567","15.279"
valkey-io,pass 1,4 server CPUs,pipeline 16,"RPOP","2237054.50","0.343","0.080","0.343","0.447","0.631","1268.735"
valkey-io,pass 1,4 server CPUs,pipeline 16,"SADD","2486476.50","0.297","0.072","0.327","0.431","0.583","4.463"
valkey-io,pass 1,4 server CPUs,pipeline 16,"HSET","1972290.88","0.381","0.088","0.383","0.519","0.695","1302.527"
valkey-io,pass 1,4 server CPUs,pipeline 16,"ZADD","829069.38","0.936","0.096","0.983","1.431","1.711","6.215"
valkey-io,pass 1,4 server CPUs,pipeline 16,"LRANGE_100 (first 100 elements)","327006.78","2.343","0.136","2.223","2.967","3.207","1254.399"
dragonfly-4,pass 1,4 server CPUs,pipeline 16,"SET","2821001.25","0.271","0.056","0.271","0.359","0.431","3.943"
dragonfly-4,pass 1,4 server CPUs,pipeline 16,"LPUSH","1694602.75","0.464","0.040","0.463","0.847","1.415","1305.599"
dragonfly-4,pass 1,4 server CPUs,pipeline 16,"RPOP","2413048.75","0.326","0.048","0.191","0.575","1.287","1281.023"
dragonfly-4,pass 1,4 server CPUs,pipeline 16,"SADD","2230535.00","0.350","0.032","0.207","0.711","1.735","13.927"
dragonfly-4,pass 1,4 server CPUs,pipeline 16,"HSET","1747948.88","0.442","0.032","0.407","0.879","1.615","1279.999"
dragonfly-4,pass 1,4 server CPUs,pipeline 16,"ZADD","1032433.69","0.748","0.048","0.735","1.671","2.415","16.687"
dragonfly-4,pass 1,4 server CPUs,pipeline 16,"LRANGE_100 (first 100 elements)","236991.81","3.252","0.168","2.439","3.847","25.087","1396.735"
garnet-4,pass 1,4 server CPUs,pipeline 16,"SET","4352199.00","0.165","0.000","0.143","0.287","0.639","14.799"
garnet-4,pass 1,4 server CPUs,pipeline 16,"LPUSH","2496878.50","0.311","0.000","0.263","0.367","0.543","1312.767"
garnet-4,pass 1,4 server CPUs,pipeline 16,"RPOP","3385001.00","0.225","0.008","0.215","0.335","0.439","64.095"
garnet-4,pass 1,4 server CPUs,pipeline 16,"SADD","2917394.50","0.265","0.008","0.247","0.391","0.519","161.663"
garnet-4,pass 1,4 server CPUs,pipeline 16,"HSET","2488392.50","0.312","0.008","0.271","0.415","0.543","1305.599"
garnet-4,pass 1,4 server CPUs,pipeline 16,"ZADD","543906.56","1.465","0.056","1.431","1.847","2.199","71.615"
garnet-4,pass 1,4 server CPUs,pipeline 16,"LRANGE_100 (first 100 elements)","2631383.50","0.197","0.016","0.159","0.463","0.903","7.487"
firn-4,pass 1,4 server CPUs,pipeline 16,"SET","6093218.50","0.090","0.000","0.087","0.183","0.287","18.959"
firn-4,pass 1,4 server CPUs,pipeline 16,"LPUSH","5097585.50","0.145","0.000","0.143","0.215","0.263","91.263"
firn-4,pass 1,4 server CPUs,pipeline 16,"RPOP","5055713.50","0.147","0.000","0.119","0.183","0.223","1283.071"
firn-4,pass 1,4 server CPUs,pipeline 16,"SADD","4214554.00","0.179","0.008","0.175","0.263","0.327","52.127"
firn-4,pass 1,4 server CPUs,pipeline 16,"HSET","3905556.75","0.195","0.008","0.183","0.327","0.407","11.679"
firn-4,pass 1,4 server CPUs,pipeline 16,"ZADD","1125265.50","0.691","0.032","0.599","1.551","2.087","19.695"
firn-4,pass 1,4 server CPUs,pipeline 16,"LRANGE_100 (first 100 elements)","1556723.00","0.440","0.024","0.399","0.895","1.175","3.231"
firn-base-4,pass 1,4 server CPUs,pipeline 16,"SET","4231345.00","0.177","0.008","0.175","0.255","0.303","38.175"
firn-base-4,pass 1,4 server CPUs,pipeline 16,"LPUSH","4498081.00","0.169","0.008","0.167","0.231","0.295","111.487"
firn-base-4,pass 1,4 server CPUs,pipeline 16,"RPOP","4148856.50","0.181","0.000","0.159","0.231","0.279","1180.671"
firn-base-4,pass 1,4 server CPUs,pipeline 16,"SADD","4597556.00","0.164","0.008","0.159","0.223","0.279","82.047"
firn-base-4,pass 1,4 server CPUs,pipeline 16,"HSET","4117021.50","0.184","0.008","0.183","0.279","0.343","14.967"
firn-base-4,pass 1,4 server CPUs,pipeline 16,"ZADD","1135047.88","0.690","0.040","0.599","0.975","1.279","1151.999"
firn-base-4,pass 1,4 server CPUs,pipeline 16,"LRANGE_100 (first 100 elements)","1860721.88","0.337","0.040","0.335","0.503","0.607","4.399"
reference,pass 2,4 server CPUs,pipeline 16,"SET","1203437.00","0.659","0.064","0.623","0.799","1.151","1124.351"
reference,pass 2,4 server CPUs,pipeline 16,"LPUSH","1398332.25","0.566","0.080","0.535","0.679","0.975","1078.271"
reference,pass 2,4 server CPUs,pipeline 16,"RPOP","1356749.12","0.581","0.040","0.551","0.695","1.023","1055.743"
reference,pass 2,4 server CPUs,pipeline 16,"SADD","1295800.62","0.612","0.152","0.575","0.719","1.063","1258.495"
reference,pass 2,4 server CPUs,pipeline 16,"HSET","1279250.50","0.618","0.104","0.607","0.759","1.111","51.583"
reference,pass 2,4 server CPUs,pipeline 16,"ZADD","617798.25","1.275","0.192","1.159","1.671","2.207","1216.511"
reference,pass 2,4 server CPUs,pipeline 16,"LRANGE_100 (first 100 elements)","317740.88","2.450","0.128","2.423","3.407","3.695","1245.183"
valkey-io,pass 2,4 server CPUs,pipeline 16,"SET","2010173.62","0.378","0.056","0.383","0.519","0.687","1187.839"
valkey-io,pass 2,4 server CPUs,pipeline 16,"LPUSH","2548113.50","0.298","0.072","0.319","0.431","0.599","5.559"
valkey-io,pass 2,4 server CPUs,pipeline 16,"RPOP","2244303.00","0.338","0.048","0.343","0.439","0.623","1212.415"
valkey-io,pass 2,4 server CPUs,pipeline 16,"SADD","2486313.75","0.299","0.080","0.327","0.431","0.575","10.575"
valkey-io,pass 2,4 server CPUs,pipeline 16,"HSET","2005728.38","0.376","0.088","0.383","0.511","0.679","1229.823"
valkey-io,pass 2,4 server CPUs,pipeline 16,"ZADD","829123.69","0.932","0.144","0.991","1.391","1.655","5.007"
valkey-io,pass 2,4 server CPUs,pipeline 16,"LRANGE_100 (first 100 elements)","325656.50","2.350","0.136","2.223","2.983","3.231","1245.183"
dragonfly-4,pass 2,4 server CPUs,pipeline 16,"SET","2627408.75","0.292","0.048","0.263","0.359","0.431","1244.159"
dragonfly-4,pass 2,4 server CPUs,pipeline 16,"LPUSH","1798513.25","0.433","0.024","0.455","0.847","1.383","4.727"
dragonfly-4,pass 2,4 server CPUs,pipeline 16,"RPOP","2377507.25","0.329","0.048","0.191","0.575","1.215","1273.855"
dragonfly-4,pass 2,4 server CPUs,pipeline 16,"SADD","2298082.00","0.340","0.040","0.207","0.703","1.783","13.415"
dragonfly-4,pass 2,4 server CPUs,pipeline 16,"HSET","1790926.62","0.435","0.040","0.391","0.855","1.615","1257.471"
dragonfly-4,pass 2,4 server CPUs,pipeline 16,"ZADD","1032517.88","0.741","0.048","0.735","1.655","2.383","16.183"
dragonfly-4,pass 2,4 server CPUs,pipeline 16,"LRANGE_100 (first 100 elements)","241755.95","3.187","0.264","2.431","3.823","24.783","1371.135"
garnet-4,pass 2,4 server CPUs,pipeline 16,"SET","4615314.00","0.158","0.008","0.143","0.271","0.575","24.239"
garnet-4,pass 2,4 server CPUs,pipeline 16,"LPUSH","2464698.00","0.313","0.008","0.271","0.391","0.535","1260.543"
garnet-4,pass 2,4 server CPUs,pipeline 16,"RPOP","3385001.00","0.226","0.008","0.223","0.335","0.447","48.479"
garnet-4,pass 2,4 server CPUs,pipeline 16,"SADD","2809391.00","0.275","0.008","0.263","0.399","0.519","168.063"
garnet-4,pass 2,4 server CPUs,pipeline 16,"HSET","2491484.75","0.310","0.008","0.271","0.439","0.575","1285.119"
garnet-4,pass 2,4 server CPUs,pipeline 16,"ZADD","511277.88","1.551","0.048","1.447","1.871","2.143","1238.015"
garnet-4,pass 2,4 server CPUs,pipeline 16,"LRANGE_100 (first 100 elements)","2630658.00","0.203","0.016","0.159","0.503","1.063","18.559"
firn-4,pass 2,4 server CPUs,pipeline 16,"SET","6347018.00","0.090","0.000","0.079","0.183","0.271","40.319"
firn-4,pass 2,4 server CPUs,pipeline 16,"LPUSH","5097585.50","0.146","0.000","0.143","0.215","0.271","107.007"
firn-4,pass 2,4 server CPUs,pipeline 16,"RPOP","5043665.00","0.145","0.008","0.119","0.191","0.231","1301.503"
firn-4,pass 2,4 server CPUs,pipeline 16,"SADD","4334928.50","0.177","0.008","0.167","0.263","0.327","107.199"
firn-4,pass 2,4 server CPUs,pipeline 16,"HSET","3905556.75","0.198","0.016","0.175","0.367","0.455","12.615"
firn-4,pass 2,4 server CPUs,pipeline 16,"ZADD","991689.31","0.791","0.016","0.607","1.567","2.055","1252.351"
firn-4,pass 2,4 server CPUs,pipeline 16,"LRANGE_100 (first 100 elements)","1588995.50","0.431","0.016","0.383","0.871","1.143","9.143"
firn-base-4,pass 2,4 server CPUs,pipeline 16,"SET","4116576.75","0.182","0.000","0.183","0.263","0.311","25.503"
firn-base-4,pass 2,4 server CPUs,pipeline 16,"LPUSH","3718734.50","0.204","0.000","0.175","0.255","0.311","1282.047"
firn-base-4,pass 2,4 server CPUs,pipeline 16,"RPOP","4760065.00","0.157","0.008","0.159","0.223","0.263","5.719"
firn-base-4,pass 2,4 server CPUs,pipeline 16,"SADD","4597556.00","0.163","0.008","0.159","0.231","0.271","39.935"
firn-base-4,pass 2,4 server CPUs,pipeline 16,"HSET","4117021.50","0.182","0.008","0.175","0.279","0.319","34.687"
firn-base-4,pass 2,4 server CPUs,pipeline 16,"ZADD","1144794.75","0.690","0.016","0.591","0.919","1.255","1307.647"
firn-base-4,pass 2,4 server CPUs,pipeline 16,"LRANGE_100 (first 100 elements)","1860903.38","0.344","0.024","0.335","0.559","0.735","15.055"
reference,pass 3,4 server CPUs,pipeline 16,"SET","1233759.75","0.640","0.072","0.599","0.775","1.095","1351.679"
reference,pass 3,4 server CPUs,pipeline 16,"LPUSH","1410918.75","0.561","0.040","0.519","0.663","0.951","1335.295"
reference,pass 3,4 server CPUs,pipeline 16,"RPOP","1393066.62","0.567","0.080","0.527","0.671","0.967","1323.007"
reference,pass 3,4 server CPUs,pipeline 16,"SADD","1327582.38","0.597","0.056","0.559","0.703","1.015","1307.647"
reference,pass 3,4 server CPUs,pipeline 16,"HSET","1312346.75","0.604","0.072","0.591","0.759","1.079","39.583"
reference,pass 3,4 server CPUs,pipeline 16,"ZADD","615307.00","1.288","0.184","1.167","1.711","2.223","1298.431"
reference,pass 3,4 server CPUs,pipeline 16,"LRANGE_100 (first 100 elements)","316057.09","2.459","0.272","2.143","3.455","3.719","1290.239"
valkey-io,pass 3,4 server CPUs,pipeline 16,"SET","2038572.25","0.363","0.032","0.375","0.495","0.647","1175.551"
valkey-io,pass 3,4 server CPUs,pipeline 16,"LPUSH","2506204.25","0.301","0.048","0.335","0.431","0.599","16.447"
valkey-io,pass 3,4 server CPUs,pipeline 16,"RPOP","2279624.25","0.334","0.056","0.343","0.439","0.615","1202.175"
valkey-io,pass 3,4 server CPUs,pipeline 16,"SADD","2446240.25","0.303","0.080","0.335","0.439","0.583","3.879"
valkey-io,pass 3,4 server CPUs,pipeline 16,"HSET","2045797.75","0.370","0.088","0.383","0.503","0.655","1108.991"
valkey-io,pass 3,4 server CPUs,pipeline 16,"ZADD","802640.44","0.967","0.080","1.055","1.407","1.663","18.079"
valkey-io,pass 3,4 server CPUs,pipeline 16,"LRANGE_100 (first 100 elements)","326386.06","2.340","0.160","2.215","2.959","3.167","1301.503"
dragonfly-4,pass 3,4 server CPUs,pipeline 16,"SET","2646942.75","0.290","0.048","0.263","0.359","0.431","1137.663"
dragonfly-4,pass 3,4 server CPUs,pipeline 16,"LPUSH","1798513.25","0.437","0.040","0.463","0.839","1.359","9.863"
dragonfly-4,pass 3,4 server CPUs,pipeline 16,"RPOP","2267817.50","0.345","0.048","0.199","0.599","1.239","1301.503"
dragonfly-4,pass 3,4 server CPUs,pipeline 16,"SADD","2298499.75","0.339","0.040","0.207","0.687","1.711","13.367"
dragonfly-4,pass 3,4 server CPUs,pipeline 16,"HSET","1744027.75","0.444","0.040","0.407","0.887","1.615","1326.079"
dragonfly-4,pass 3,4 server CPUs,pipeline 16,"ZADD","1032433.69","0.752","0.048","0.743","1.671","2.415","8.119"
dragonfly-4,pass 3,4 server CPUs,pipeline 16,"LRANGE_100 (first 100 elements)","240913.69","3.199","0.264","2.431","3.815","24.767","1550.335"
garnet-4,pass 3,4 server CPUs,pipeline 16,"SET","4351702.00","0.166","0.008","0.151","0.239","0.663","12.919"
garnet-4,pass 3,4 server CPUs,pipeline 16,"LPUSH","2410638.00","0.325","0.008","0.279","0.375","0.551","1357.823"
garnet-4,pass 3,4 server CPUs,pipeline 16,"RPOP","3461904.75","0.223","0.008","0.215","0.327","0.431","79.807"
garnet-4,pass 3,4 server CPUs,pipeline 16,"SADD","2537526.25","0.305","0.008","0.263","0.383","0.479","1448.959"
garnet-4,pass 3,4 server CPUs,pipeline 16,"HSET","2719891.50","0.288","0.008","0.271","0.431","0.567","8.455"
garnet-4,pass 3,4 server CPUs,pipeline 16,"ZADD","511154.03","1.551","0.048","1.431","1.887","2.239","1243.135"
garnet-4,pass 3,4 server CPUs,pipeline 16,"LRANGE_100 (first 100 elements)","2631383.50","0.190","0.016","0.143","0.495","1.071","7.119"
firn-4,pass 3,4 server CPUs,pipeline 16,"SET","6347018.00","0.088","0.000","0.079","0.183","0.271","25.759"
firn-4,pass 3,4 server CPUs,pipeline 16,"LPUSH","4337890.50","0.174","0.008","0.143","0.215","0.263","1313.791"
firn-4,pass 3,4 server CPUs,pipeline 16,"RPOP","6092244.00","0.121","0.008","0.119","0.183","0.231","15.239"
firn-4,pass 3,4 server CPUs,pipeline 16,"SADD","4213618.00","0.177","0.008","0.175","0.263","0.327","69.247"
firn-4,pass 3,4 server CPUs,pipeline 16,"HSET","3904756.25","0.198","0.008","0.183","0.319","0.399","4.935"
firn-4,pass 3,4 server CPUs,pipeline 16,"ZADD","1010763.31","0.780","0.024","0.527","1.783","2.359","1260.543"
firn-4,pass 3,4 server CPUs,pipeline 16,"LRANGE_100 (first 100 elements)","1556723.00","0.438","0.024","0.391","0.879","1.159","3.223"
firn-base-4,pass 3,4 server CPUs,pipeline 16,"SET","4116576.75","0.183","0.008","0.175","0.279","0.375","27.215"
firn-base-4,pass 3,4 server CPUs,pipeline 16,"LPUSH","3698596.50","0.206","0.008","0.175","0.255","0.311","1337.343"
firn-base-4,pass 3,4 server CPUs,pipeline 16,"RPOP","4760065.00","0.162","0.000","0.151","0.271","0.311","6.079"
firn-base-4,pass 3,4 server CPUs,pipeline 16,"SADD","4462381.50","0.170","0.000","0.167","0.239","0.279","68.991"
firn-base-4,pass 3,4 server CPUs,pipeline 16,"HSET","3513308.00","0.215","0.016","0.183","0.295","0.359","1340.415"
firn-base-4,pass 3,4 server CPUs,pipeline 16,"ZADD","1297895.38","0.602","0.008","0.575","0.911","1.223","9.711"
firn-base-4,pass 3,4 server CPUs,pipeline 16,"LRANGE_100 (first 100 elements)","1860721.88","0.348","0.032","0.343","0.543","0.655","2.887"
verify-suite,reference,20 tests
verify-suite,valkey-io,20 tests
verify-suite,dragonfly-8,20 tests
verify-suite,garnet-8,20 tests
verify-suite,firn-8,20 tests
verify-suite,firn-base-8,20 tests
pilot,reference,16,set,1055404.25
pilot,reference,16,lpush,1059595.75
pilot,reference,16,rpop,1054002.62
pilot,reference,16,sadd,1055404.25
pilot,reference,16,hset,1059595.75
pilot,reference,16,zadd,635926.56
pilot,reference,16,lrange_100,317462.94
pilot,firn-8,16,set,3162008.25
pilot,firn-8,16,lpush,3174566.00
pilot,firn-8,16,rpop,3174566.00
pilot,firn-8,16,sadd,3161968.25
pilot,firn-8,16,hset,3162008.25
pilot,firn-8,16,zadd,1059595.75
pilot,firn-8,16,lrange_100,1061006.62
reference,pass 1,8 server CPUs,pipeline 16,"SET","1221521.12","0.645","0.048","0.607","0.775","1.111","1292.287"
reference,pass 1,8 server CPUs,pipeline 16,"LPUSH","1449739.25","0.543","0.040","0.535","0.671","0.991","16.895"
reference,pass 1,8 server CPUs,pipeline 16,"RPOP","1360577.12","0.581","0.056","0.551","0.687","1.015","1225.727"
reference,pass 1,8 server CPUs,pipeline 16,"SADD","1284613.62","0.615","0.056","0.575","0.719","1.087","1264.639"
reference,pass 1,8 server CPUs,pipeline 16,"HSET","1202704.12","0.659","0.112","0.623","0.783","1.159","1271.807"
reference,pass 1,8 server CPUs,pipeline 16,"ZADD","617900.31","1.286","0.096","1.167","1.703","2.223","1291.263"
reference,pass 1,8 server CPUs,pipeline 16,"LRANGE_100 (first 100 elements)","319427.97","2.427","0.240","2.495","3.351","3.615","1284.095"
valkey-io,pass 1,8 server CPUs,pipeline 16,"SET","1940676.75","0.375","0.016","0.319","0.575","0.743","1289.215"
valkey-io,pass 1,8 server CPUs,pipeline 16,"LPUSH","2417182.75","0.305","0.008","0.279","0.503","0.639","24.015"
valkey-io,pass 1,8 server CPUs,pipeline 16,"RPOP","2170644.00","0.342","0.008","0.287","0.535","0.663","1289.215"
valkey-io,pass 1,8 server CPUs,pipeline 16,"SADD","2407438.25","0.298","0.016","0.279","0.495","0.639","17.839"
valkey-io,pass 1,8 server CPUs,pipeline 16,"HSET","1940776.00","0.374","0.016","0.327","0.575","0.735","1289.215"
valkey-io,pass 1,8 server CPUs,pipeline 16,"ZADD","781077.00","0.966","0.040","0.903","1.551","1.935","8.591"
valkey-io,pass 1,8 server CPUs,pipeline 16,"LRANGE_100 (first 100 elements)","308716.34","2.420","0.120","2.183","3.255","3.663","1293.311"
dragonfly-8,pass 1,8 server CPUs,pipeline 16,"SET","3700420.50","0.198","0.024","0.183","0.351","0.439","28.767"
dragonfly-8,pass 1,8 server CPUs,pipeline 16,"LPUSH","1733867.38","0.444","0.016","0.447","0.655","1.111","1204.223"
dragonfly-8,pass 1,8 server CPUs,pipeline 16,"RPOP","2538299.50","0.300","0.016","0.303","0.543","0.999","9.239"
dragonfly-8,pass 1,8 server CPUs,pipeline 16,"SADD","2072176.88","0.363","0.024","0.343","0.567","1.087","1551.359"
dragonfly-8,pass 1,8 server CPUs,pipeline 16,"HSET","1919860.00","0.389","0.024","0.423","0.615","1.159","14.519"
dragonfly-8,pass 1,8 server CPUs,pipeline 16,"ZADD","935281.50","0.806","0.040","0.743","0.975","3.079","1333.247"
dragonfly-8,pass 1,8 server CPUs,pipeline 16,"LRANGE_100 (first 100 elements)","248809.50","3.128","0.192","2.439","3.551","24.239","1405.951"
garnet-8,pass 1,8 server CPUs,pipeline 16,"SET","3858854.00","0.148","0.000","0.087","0.375","0.735","1330.175"
garnet-8,pass 1,8 server CPUs,pipeline 16,"LPUSH","2719697.25","0.280","0.008","0.247","0.399","0.655","410.367"
garnet-8,pass 1,8 server CPUs,pipeline 16,"RPOP","3046609.25","0.253","0.008","0.239","0.399","0.575","4.303"
garnet-8,pass 1,8 server CPUs,pipeline 16,"SADD","2694860.25","0.284","0.008","0.239","0.415","0.567","1328.127"
garnet-8,pass 1,8 server CPUs,pipeline 16,"HSET","2709326.00","0.282","0.008","0.263","0.447","0.599","13.391"
garnet-8,pass 1,8 server CPUs,pipeline 16,"ZADD","496297.88","1.604","0.080","1.439","2.207","2.807","1338.367"
garnet-8,pass 1,8 server CPUs,pipeline 16,"LRANGE_100 (first 100 elements)","2994374.50","0.122","0.016","0.111","0.239","0.343","7.039"
firn-8,pass 1,8 server CPUs,pipeline 16,"SET","5357824.50","0.083","0.000","0.063","0.143","0.191","1330.175"
firn-8,pass 1,8 server CPUs,pipeline 16,"LPUSH","5439783.00","0.133","0.000","0.119","0.255","0.343","103.103"
firn-8,pass 1,8 server CPUs,pipeline 16,"RPOP","6622879.00","0.110","0.000","0.095","0.239","0.327","5.223"
firn-8,pass 1,8 server CPUs,pipeline 16,"SADD","4330970.50","0.171","0.000","0.151","0.343","0.455","63.423"
firn-8,pass 1,8 server CPUs,pipeline 16,"HSET","3890506.50","0.190","0.008","0.167","0.383","0.503","9.783"
firn-8,pass 1,8 server CPUs,pipeline 16,"ZADD","934731.50","0.845","0.016","0.695","1.559","2.055","1336.319"
firn-8,pass 1,8 server CPUs,pipeline 16,"LRANGE_100 (first 100 elements)","1413576.12","0.465","0.016","0.407","1.039","1.431","12.575"
firn-base-8,pass 1,8 server CPUs,pipeline 16,"SET","2779177.75","0.274","0.008","0.223","0.423","0.559","1649.663"
firn-base-8,pass 1,8 server CPUs,pipeline 16,"LPUSH","3240456.00","0.236","0.008","0.215","0.423","0.591","108.543"
firn-base-8,pass 1,8 server CPUs,pipeline 16,"RPOP","3108764.50","0.248","0.008","0.231","0.431","0.567","11.439"
firn-base-8,pass 1,8 server CPUs,pipeline 16,"SADD","2984163.00","0.247","0.008","0.207","0.383","0.503","1461.247"
firn-base-8,pass 1,8 server CPUs,pipeline 16,"HSET","3228187.25","0.234","0.016","0.223","0.407","0.543","11.455"
firn-base-8,pass 1,8 server CPUs,pipeline 16,"ZADD","686266.88","1.153","0.040","0.991","1.983","2.495","1509.375"
firn-base-8,pass 1,8 server CPUs,pipeline 16,"LRANGE_100 (first 100 elements)","1453765.62","0.449","0.032","0.407","0.855","1.167","5.639"
reference,pass 2,8 server CPUs,pipeline 16,"SET","1183423.62","0.666","0.040","0.615","0.783","1.151","1786.879"
reference,pass 2,8 server CPUs,pipeline 16,"LPUSH","1373874.75","0.574","0.032","0.527","0.679","0.983","1704.959"
reference,pass 2,8 server CPUs,pipeline 16,"RPOP","1351838.12","0.587","0.112","0.543","0.687","1.015","1658.879"
reference,pass 2,8 server CPUs,pipeline 16,"SADD","1391150.62","0.569","0.032","0.559","0.711","1.031","23.247"
reference,pass 2,8 server CPUs,pipeline 16,"HSET","1218226.88","0.647","0.064","0.599","0.759","1.103","1847.295"
reference,pass 2,8 server CPUs,pipeline 16,"ZADD","611511.19","1.294","0.128","1.151","1.703","2.183","1760.255"
reference,pass 2,8 server CPUs,pipeline 16,"LRANGE_100 (first 100 elements)","312942.84","2.477","0.128","2.519","3.359","3.639","1860.607"
valkey-io,pass 2,8 server CPUs,pipeline 16,"SET","1926977.38","0.378","0.016","0.319","0.567","0.735","1660.927"
valkey-io,pass 2,8 server CPUs,pipeline 16,"LPUSH","2455986.25","0.301","0.008","0.271","0.503","0.631","8.383"
valkey-io,pass 2,8 server CPUs,pipeline 16,"RPOP","2182958.00","0.345","0.008","0.287","0.535","0.663","1440.767"
valkey-io,pass 2,8 server CPUs,pipeline 16,"SADD","2407590.75","0.295","0.016","0.271","0.495","0.639","3.863"
valkey-io,pass 2,8 server CPUs,pipeline 16,"HSET","1936418.12","0.375","0.016","0.319","0.575","0.727","1583.103"
valkey-io,pass 2,8 server CPUs,pipeline 16,"ZADD","793308.69","0.949","0.040","0.895","1.519","1.911","3.975"
valkey-io,pass 2,8 server CPUs,pipeline 16,"LRANGE_100 (first 100 elements)","320877.03","2.331","0.144","2.143","3.199","3.583","1593.343"
dragonfly-8,pass 2,8 server CPUs,pipeline 16,"SET","3700420.50","0.198","0.032","0.183","0.351","0.439","37.151"
dragonfly-8,pass 2,8 server CPUs,pipeline 16,"LPUSH","1763158.25","0.441","0.024","0.439","0.639","1.079","1592.319"
dragonfly-8,pass 2,8 server CPUs,pipeline 16,"RPOP","2538130.50","0.300","0.016","0.303","0.543","0.983","5.791"
dragonfly-8,pass 2,8 server CPUs,pipeline 16,"SADD","2067772.88","0.364","0.016","0.343","0.567","1.071","1590.271"
dragonfly-8,pass 2,8 server CPUs,pipeline 16,"HSET","1919957.00","0.389","0.024","0.423","0.607","1.143","4.895"
dragonfly-8,pass 2,8 server CPUs,pipeline 16,"ZADD","934319.31","0.813","0.048","0.735","0.951","3.047","1596.415"
dragonfly-8,pass 2,8 server CPUs,pipeline 16,"LRANGE_100 (first 100 elements)","251210.08","3.106","0.336","2.439","3.551","24.063","1668.095"
garnet-8,pass 2,8 server CPUs,pipeline 16,"SET","3341915.75","0.198","0.000","0.103","0.687","0.735","1599.487"
garnet-8,pass 2,8 server CPUs,pipeline 16,"LPUSH","2769523.75","0.273","0.008","0.247","0.383","0.615","386.047"
garnet-8,pass 2,8 server CPUs,pipeline 16,"RPOP","2701375.75","0.283","0.008","0.239","0.391","0.615","1597.439"
garnet-8,pass 2,8 server CPUs,pipeline 16,"SADD","2975037.75","0.254","0.008","0.239","0.391","0.535","74.559"
garnet-8,pass 2,8 server CPUs,pipeline 16,"HSET","2862626.25","0.269","0.016","0.255","0.399","0.527","14.079"
garnet-8,pass 2,8 server CPUs,pipeline 16,"ZADD","496472.28","1.593","0.088","1.391","2.143","2.623","1577.983"
garnet-8,pass 2,8 server CPUs,pipeline 16,"LRANGE_100 (first 100 elements)","2994374.50","0.117","0.016","0.103","0.231","0.319","6.543"
firn-8,pass 2,8 server CPUs,pipeline 16,"SET","5246697.00","0.088","0.000","0.063","0.143","0.191","1480.703"
firn-8,pass 2,8 server CPUs,pipeline 16,"LPUSH","5641167.00","0.131","0.000","0.111","0.255","0.343","86.591"
firn-8,pass 2,8 server CPUs,pipeline 16,"RPOP","6347018.00","0.112","0.000","0.095","0.239","0.335","9.151"
firn-8,pass 2,8 server CPUs,pipeline 16,"SADD","4741768.50","0.149","0.000","0.135","0.295","0.391","64.351"
firn-8,pass 2,8 server CPUs,pipeline 16,"HSET","3992856.00","0.188","0.008","0.167","0.383","0.503","9.775"
firn-8,pass 2,8 server CPUs,pipeline 16,"ZADD","918990.44","0.848","0.024","0.679","1.535","2.023","1582.079"
firn-8,pass 2,8 server CPUs,pipeline 16,"LRANGE_100 (first 100 elements)","1413419.12","0.457","0.016","0.399","1.023","1.399","7.183"
firn-base-8,pass 2,8 server CPUs,pipeline 16,"SET","2580179.00","0.295","0.000","0.239","0.455","0.615","1701.887"
firn-base-8,pass 2,8 server CPUs,pipeline 16,"LPUSH","2929242.50","0.263","0.000","0.239","0.471","0.655","106.815"
firn-base-8,pass 2,8 server CPUs,pipeline 16,"RPOP","2929242.50","0.260","0.008","0.247","0.463","0.599","11.151"
firn-base-8,pass 2,8 server CPUs,pipeline 16,"SADD","2634791.50","0.282","0.000","0.231","0.447","0.591","1897.471"
firn-base-8,pass 2,8 server CPUs,pipeline 16,"HSET","2862626.25","0.264","0.016","0.247","0.463","0.615","18.943"
firn-base-8,pass 2,8 server CPUs,pipeline 16,"ZADD","729958.75","1.080","0.032","0.895","1.903","2.423","1651.711"
firn-base-8,pass 2,8 server CPUs,pipeline 16,"LRANGE_100 (first 100 elements)","1304783.75","0.520","0.024","0.463","1.031","1.455","3.687"
reference,pass 3,8 server CPUs,pipeline 16,"SET","1197806.50","0.661","0.096","0.615","0.775","1.151","1651.711"
reference,pass 3,8 server CPUs,pipeline 16,"LPUSH","1388446.25","0.571","0.072","0.527","0.671","0.975","1666.047"
reference,pass 3,8 server CPUs,pipeline 16,"RPOP","1363401.50","0.582","0.040","0.535","0.679","1.015","1669.119"
reference,pass 3,8 server CPUs,pipeline 16,"SADD","1297484.38","0.610","0.056","0.559","0.703","1.055","1721.343"
reference,pass 3,8 server CPUs,pipeline 16,"HSET","1285064.88","0.617","0.192","0.607","0.759","1.127","38.143"
reference,pass 3,8 server CPUs,pipeline 16,"ZADD","621038.94","1.272","0.184","1.127","1.671","2.143","1692.671"
reference,pass 3,8 server CPUs,pipeline 16,"LRANGE_100 (first 100 elements)","305179.28","2.551","0.272","2.455","3.327","3.591","1905.663"
valkey-io,pass 3,8 server CPUs,pipeline 16,"SET","2134810.00","0.341","0.016","0.319","0.567","0.727","25.231"
valkey-io,pass 3,8 server CPUs,pipeline 16,"LPUSH","2272823.75","0.324","0.008","0.263","0.479","0.615","1752.063"
valkey-io,pass 3,8 server CPUs,pipeline 16,"RPOP","2456144.50","0.302","0.016","0.279","0.503","0.639","4.503"
valkey-io,pass 3,8 server CPUs,pipeline 16,"SADD","2104005.25","0.345","0.008","0.279","0.503","0.647","2025.471"
valkey-io,pass 3,8 server CPUs,pipeline 16,"HSET","2106484.75","0.342","0.016","0.319","0.575","0.727","3.183"
valkey-io,pass 3,8 server CPUs,pipeline 16,"ZADD","700597.94","1.082","0.032","0.911","1.567","1.951","1871.871"
valkey-io,pass 3,8 server CPUs,pipeline 16,"LRANGE_100 (first 100 elements)","319219.78","2.359","0.160","2.135","3.151","3.623","2041.855"
dragonfly-8,pass 3,8 server CPUs,pipeline 16,"SET","3793273.00","0.191","0.024","0.175","0.343","0.431","39.615"
dragonfly-8,pass 3,8 server CPUs,pipeline 16,"LPUSH","1708210.38","0.455","0.016","0.439","0.647","1.095","2036.735"
dragonfly-8,pass 3,8 server CPUs,pipeline 16,"RPOP","2625598.00","0.290","0.016","0.295","0.527","0.959","8.663"
dragonfly-8,pass 3,8 server CPUs,pipeline 16,"SADD","1976127.88","0.379","0.024","0.351","0.575","1.095","1941.503"
dragonfly-8,pass 3,8 server CPUs,pipeline 16,"HSET","1969792.38","0.382","0.016","0.415","0.599","1.127","4.495"
dragonfly-8,pass 3,8 server CPUs,pipeline 16,"ZADD","927301.06","0.817","0.032","0.727","0.959","2.983","1699.839"
dragonfly-8,pass 3,8 server CPUs,pipeline 16,"LRANGE_100 (first 100 elements)","240132.78","3.240","0.336","2.415","3.519","24.095","2073.599"
garnet-8,pass 3,8 server CPUs,pipeline 16,"SET","4213671.50","0.148","0.008","0.087","0.583","0.735","26.767"
garnet-8,pass 3,8 server CPUs,pipeline 16,"LPUSH","2873561.25","0.264","0.008","0.239","0.375","0.599","382.463"
garnet-8,pass 3,8 server CPUs,pipeline 16,"RPOP","2684433.75","0.287","0.008","0.231","0.383","0.559","1938.431"
garnet-8,pass 3,8 server CPUs,pipeline 16,"SADD","3034519.50","0.248","0.008","0.231","0.383","0.527","71.999"
garnet-8,pass 3,8 server CPUs,pipeline 16,"HSET","2862626.25","0.264","0.008","0.247","0.391","0.511","9.103"
garnet-8,pass 3,8 server CPUs,pipeline 16,"ZADD","494080.12","1.601","0.088","1.383","2.127","2.711","1949.695"
garnet-8,pass 3,8 server CPUs,pipeline 16,"LRANGE_100 (first 100 elements)","2994374.50","0.124","0.016","0.111","0.239","0.359","8.391"
firn-8,pass 3,8 server CPUs,pipeline 16,"SET","4938067.50","0.089","0.000","0.063","0.143","0.191","1932.287"
firn-8,pass 3,8 server CPUs,pipeline 16,"LPUSH","5440560.00","0.131","0.000","0.111","0.255","0.343","91.199"
firn-8,pass 3,8 server CPUs,pipeline 16,"RPOP","6345960.50","0.112","0.000","0.095","0.239","0.335","8.103"
firn-8,pass 3,8 server CPUs,pipeline 16,"SADD","4456616.50","0.163","0.008","0.143","0.327","0.431","100.927"
firn-8,pass 3,8 server CPUs,pipeline 16,"HSET","3383335.75","0.219","0.008","0.167","0.375","0.503","1713.151"
firn-8,pass 3,8 server CPUs,pipeline 16,"ZADD","1058097.00","0.738","0.016","0.655","1.575","2.135","7.175"
firn-8,pass 3,8 server CPUs,pipeline 16,"LRANGE_100 (first 100 elements)","1413733.12","0.457","0.016","0.399","1.023","1.399","8.191"
firn-base-8,pass 3,8 server CPUs,pipeline 16,"SET","2580179.00","0.296","0.000","0.247","0.431","0.607","1952.767"
firn-base-8,pass 3,8 server CPUs,pipeline 16,"LPUSH","2929242.50","0.264","0.008","0.247","0.439","0.639","104.383"
firn-base-8,pass 3,8 server CPUs,pipeline 16,"RPOP","2929017.50","0.261","0.008","0.247","0.415","0.599","10.559"
firn-base-8,pass 3,8 server CPUs,pipeline 16,"SADD","2614998.75","0.290","0.008","0.231","0.407","0.583","2007.039"
firn-base-8,pass 3,8 server CPUs,pipeline 16,"HSET","2917655.75","0.262","0.016","0.247","0.423","0.607","18.847"
firn-base-8,pass 3,8 server CPUs,pipeline 16,"ZADD","850000.12","0.916","0.040","0.727","1.519","1.975","1949.695"
firn-base-8,pass 3,8 server CPUs,pipeline 16,"LRANGE_100 (first 100 elements)","1375251.62","0.488","0.024","0.455","0.879","1.223","4.503"
