firn-4,1,LPUSH,4875670.50,50000000,4132,259,1917
firn-4,1,RPOP,6468305.00,55000000,3616,189,1365
firn-4,1,SADD,4253871.00,50000000,4716,305,1984
firn-4,1,HSET,3542470.25,45000000,4600,222,1560
firn-4,1,ZADD,1180101.75,13000000,4684,204,645
firn-4,1,LPUSH (needed to benchmark LRANGE),5536758.00,18000000,1304,238,557
firn-4,1,LRANGE_100 (first 100 elements),1365602.00,18000000,4858,229,768
firn-base-4,1,LPUSH,4345559.00,50000000,4654,333,1998
firn-base-4,1,RPOP,4780946.00,55000000,4674,194,2192
firn-base-4,1,SADD,4110828.00,50000000,4414,255,2031
firn-base-4,1,HSET,4284490.00,45000000,4361,300,1557
firn-base-4,1,ZADD,1299090.62,13000000,4076,275,722
firn-base-4,1,LPUSH (needed to benchmark LRANGE),4498875.50,18000000,1581,312,804
firn-base-4,1,LRANGE_100 (first 100 elements),1608291.62,18000000,3987,232,765
firn-4,2,LPUSH,5261496.00,50000000,3960,213,1651
firn-4,2,RPOP,6283559.50,55000000,3573,172,1700
firn-4,2,SADD,4043344.50,50000000,4629,191,1813
firn-4,2,HSET,3828484.00,45000000,4768,291,1821
firn-4,2,ZADD,1128962.25,13000000,4714,192,785
firn-4,2,LPUSH (needed to benchmark LRANGE),3861003.75,18000000,1306,296,671
firn-4,2,LRANGE_100 (first 100 elements),1563993.38,18000000,4759,187,646
firn-base-4,2,LPUSH,4442865.00,50000000,4567,264,1891
firn-base-4,2,RPOP,4433338.50,55000000,4635,230,2127
firn-base-4,2,SADD,4649865.00,50000000,4453,235,1741
firn-base-4,2,HSET,4089793.50,45000000,4487,229,1803
firn-base-4,2,ZADD,1139651.12,13000000,4224,378,800
firn-base-4,2,LPUSH (needed to benchmark LRANGE),4497751.50,18000000,1572,321,615
firn-base-4,2,LRANGE_100 (first 100 elements),1845207.62,18000000,3972,201,667
firn-4,3,LPUSH,5126627.50,50000000,4000,203,1915
firn-4,3,RPOP,5565675.00,55000000,3572,196,1817
firn-4,3,SADD,4346314.50,50000000,4703,264,1971
firn-4,3,HSET,3828484.00,45000000,4826,283,1830
firn-4,3,ZADD,1008612.00,13000000,4742,187,833
firn-4,3,LPUSH (needed to benchmark LRANGE),5139920.00,18000000,1333,217,684
firn-4,3,LRANGE_100 (first 100 elements),1563721.75,18000000,4804,139,601
firn-base-4,3,LPUSH,4346314.50,50000000,4605,264,2074
firn-base-4,3,RPOP,4442649.50,55000000,4609,242,1951
firn-base-4,3,SADD,4442470.00,50000000,4595,165,1915
firn-base-4,3,HSET,3707670.75,45000000,4515,293,1777
firn-base-4,3,ZADD,1267303.50,13000000,4245,342,732
firn-base-4,3,LPUSH (needed to benchmark LRANGE),4497751.50,18000000,1594,308,651
firn-base-4,3,LRANGE_100 (first 100 elements),1845018.50,18000000,4010,209,598
