reference,16,set,1061006.62
reference,16,get,1061006.62
reference,16,incr,1056809.62
reference,16,lpush,1033483.75
reference,16,rpop,1061006.62
reference,16,sadd,1061006.62
reference,16,hset,1059595.75
reference,16,zadd,635419.50
reference,16,lrange_100,317969.66
reference,16,mset,391752.72
firn-4,16,set,3162008.25
firn-4,16,get,3174566.00
firn-4,16,incr,3174566.00
firn-4,16,lpush,3174566.00
firn-4,16,rpop,3174566.00
firn-4,16,sadd,3187251.25
firn-4,16,hset,3174566.00
firn-4,16,zadd,1058188.50
firn-4,16,lrange_100,3174566.00
firn-4,16,mset,529094.25
