unit	passed	failed	errored	skipped	timed_out	not_reached	reference_passed	skipped_blocks	block_errors	ended	server
unit/printver	0	0	0	0	0	-	-	0	0	done	running
unit/dump	12	0	0	14	0	-	-	0	0	done	running
unit/auth	0	0	0	0	0	-	-	3	0	done	running
unit/protocol	25	0	0	0	0	-	-	0	0	done	running
unit/keyspace	43	0	0	10	0	-	-	0	0	done	running
unit/scan	17	0	0	0	0	-	-	0	0	done	running
unit/info	0	0	0	0	0	-	-	1	0	done	running
unit/info-command	3	0	0	0	0	-	-	0	0	done	running
unit/type/string	77	0	0	0	0	-	-	0	0	done	running
unit/type/incr	25	0	0	0	0	-	-	0	0	done	running
unit/type/list	237	0	0	9	0	-	-	0	0	done	running
unit/type/list-2	2	0	0	0	0	-	-	0	0	done	running
unit/type/list-3	11	0	0	0	0	-	-	0	0	done	running
unit/type/set	98	0	1	1	0	-	-	0	0	done	running
unit/type/zset	312	0	0	0	0	-	-	0	0	done	running
unit/type/hash	73	0	0	0	0	-	-	0	0	done	running
unit/type/stream	72	0	0	0	0	-	-	0	0	done	running
unit/type/stream-cgroups	51	0	0	2	0	-	-	2	0	done	running
unit/sort	52	0	0	0	0	-	-	0	0	done	running
unit/expire	66	0	0	0	0	-	-	2	0	done	running
unit/other	22	0	0	0	0	-	-	3	0	done	running
unit/multi	53	0	0	9	0	-	-	1	0	done	running
unit/quit	3	0	0	0	0	-	-	0	0	done	running
unit/aofrw	0	0	0	0	0	-	-	2	0	done	running
unit/acl	0	0	0	0	0	-	-	8	0	done	running
unit/acl-v2	0	0	0	0	0	-	-	2	0	done	running
unit/latency-monitor	14	0	0	0	0	-	-	0	0	done	running
integration/block-repl	0	0	0	0	0	-	-	1	0	done	running
integration/replication	0	0	0	8	0	-	-	15	0	done	running
integration/replication-2	0	0	0	0	0	-	-	1	0	done	running
integration/replication-3	0	0	0	0	0	-	-	1	0	done	running
integration/replication-4	0	0	0	0	0	-	-	5	0	done	running
integration/replication-psync	0	0	0	0	0	-	-	1	0	done	running
integration/replication-buffer	2	0	0	0	0	-	-	4	0	done	running
integration/shutdown	0	0	0	5	0	-	-	0	0	done	running
integration/aof	0	0	0	0	0	-	-	1	0	done	running
integration/aof-multi-part	0	0	0	0	0	-	-	1	0	done	running
integration/rdb	0	0	0	0	0	-	-	1	0	done	running
integration/corrupt-dump	0	0	0	0	0	-	-	1	0	done	running
integration/corrupt-dump-fuzzer	0	0	0	0	0	-	-	1	0	done	running
integration/convert-zipmap-hash-on-load	0	0	0	0	0	-	-	1	0	done	running
integration/convert-ziplist-hash-on-load	0	0	0	0	0	-	-	1	0	done	running
integration/convert-ziplist-zset-on-load	0	0	0	0	0	-	-	1	0	done	running
integration/logging	0	0	0	0	0	-	-	1	0	done	running
integration/psync2	0	0	0	0	0	-	-	1	0	done	running
integration/psync2-reg	0	0	0	0	0	-	-	1	0	done	running
integration/psync2-pingoff	0	0	0	0	0	-	-	3	0	done	running
integration/psync2-master-restart	0	0	0	0	0	-	-	1	0	done	running
integration/failover	0	0	0	0	0	-	-	1	0	done	running
integration/redis-cli	31	0	0	0	0	-	-	0	0	done	running
integration/redis-benchmark	0	0	0	0	0	-	-	1	0	done	running
integration/dismiss-mem	0	0	0	0	0	-	-	1	0	done	running
unit/pubsub	30	0	0	0	0	-	-	0	0	done	running
unit/pubsubshard	0	0	0	0	0	-	-	2	0	done	running
unit/slowlog	16	0	0	0	0	-	-	0	0	done	running
unit/scripting	266	0	0	12	0	-	-	7	0	done	running
unit/functions	94	0	0	2	0	-	-	1	0	done	running
unit/maxmemory	0	0	0	0	0	-	-	8	0	done	running
unit/introspection	28	0	0	13	0	-	-	2	0	done	running
unit/introspection-2	43	0	0	0	0	-	-	0	0	done	running
unit/limits	0	0	0	0	0	-	-	1	0	done	running
unit/obuf-limits	0	0	0	0	0	-	-	1	0	done	running
unit/bitops	45	0	0	2	0	-	-	0	0	done	running
unit/bitfield	16	0	0	0	0	-	-	1	0	done	running
unit/geo	59	0	0	0	0	-	-	0	0	done	running
unit/memefficiency	0	0	0	0	0	-	-	2	0	done	running
unit/hyperloglog	20	0	0	0	0	-	-	0	0	done	running
unit/lazyfree	4	0	0	0	0	-	-	0	0	done	running
unit/wait	0	0	0	0	0	-	-	1	0	done	running
unit/pause	14	0	0	0	0	-	-	1	0	done	running
unit/querybuf	2	0	0	0	0	-	-	0	0	done	running
unit/pendingquerybuf	0	0	0	0	0	-	-	1	0	done	running
unit/tls	0	0	0	0	0	-	-	0	0	done	running
unit/tracking	54	0	0	0	0	-	-	0	0	done	running
unit/oom-score-adj	0	0	0	0	0	-	-	1	0	done	running
unit/shutdown	0	0	0	0	0	-	-	3	0	done	running
unit/networking	0	0	0	3	0	-	-	1	0	done	running
unit/cluster	0	0	0	0	0	-	-	1	0	done	running
unit/client-eviction	0	0	0	0	0	-	-	1	0	done	running
unit/violations	1	0	0	6	0	-	-	0	0	done	running
unit/replybufsize	1	0	0	0	0	-	-	0	0	done	running
unit/cluster-scripting	0	0	0	0	0	-	-	1	0	done	running
unit/cluster/misc	0	0	0	0	0	-	-	1	0	done	running
unit/cluster/links	0	0	0	0	0	-	-	1	0	done	running
