workload,round,configuration,wall_seconds,max_rss_bytes,accepted,rejected
snowghost/base::geometry,0,base,0.025789500,14630912,1,0
snowghost/base::geometry,0,off,0.024839250,14303232,1,0
snowghost/base::geometry,0,a,0.021095083,14434304,1,0
snowghost/base::geometry,0,b,0.019908500,14237696,1,0
snowghost/base::geometry,0,rows,0.022326083,14270464,1,0
snowghost/base::geometry,0,b_rows,0.020435750,14008320,1,0
snowghost/base::geometry,1,off,0.019610084,14319616,1,0
snowghost/base::geometry,1,a,0.024878417,14303232,1,0
snowghost/base::geometry,1,b,0.020622583,14385152,1,0
snowghost/base::geometry,1,rows,0.020902917,14614528,1,0
snowghost/base::geometry,1,b_rows,0.020680333,14336000,1,0
snowghost/base::geometry,1,base,0.022138042,14352384,1,0
snowghost/base::geometry,2,a,0.020065125,14434304,1,0
snowghost/base::geometry,2,b,0.019779959,14254080,1,0
snowghost/base::geometry,2,rows,0.020211000,14073856,1,0
snowghost/base::geometry,2,b_rows,0.019952000,14336000,1,0
snowghost/base::geometry,2,base,0.021350958,14417920,1,0
snowghost/base::geometry,2,off,0.021405334,14139392,1,0
snowghost/base::geometry,3,b,0.020575083,14123008,1,0
snowghost/base::geometry,3,rows,0.021392667,14385152,1,0
snowghost/base::geometry,3,b_rows,0.020987792,14139392,1,0
snowghost/base::geometry,3,base,0.021160667,14319616,1,0
snowghost/base::geometry,3,off,0.020221583,14319616,1,0
snowghost/base::geometry,3,a,0.020330958,14368768,1,0
snowghost/base::geometry,4,rows,0.020020084,14401536,1,0
snowghost/base::geometry,4,b_rows,0.023199083,14368768,1,0
snowghost/base::geometry,4,base,0.020668666,14188544,1,0
snowghost/base::geometry,4,off,0.021936959,14073856,1,0
snowghost/base::geometry,4,a,0.020068625,14106624,1,0
snowghost/base::geometry,4,b,0.019926708,14106624,1,0
snowghost/base::geometry,5,b_rows,0.020711958,14401536,1,0
snowghost/base::geometry,5,base,0.020716792,14368768,1,0
snowghost/base::geometry,5,off,0.019687334,14090240,1,0
snowghost/base::geometry,5,a,0.020888708,14336000,1,0
snowghost/base::geometry,5,b,0.020701667,14221312,1,0
snowghost/base::geometry,5,rows,0.021335292,14073856,1,0
snowghost/base::static_atoms,0,base,0.024767250,19382272,1,0
snowghost/base::static_atoms,0,off,0.024790333,18317312,1,0
snowghost/base::static_atoms,0,a,0.023835334,19267584,1,0
snowghost/base::static_atoms,0,b,0.024501667,19447808,1,0
snowghost/base::static_atoms,0,rows,0.023864542,17973248,1,0
snowghost/base::static_atoms,0,b_rows,0.023716417,18202624,1,0
snowghost/base::static_atoms,1,off,0.023932416,17956864,1,0
snowghost/base::static_atoms,1,a,0.023620667,18038784,1,0
snowghost/base::static_atoms,1,b,0.024099333,19546112,1,0
snowghost/base::static_atoms,1,rows,0.023739250,18202624,1,0
snowghost/base::static_atoms,1,b_rows,0.023955000,18153472,1,0
snowghost/base::static_atoms,1,base,0.024461917,18006016,1,0
snowghost/base::static_atoms,2,a,0.024099167,18022400,1,0
snowghost/base::static_atoms,2,b,0.023685042,19316736,1,0
snowghost/base::static_atoms,2,rows,0.027824750,19644416,1,0
snowghost/base::static_atoms,2,b_rows,0.024109375,18776064,1,0
snowghost/base::static_atoms,2,base,0.026371208,19693568,1,0
snowghost/base::static_atoms,2,off,0.025350042,18120704,1,0
snowghost/base::static_atoms,3,b,0.027062250,18563072,1,0
snowghost/base::static_atoms,3,rows,0.024781292,18284544,1,0
snowghost/base::static_atoms,3,b_rows,0.024189333,19660800,1,0
snowghost/base::static_atoms,3,base,0.029489583,19726336,1,0
snowghost/base::static_atoms,3,off,0.024475792,19169280,1,0
snowghost/base::static_atoms,3,a,0.024842000,18022400,1,0
snowghost/base::static_atoms,4,rows,0.023871958,17924096,1,0
snowghost/base::static_atoms,4,b_rows,0.025469459,19546112,1,0
snowghost/base::static_atoms,4,base,0.024532708,19693568,1,0
snowghost/base::static_atoms,4,off,0.024807542,17973248,1,0
snowghost/base::static_atoms,4,a,0.025855583,18628608,1,0
snowghost/base::static_atoms,4,b,0.024324375,18120704,1,0
snowghost/base::static_atoms,5,b_rows,0.026110750,19333120,1,0
snowghost/base::static_atoms,5,base,0.025388167,19382272,1,0
snowghost/base::static_atoms,5,off,0.024300584,17973248,1,0
snowghost/base::static_atoms,5,a,0.024609833,19169280,1,0
snowghost/base::static_atoms,5,b,0.025046709,18366464,1,0
snowghost/base::static_atoms,5,rows,0.023904709,18202624,1,0
snowghost/base::atom,0,base,0.066498083,31096832,1,0
snowghost/base::atom,0,off,0.066969625,31211520,1,0
snowghost/base::atom,0,a,0.067567417,29835264,1,0
snowghost/base::atom,0,b,0.064396750,29704192,1,0
snowghost/base::atom,0,rows,0.065229417,29147136,1,0
snowghost/base::atom,0,b_rows,0.063432417,29212672,1,0
snowghost/base::atom,1,off,0.066117125,29294592,1,0
snowghost/base::atom,1,a,0.065603500,30162944,1,0
snowghost/base::atom,1,b,0.066288375,28966912,1,0
snowghost/base::atom,1,rows,0.066856917,31080448,1,0
snowghost/base::atom,1,b_rows,0.063783458,31473664,1,0
snowghost/base::atom,1,base,0.065450125,29343744,1,0
snowghost/base::atom,2,a,0.066417541,29786112,1,0
snowghost/base::atom,2,b,0.064899833,30146560,1,0
snowghost/base::atom,2,rows,0.066320792,29540352,1,0
snowghost/base::atom,2,b_rows,0.065421750,30015488,1,0
snowghost/base::atom,2,base,0.073626416,30408704,1,0
snowghost/base::atom,2,off,0.065470125,29884416,1,0
snowghost/base::atom,3,b,0.063776041,29229056,1,0
snowghost/base::atom,3,rows,0.066058917,29343744,1,0
snowghost/base::atom,3,b_rows,0.065973959,29605888,1,0
snowghost/base::atom,3,base,0.064515500,29360128,1,0
snowghost/base::atom,3,off,0.067925250,28622848,1,0
snowghost/base::atom,3,a,0.068063750,31014912,1,0
snowghost/base::atom,4,rows,0.067322291,29491200,1,0
snowghost/base::atom,4,b_rows,0.065651708,29229056,1,0
snowghost/base::atom,4,base,0.065315666,29327360,1,0
snowghost/base::atom,4,off,0.065348292,29212672,1,0
snowghost/base::atom,4,a,0.067481875,29310976,1,0
snowghost/base::atom,4,b,0.065432417,29900800,1,0
snowghost/base::atom,5,b_rows,0.064042875,28753920,1,0
snowghost/base::atom,5,base,0.066534958,29491200,1,0
snowghost/base::atom,5,off,0.064533042,29278208,1,0
snowghost/base::atom,5,a,0.066513500,29327360,1,0
snowghost/base::atom,5,b,0.065627917,31211520,1,0
snowghost/base::atom,5,rows,0.065596875,29638656,1,0
snowghost/dom,0,base,0.075518459,30916608,1,0
snowghost/dom,0,off,0.079099125,31571968,1,0
snowghost/dom,0,a,0.079868666,29081600,1,0
snowghost/dom,0,b,0.076774541,29851648,1,0
snowghost/dom,0,rows,0.076751125,33406976,1,0
snowghost/dom,0,b_rows,0.077635541,28442624,1,0
snowghost/dom,1,off,0.075508458,30801920,1,0
snowghost/dom,1,a,0.076790792,30916608,1,0
snowghost/dom,1,b,0.077000166,30720000,1,0
snowghost/dom,1,rows,0.077612625,33390592,1,0
snowghost/dom,1,b_rows,0.076355583,31014912,1,0
snowghost/dom,1,base,0.075696542,31555584,1,0
snowghost/dom,2,a,0.077775334,28704768,1,0
snowghost/dom,2,b,0.076405833,33505280,1,0
snowghost/dom,2,rows,0.079053708,31817728,1,0
snowghost/dom,2,b_rows,0.079011833,30146560,1,0
snowghost/dom,2,base,0.077525000,30932992,1,0
snowghost/dom,2,off,0.077015458,30736384,1,0
snowghost/dom,3,b,0.078056417,31621120,1,0
snowghost/dom,3,rows,0.078477709,31342592,1,0
snowghost/dom,3,b_rows,0.077048000,31768576,1,0
snowghost/dom,3,base,0.075755083,31440896,1,0
snowghost/dom,3,off,0.077629250,31178752,1,0
snowghost/dom,3,a,0.079404458,31358976,1,0
snowghost/dom,4,rows,0.078144333,30081024,1,0
snowghost/dom,4,b_rows,0.076940417,30949376,1,0
snowghost/dom,4,base,0.076108958,30965760,1,0
snowghost/dom,4,off,0.076800208,32178176,1,0
snowghost/dom,4,a,0.078900500,30654464,1,0
snowghost/dom,4,b,0.076081542,31735808,1,0
snowghost/dom,5,b_rows,0.077981208,30605312,1,0
snowghost/dom,5,base,0.077720333,33980416,1,0
snowghost/dom,5,off,0.079572334,31326208,1,0
snowghost/dom,5,a,0.078700750,29540352,1,0
snowghost/dom,5,b,0.076628500,32161792,1,0
snowghost/dom,5,rows,0.077794625,34291712,1,0
snowghost/text::line_break,0,base,0.155017916,87867392,1,0
snowghost/text::line_break,0,off,0.157629042,85934080,1,0
snowghost/text::line_break,0,a,0.166590500,90800128,1,0
snowghost/text::line_break,0,b,0.154221750,87556096,1,0
snowghost/text::line_break,0,rows,0.157337292,88440832,1,0
snowghost/text::line_break,0,b_rows,0.152786500,87523328,1,0
snowghost/text::line_break,1,off,0.153531875,85803008,1,0
snowghost/text::line_break,1,a,0.163011750,89833472,1,0
snowghost/text::line_break,1,b,0.158153917,86556672,1,0
snowghost/text::line_break,1,rows,0.157260500,88604672,1,0
snowghost/text::line_break,1,b_rows,0.175689917,87539712,1,0
snowghost/text::line_break,1,base,0.158306667,88195072,1,0
snowghost/text::line_break,2,a,0.162692417,91242496,1,0
snowghost/text::line_break,2,b,0.153610250,84197376,1,0
snowghost/text::line_break,2,rows,0.254649084,87113728,1,0
snowghost/text::line_break,2,b_rows,0.157358417,86622208,1,0
snowghost/text::line_break,2,base,0.156133250,86638592,1,0
snowghost/text::line_break,2,off,0.155855000,90570752,1,0
snowghost/text::line_break,3,b,0.154747125,85917696,1,0
snowghost/text::line_break,3,rows,0.154816375,89997312,1,0
snowghost/text::line_break,3,b_rows,0.157028417,86949888,1,0
snowghost/text::line_break,3,base,0.153330292,85753856,1,0
snowghost/text::line_break,3,off,0.153039875,87146496,1,0
snowghost/text::line_break,3,a,0.161627250,88080384,1,0
snowghost/text::line_break,4,rows,0.151847041,86048768,1,0
snowghost/text::line_break,4,b_rows,0.155000583,87703552,1,0
snowghost/text::line_break,4,base,0.152903167,88506368,1,0
snowghost/text::line_break,4,off,0.158534458,88850432,1,0
snowghost/text::line_break,4,a,0.161346625,89767936,1,0
snowghost/text::line_break,4,b,0.156102917,88096768,1,0
snowghost/text::line_break,5,b_rows,0.152069333,89767936,1,0
snowghost/text::line_break,5,base,0.153078042,88031232,1,0
snowghost/text::line_break,5,off,0.153613750,86589440,1,0
snowghost/text::line_break,5,a,0.169918875,88670208,1,0
snowghost/text::line_break,5,b,0.166465917,87048192,1,0
snowghost/text::line_break,5,rows,0.157604541,88702976,1,0
snowghost/css::syntax,0,base,0.195249542,91078656,1,0
snowghost/css::syntax,0,off,0.195643750,92471296,1,0
snowghost/css::syntax,0,a,0.206803125,88260608,1,0
snowghost/css::syntax,0,b,0.193499333,88375296,1,0
snowghost/css::syntax,0,rows,0.194363500,87359488,1,0
snowghost/css::syntax,0,b_rows,0.191926541,91160576,1,0
snowghost/css::syntax,1,off,0.191055042,89767936,1,0
snowghost/css::syntax,1,a,0.207808167,89227264,1,0
snowghost/css::syntax,1,b,0.199338916,89784320,1,0
snowghost/css::syntax,1,rows,0.194974708,89096192,1,0
snowghost/css::syntax,1,b_rows,0.186860375,85360640,1,0
snowghost/css::syntax,1,base,0.192080083,86294528,1,0
snowghost/css::syntax,2,a,0.202172708,87916544,1,0
snowghost/css::syntax,2,b,0.191353917,88408064,1,0
snowghost/css::syntax,2,rows,0.194035417,90718208,1,0
snowghost/css::syntax,2,b_rows,0.192338125,90570752,1,0
snowghost/css::syntax,2,base,0.188882625,92045312,1,0
snowghost/css::syntax,2,off,0.194777375,89227264,1,0
snowghost/css::syntax,3,b,0.192951542,87408640,1,0
snowghost/css::syntax,3,rows,0.188906541,85835776,1,0
snowghost/css::syntax,3,b_rows,0.191452125,87490560,1,0
snowghost/css::syntax,3,base,0.188741166,86605824,1,0
snowghost/css::syntax,3,off,0.193407125,89260032,1,0
snowghost/css::syntax,3,a,0.203335208,87179264,1,0
snowghost/css::syntax,4,rows,0.186970041,87015424,1,0
snowghost/css::syntax,4,b_rows,0.193563292,88457216,1,0
snowghost/css::syntax,4,base,0.189992792,87506944,1,0
snowghost/css::syntax,4,off,0.185712250,85475328,1,0
snowghost/css::syntax,4,a,0.202569625,90849280,1,0
snowghost/css::syntax,4,b,0.191631416,90324992,1,0
snowghost/css::syntax,5,b_rows,0.190851584,89915392,1,0
snowghost/css::syntax,5,base,0.190440584,92127232,1,0
snowghost/css::syntax,5,off,0.185299375,85131264,1,0
snowghost/css::syntax,5,a,0.202244583,90341376,1,0
snowghost/css::syntax,5,b,0.189242917,87965696,1,0
snowghost/css::syntax,5,rows,0.191428792,89669632,1,0
snowghost/css::rules,0,base,0.071803125,33439744,1,0
snowghost/css::rules,0,off,0.072646708,33832960,1,0
snowghost/css::rules,0,a,0.073821333,31391744,1,0
snowghost/css::rules,0,b,0.071398125,33177600,1,0
snowghost/css::rules,0,rows,0.071520542,33013760,1,0
snowghost/css::rules,0,b_rows,0.070158042,31375360,1,0
snowghost/css::rules,1,off,0.072719417,33685504,1,0
snowghost/css::rules,1,a,0.075397833,32456704,1,0
snowghost/css::rules,1,b,0.070640584,34160640,1,0
snowghost/css::rules,1,rows,0.073985750,30294016,1,0
snowghost/css::rules,1,b_rows,0.070434292,31080448,1,0
snowghost/css::rules,1,base,0.071724167,31440896,1,0
snowghost/css::rules,2,a,0.155438625,33947648,1,0
snowghost/css::rules,2,b,0.074775458,32997376,1,0
snowghost/css::rules,2,rows,0.073078417,34783232,1,0
snowghost/css::rules,2,b_rows,0.073043959,33980416,1,0
snowghost/css::rules,2,base,0.069817667,33013760,1,0
snowghost/css::rules,2,off,0.072039417,32555008,1,0
snowghost/css::rules,3,b,0.069675709,31326208,1,0
snowghost/css::rules,3,rows,0.070389041,33521664,1,0
snowghost/css::rules,3,b_rows,0.074413291,32456704,1,0
snowghost/css::rules,3,base,0.072679250,33030144,1,0
snowghost/css::rules,3,off,0.076820209,32538624,1,0
snowghost/css::rules,3,a,0.074308792,32669696,1,0
snowghost/css::rules,4,rows,0.073707167,31047680,1,0
snowghost/css::rules,4,b_rows,0.070834500,32423936,1,0
snowghost/css::rules,4,base,0.070188375,35274752,1,0
snowghost/css::rules,4,off,0.074130042,32325632,1,0
snowghost/css::rules,4,a,0.071181208,32309248,1,0
snowghost/css::rules,4,b,0.070561917,30785536,1,0
snowghost/css::rules,5,b_rows,0.073214041,32620544,1,0
snowghost/css::rules,5,base,0.073155416,33341440,1,0
snowghost/css::rules,5,off,0.073853167,31178752,1,0
snowghost/css::rules,5,a,0.076595708,30752768,1,0
snowghost/css::rules,5,b,0.072985791,32260096,1,0
snowghost/css::rules,5,rows,0.079843041,31637504,1,0
snowghost/css::selectors,0,base,0.682933584,186105856,1,0
snowghost/css::selectors,0,off,0.676973750,187072512,1,0
snowghost/css::selectors,0,a,0.684147458,190300160,1,0
snowghost/css::selectors,0,b,0.682187541,188252160,1,0
snowghost/css::selectors,0,rows,0.713208208,184844288,1,0
snowghost/css::selectors,0,b_rows,0.674960250,183549952,1,0
snowghost/css::selectors,1,off,0.674359916,187531264,1,0
snowghost/css::selectors,1,a,0.683299459,187662336,1,0
snowghost/css::selectors,1,b,0.678657625,183812096,1,0
snowghost/css::selectors,1,rows,0.675524042,180961280,1,0
snowghost/css::selectors,1,b_rows,0.676909916,188809216,1,0
snowghost/css::selectors,1,base,0.674945709,181731328,1,0
snowghost/css::selectors,2,a,0.678792166,186810368,1,0
snowghost/css::selectors,2,b,0.674630250,187367424,1,0
snowghost/css::selectors,2,rows,0.677240375,192102400,1,0
snowghost/css::selectors,2,b_rows,0.678842875,183713792,1,0
snowghost/css::selectors,2,base,0.683092708,187777024,1,0
snowghost/css::selectors,2,off,0.687502042,188006400,1,0
snowghost/css::selectors,3,b,0.675006292,182255616,1,0
snowghost/css::selectors,3,rows,0.667594167,188514304,1,0
snowghost/css::selectors,3,b_rows,0.672461333,184008704,1,0
snowghost/css::selectors,3,base,0.681926334,180846592,1,0
snowghost/css::selectors,3,off,0.671786292,183975936,1,0
snowghost/css::selectors,3,a,0.698097209,183222272,1,0
snowghost/css::selectors,4,rows,0.681911125,191315968,1,0
snowghost/css::selectors,4,b_rows,0.675070291,186597376,1,0
snowghost/css::selectors,4,base,0.672620375,185483264,1,0
snowghost/css::selectors,4,off,0.681678542,193150976,1,0
snowghost/css::selectors,4,a,0.677512209,182960128,1,0
snowghost/css::selectors,4,b,0.677191958,187318272,1,0
snowghost/css::selectors,5,b_rows,0.674843958,185303040,1,0
snowghost/css::selectors,5,base,0.681856125,188563456,1,0
snowghost/css::selectors,5,off,0.671389584,187449344,1,0
snowghost/css::selectors,5,a,0.681900458,183238656,1,0
snowghost/css::selectors,5,b,0.687106541,188547072,1,0
snowghost/css::selectors,5,rows,0.681927833,184303616,1,0
snowghost/image::png,0,base,0.508540333,131760128,1,0
snowghost/image::png,0,off,0.489525208,128827392,1,0
snowghost/image::png,0,a,0.504438958,133775360,1,0
snowghost/image::png,0,b,0.477598250,121946112,1,0
snowghost/image::png,0,rows,0.500346958,131170304,1,0
snowghost/image::png,0,b_rows,0.480184417,124043264,1,0
snowghost/image::png,1,off,0.491612917,129433600,1,0
snowghost/image::png,1,a,0.500610750,129630208,1,0
snowghost/image::png,1,b,0.470969250,123944960,1,0
snowghost/image::png,1,rows,0.489643833,130367488,1,0
snowghost/image::png,1,b_rows,0.483999708,122290176,1,0
snowghost/image::png,1,base,0.488710500,128532480,1,0
snowghost/image::png,2,a,0.496961167,132169728,1,0
snowghost/image::png,2,b,0.474538333,118636544,1,0
snowghost/image::png,2,rows,0.489600458,133414912,1,0
snowghost/image::png,2,b_rows,0.474087166,122388480,1,0
snowghost/image::png,2,base,0.558726125,130777088,1,0
snowghost/image::png,2,off,0.487236875,130039808,1,0
snowghost/image::png,3,b,0.474648000,123338752,1,0
snowghost/image::png,3,rows,0.484769292,131514368,1,0
snowghost/image::png,3,b_rows,0.471192708,120700928,1,0
snowghost/image::png,3,base,0.490022083,129515520,1,0
snowghost/image::png,3,off,0.486001666,131268608,1,0
snowghost/image::png,3,a,0.499229792,132726784,1,0
snowghost/image::png,4,rows,0.486750750,130416640,1,0
snowghost/image::png,4,b_rows,0.478766125,122716160,1,0
snowghost/image::png,4,base,0.489489916,137166848,1,0
snowghost/image::png,4,off,0.484729000,128385024,1,0
snowghost/image::png,4,a,0.498227875,130662400,1,0
snowghost/image::png,4,b,0.468964625,119799808,1,0
snowghost/image::png,5,b_rows,0.469324875,122339328,1,0
snowghost/image::png,5,base,0.488765417,131235840,1,0
snowghost/image::png,5,off,0.484934834,129843200,1,0
snowghost/image::png,5,a,0.497472750,131579904,1,0
snowghost/image::png,5,b,0.472599458,121569280,1,0
snowghost/image::png,5,rows,0.501806542,131104768,1,0
snowghost/html::tokenizer,0,base,0.484834416,274251776,1,0
snowghost/html::tokenizer,0,off,0.483497250,277430272,1,0
snowghost/html::tokenizer,0,a,0.496448917,275054592,1,0
snowghost/html::tokenizer,0,b,0.484823916,273383424,1,0
snowghost/html::tokenizer,0,rows,0.478100000,272678912,1,0
snowghost/html::tokenizer,0,b_rows,0.490611709,274366464,1,0
snowghost/html::tokenizer,1,off,0.483775084,272957440,1,0
snowghost/html::tokenizer,1,a,0.495597500,277053440,1,0
snowghost/html::tokenizer,1,b,0.501085417,274808832,1,0
snowghost/html::tokenizer,1,rows,0.511181541,271024128,1,0
snowghost/html::tokenizer,1,b_rows,0.493712292,273154048,1,0
snowghost/html::tokenizer,1,base,0.492654834,275791872,1,0
snowghost/html::tokenizer,2,a,0.501703416,276660224,1,0
snowghost/html::tokenizer,2,b,0.486465375,276267008,1,0
snowghost/html::tokenizer,2,rows,0.490541542,274530304,1,0
snowghost/html::tokenizer,2,b_rows,0.479949375,278102016,1,0
snowghost/html::tokenizer,2,base,0.479026542,274448384,1,0
snowghost/html::tokenizer,2,off,0.491914291,271302656,1,0
snowghost/html::tokenizer,3,b,0.484574167,275218432,1,0
snowghost/html::tokenizer,3,rows,0.482354541,278052864,1,0
snowghost/html::tokenizer,3,b_rows,0.486112125,272203776,1,0
snowghost/html::tokenizer,3,base,0.483852000,278495232,1,0
snowghost/html::tokenizer,3,off,0.482800875,273022976,1,0
snowghost/html::tokenizer,3,a,0.490988458,274612224,1,0
snowghost/html::tokenizer,4,rows,0.478089125,275890176,1,0
snowghost/html::tokenizer,4,b_rows,0.488468250,273661952,1,0
snowghost/html::tokenizer,4,base,0.487389375,275202048,1,0
snowghost/html::tokenizer,4,off,0.499537125,273383424,1,0
snowghost/html::tokenizer,4,a,0.496250833,274612224,1,0
snowghost/html::tokenizer,4,b,0.484134125,272777216,1,0
snowghost/html::tokenizer,5,b_rows,0.480839292,271663104,1,0
snowghost/html::tokenizer,5,base,0.484955292,275644416,1,0
snowghost/html::tokenizer,5,off,0.477159333,274677760,1,0
snowghost/html::tokenizer,5,a,0.495883917,277463040,1,0
snowghost/html::tokenizer,5,b,0.488439959,275775488,1,0
snowghost/html::tokenizer,5,rows,0.488637083,275218432,1,0
snowghost/html::tree_builder,0,base,21.291910834,2586574848,1,0
snowghost/html::tree_builder,0,off,20.919388042,2992701440,1,0
snowghost/html::tree_builder,0,a,20.644388625,2807300096,1,0
snowghost/html::tree_builder,0,b,20.898699500,2733621248,1,0
snowghost/html::tree_builder,0,rows,20.891270125,2808791040,1,0
snowghost/html::tree_builder,0,b_rows,21.264079708,3113107456,1,0
snowghost/html::tree_builder,1,off,20.927076000,2677063680,1,0
snowghost/html::tree_builder,1,a,21.014068500,2747613184,1,0
snowghost/html::tree_builder,1,b,20.960439375,2988507136,1,0
snowghost/html::tree_builder,1,rows,20.892648166,2743582720,1,0
snowghost/html::tree_builder,1,b_rows,21.036060750,2678374400,1,0
snowghost/html::tree_builder,1,base,21.114731791,2660237312,1,0
snowghost/html::tree_builder,2,a,21.014320500,2559557632,1,0
snowghost/html::tree_builder,2,b,21.373479708,2658402304,1,0
snowghost/html::tree_builder,2,rows,21.174239708,2746826752,1,0
snowghost/html::tree_builder,2,b_rows,21.090602083,2748465152,1,0
snowghost/html::tree_builder,2,base,21.225596833,2655272960,1,0
snowghost/html::tree_builder,2,off,20.658786959,2747121664,1,0
snowghost/html::tree_builder,3,b,20.190735083,2766159872,1,0
snowghost/html::tree_builder,3,rows,20.304259708,2656190464,1,0
snowghost/html::tree_builder,3,b_rows,19.998246041,2988949504,1,0
snowghost/html::tree_builder,3,base,19.680485500,2679357440,1,0
snowghost/html::tree_builder,3,off,20.029189333,2676359168,1,0
snowghost/html::tree_builder,3,a,20.066418667,2671312896,1,0
snowghost/html::tree_builder,4,rows,19.873827500,2675818496,1,0
snowghost/html::tree_builder,4,b_rows,19.856687292,2672902144,1,0
snowghost/html::tree_builder,4,base,20.102671375,2661351424,1,0
snowghost/html::tree_builder,4,off,20.015700167,2675408896,1,0
snowghost/html::tree_builder,4,a,20.017888958,2988408832,1,0
snowghost/html::tree_builder,4,b,19.721441875,2678079488,1,0
snowghost/html::tree_builder,5,b_rows,19.794625416,2803073024,1,0
snowghost/html::tree_builder,5,base,19.494299042,2685419520,1,0
snowghost/html::tree_builder,5,off,20.039853667,2792390656,1,0
snowghost/html::tree_builder,5,a,19.842491250,3111567360,1,0
snowghost/html::tree_builder,5,b,19.854320583,2804285440,1,0
snowghost/html::tree_builder,5,rows,20.042175916,2799632384,1,0
snowghost/proto::style,0,base,1.334102500,345194496,1,0
snowghost/proto::style,0,off,1.325491459,347602944,1,0
snowghost/proto::style,0,a,1.366106708,350879744,1,0
snowghost/proto::style,0,b,1.300909625,345391104,1,0
snowghost/proto::style,0,rows,1.301734584,348209152,1,0
snowghost/proto::style,0,b_rows,1.304812541,345882624,1,0
snowghost/proto::style,1,off,1.307337000,346472448,1,0
snowghost/proto::style,1,a,1.371688292,347258880,1,0
snowghost/proto::style,1,b,1.296941500,347586560,1,0
snowghost/proto::style,1,rows,1.292821042,343867392,1,0
snowghost/proto::style,1,b_rows,1.287933209,345374720,1,0
snowghost/proto::style,1,base,1.305949125,347160576,1,0
snowghost/proto::style,2,a,1.373002375,349765632,1,0
snowghost/proto::style,2,b,1.290373250,346308608,1,0
snowghost/proto::style,2,rows,1.299960084,347209728,1,0
snowghost/proto::style,2,b_rows,1.290790417,345866240,1,0
snowghost/proto::style,2,base,1.303379750,349192192,1,0
snowghost/proto::style,2,off,1.300591542,344244224,1,0
snowghost/proto::style,3,b,1.299702542,344981504,1,0
snowghost/proto::style,3,rows,1.296441167,346259456,1,0
snowghost/proto::style,3,b_rows,1.304605625,347209728,1,0
snowghost/proto::style,3,base,1.297771209,349192192,1,0
snowghost/proto::style,3,off,1.301987667,347308032,1,0
snowghost/proto::style,3,a,1.365110083,348782592,1,0
snowghost/proto::style,4,rows,1.325459625,349224960,1,0
snowghost/proto::style,4,b_rows,1.294909292,342736896,1,0
snowghost/proto::style,4,base,1.302548334,344113152,1,0
snowghost/proto::style,4,off,1.297265500,345128960,1,0
snowghost/proto::style,4,a,1.380379500,350404608,1,0
snowghost/proto::style,4,b,1.290833584,349061120,1,0
snowghost/proto::style,5,b_rows,1.297548958,344129536,1,0
snowghost/proto::style,5,base,1.299203584,344915968,1,0
snowghost/proto::style,5,off,1.308299125,347389952,1,0
snowghost/proto::style,5,a,1.371884875,348979200,1,0
snowghost/proto::style,5,b,1.289610875,347324416,1,0
snowghost/proto::style,5,rows,1.298952917,344473600,1,0
snowghost/text::normalization,0,base,0.139633208,84082688,1,0
snowghost/text::normalization,0,off,0.128167292,85950464,1,0
snowghost/text::normalization,0,a,0.130512375,86147072,1,0
snowghost/text::normalization,0,b,0.130489208,84049920,1,0
snowghost/text::normalization,0,rows,0.126795291,84312064,1,0
snowghost/text::normalization,0,b_rows,0.129655166,84934656,1,0
snowghost/text::normalization,1,off,0.127596166,83214336,1,0
snowghost/text::normalization,1,a,0.130840500,84197376,1,0
snowghost/text::normalization,1,b,0.125412542,82739200,1,0
snowghost/text::normalization,1,rows,0.126285292,86228992,1,0
snowghost/text::normalization,1,b_rows,0.130382458,85098496,1,0
snowghost/text::normalization,1,base,0.129099125,86310912,1,0
snowghost/text::normalization,2,a,0.129188500,84770816,1,0
snowghost/text::normalization,2,b,0.127114459,82853888,1,0
snowghost/text::normalization,2,rows,0.128082334,86278144,1,0
snowghost/text::normalization,2,b_rows,0.128124875,87572480,1,0
snowghost/text::normalization,2,base,0.125661666,83705856,1,0
snowghost/text::normalization,2,off,0.131628917,85770240,1,0
snowghost/text::normalization,3,b,0.127543167,87490560,1,0
snowghost/text::normalization,3,rows,0.125424708,82755584,1,0
snowghost/text::normalization,3,b_rows,0.130583417,85262336,1,0
snowghost/text::normalization,3,base,0.126985417,84082688,1,0
snowghost/text::normalization,3,off,0.126302833,86491136,1,0
snowghost/text::normalization,3,a,0.127611209,83132416,1,0
snowghost/text::normalization,4,rows,0.127147833,85426176,1,0
snowghost/text::normalization,4,b_rows,0.129915417,83197952,1,0
snowghost/text::normalization,4,base,0.127719708,83623936,1,0
snowghost/text::normalization,4,off,0.126458375,84033536,1,0
snowghost/text::normalization,4,a,0.128513000,84262912,1,0
snowghost/text::normalization,4,b,0.125029584,82771968,1,0
snowghost/text::normalization,5,b_rows,0.129893666,84787200,1,0
snowghost/text::normalization,5,base,0.127623167,89374720,1,0
snowghost/text::normalization,5,off,0.126623458,86507520,1,0
snowghost/text::normalization,5,a,0.131651917,85704704,1,0
snowghost/text::normalization,5,b,0.129321250,85884928,1,0
snowghost/text::normalization,5,rows,0.128822208,85344256,1,0
snowghost/text::idna,0,base,0.399477417,207863808,1,0
snowghost/text::idna,0,off,0.405878042,209403904,1,0
snowghost/text::idna,0,a,0.403360542,206553088,1,0
snowghost/text::idna,0,b,0.396129125,203931648,1,0
snowghost/text::idna,0,rows,0.399193958,207798272,1,0
snowghost/text::idna,0,b_rows,0.398942667,207765504,1,0
snowghost/text::idna,1,off,0.402899750,209321984,1,0
snowghost/text::idna,1,a,0.400076541,219529216,1,0
snowghost/text::idna,1,b,0.398254000,211369984,1,0
snowghost/text::idna,1,rows,0.402201042,207011840,1,0
snowghost/text::idna,1,b_rows,0.395204833,214040576,1,0
snowghost/text::idna,1,base,0.403745334,206405632,1,0
snowghost/text::idna,2,a,0.399131500,216350720,1,0
snowghost/text::idna,2,b,0.394575250,215138304,1,0
snowghost/text::idna,2,rows,0.399221917,205946880,1,0
snowghost/text::idna,2,b_rows,0.394513458,213991424,1,0
snowghost/text::idna,2,base,0.404301042,211582976,1,0
snowghost/text::idna,2,off,0.392492958,212828160,1,0
snowghost/text::idna,3,b,0.394645833,213778432,1,0
snowghost/text::idna,3,rows,0.398151166,204767232,1,0
snowghost/text::idna,3,b_rows,0.395207083,203882496,1,0
snowghost/text::idna,3,base,0.394161834,214155264,1,0
snowghost/text::idna,3,off,0.398530250,207110144,1,0
snowghost/text::idna,3,a,0.398224000,214253568,1,0
snowghost/text::idna,4,rows,0.400033541,214630400,1,0
snowghost/text::idna,4,b_rows,0.414036000,212582400,1,0
snowghost/text::idna,4,base,0.407566083,208863232,1,0
snowghost/text::idna,4,off,0.396985125,205438976,1,0
snowghost/text::idna,4,a,0.400195792,209092608,1,0
snowghost/text::idna,4,b,0.399550250,207273984,1,0
snowghost/text::idna,5,b_rows,0.396715417,206716928,1,0
snowghost/text::idna,5,base,0.409074041,212205568,1,0
snowghost/text::idna,5,off,0.397004084,209534976,1,0
snowghost/text::idna,5,a,0.410841667,211861504,1,0
snowghost/text::idna,5,b,0.406989917,207618048,1,0
snowghost/text::idna,5,rows,0.395828583,203931648,1,0
snowghost/url,0,base,0.445358500,178094080,1,0
snowghost/url,0,off,0.439103125,174964736,1,0
snowghost/url,0,a,0.462718959,178847744,1,0
snowghost/url,0,b,0.436569625,174751744,1,0
snowghost/url,0,rows,0.437570042,179929088,1,0
snowghost/url,0,b_rows,0.435382167,179159040,1,0
snowghost/url,1,off,0.442836709,178061312,1,0
snowghost/url,1,a,0.463726917,181616640,1,0
snowghost/url,1,b,0.439242250,175554560,1,0
snowghost/url,1,rows,0.445429917,175603712,1,0
snowghost/url,1,b_rows,0.435794083,173359104,1,0
snowghost/url,1,base,0.436653000,179568640,1,0
snowghost/url,2,a,0.455150208,177324032,1,0
snowghost/url,2,b,0.442716125,177897472,1,0
snowghost/url,2,rows,0.450007125,179896320,1,0
snowghost/url,2,b_rows,0.440429917,174178304,1,0
snowghost/url,2,base,0.441161333,179027968,1,0
snowghost/url,2,off,0.438334000,180912128,1,0
snowghost/url,3,b,0.440643208,177995776,1,0
snowghost/url,3,rows,0.436450917,175194112,1,0
snowghost/url,3,b_rows,0.444853708,180387840,1,0
snowghost/url,3,base,0.439677042,178470912,1,0
snowghost/url,3,off,0.441285417,174456832,1,0
snowghost/url,3,a,0.455408291,178454528,1,0
snowghost/url,4,rows,0.443200000,176865280,1,0
snowghost/url,4,b_rows,0.438558792,178257920,1,0
snowghost/url,4,base,0.433425625,174391296,1,0
snowghost/url,4,off,0.440086583,175636480,1,0
snowghost/url,4,a,0.457422541,176635904,1,0
snowghost/url,4,b,0.443770000,176504832,1,0
snowghost/url,5,b_rows,0.434009958,175636480,1,0
snowghost/url,5,base,0.434111917,172310528,1,0
snowghost/url,5,off,0.441816625,178880512,1,0
snowghost/url,5,a,0.453366584,176750592,1,0
snowghost/url,5,b,0.447602333,174309376,1,0
snowghost/url,5,rows,0.440551792,179863552,1,0
snowghost/font,0,base,18.952795000,1546010624,1,0
snowghost/font,0,off,18.841387083,1546797056,1,0
snowghost/font,0,a,18.936075875,1555021824,1,0
snowghost/font,0,b,18.943125500,1539407872,1,0
snowghost/font,0,rows,18.891087709,1542520832,1,0
snowghost/font,0,b_rows,18.937337750,1547452416,1,0
snowghost/font,1,off,18.902547292,1546321920,1,0
snowghost/font,1,a,18.878621291,1550188544,1,0
snowghost/font,1,b,18.896675583,1547468800,1,0
snowghost/font,1,rows,18.927558500,1544503296,1,0
snowghost/font,1,b_rows,19.021626375,1543798784,1,0
snowghost/font,1,base,18.904440000,1544552448,1,0
snowghost/font,2,a,18.904101084,1557053440,1,0
snowghost/font,2,b,18.868795542,1543241728,1,0
snowghost/font,2,rows,19.000363958,1543864320,1,0
snowghost/font,2,b_rows,18.897858625,1546010624,1,0
snowghost/font,2,base,18.964722042,1550663680,1,0
snowghost/font,2,off,19.113690084,1547124736,1,0
snowghost/font,3,b,18.869548709,1544716288,1,0
snowghost/font,3,rows,18.919719750,1544142848,1,0
snowghost/font,3,b_rows,18.927649125,1549910016,1,0
snowghost/font,3,base,18.867204042,1548320768,1,0
snowghost/font,3,off,18.880442458,1555333120,1,0
snowghost/font,3,a,18.849726250,1551826944,1,0
snowghost/font,4,rows,18.872563917,1545273344,1,0
snowghost/font,4,b_rows,18.941552167,1546616832,1,0
snowghost/font,4,base,18.970427542,1544716288,1,0
snowghost/font,4,off,18.867396958,1543962624,1,0
snowghost/font,4,a,18.916619625,1553448960,1,0
snowghost/font,4,b,18.871474708,1542471680,1,0
snowghost/font,5,b_rows,18.855614416,1548255232,1,0
snowghost/font,5,base,18.849508125,1541275648,1,0
snowghost/font,5,off,18.852710208,1547812864,1,0
snowghost/font,5,a,18.909225208,1552269312,1,0
snowghost/font,5,b,18.712385750,1546747904,1,0
snowghost/font,5,rows,18.774739208,1541554176,1,0
chain/4,0,base,0.009850583,9764864,1,0
chain/4,0,off,0.009658917,9830400,1,0
chain/4,0,a,0.009155958,9912320,1,0
chain/4,0,ap,0.009757500,9895936,1,0
chain/4,0,b,0.009321584,9912320,1,0
chain/4,0,rows,0.009023625,9912320,1,0
chain/4,0,b_rows,0.008889542,9879552,1,0
chain/4,1,off,0.009006959,9814016,1,0
chain/4,1,a,0.009706292,9977856,1,0
chain/4,1,ap,0.010975208,9928704,1,0
chain/4,1,b,0.008966459,9781248,1,0
chain/4,1,rows,0.009346459,9895936,1,0
chain/4,1,b_rows,0.009022166,9912320,1,0
chain/4,1,base,0.009412417,9830400,1,0
chain/4,2,a,0.009150583,9863168,1,0
chain/4,2,ap,0.009875667,9994240,1,0
chain/4,2,b,0.008798209,9814016,1,0
chain/4,2,rows,0.008856250,9945088,1,0
chain/4,2,b_rows,0.009043833,9879552,1,0
chain/4,2,base,0.009412333,9781248,1,0
chain/4,2,off,0.008990083,9830400,1,0
chain/4,3,ap,0.009766417,9961472,1,0
chain/4,3,b,0.009033792,9814016,1,0
chain/4,3,rows,0.008883834,9814016,1,0
chain/4,3,b_rows,0.008790334,9928704,1,0
chain/4,3,base,0.009138709,9830400,1,0
chain/4,3,off,0.009638542,9912320,1,0
chain/4,3,a,0.008916333,9961472,1,0
chain/4,4,b,0.008805916,9912320,1,0
chain/4,4,rows,0.009491833,9879552,1,0
chain/4,4,b_rows,0.009535208,9928704,1,0
chain/4,4,base,0.009235000,9846784,1,0
chain/4,4,off,0.009098458,9895936,1,0
chain/4,4,a,0.008904292,9863168,1,0
chain/4,4,ap,0.009788583,10010624,1,0
chain/4,5,rows,0.009221750,9895936,1,0
chain/4,5,b_rows,0.008961875,9912320,1,0
chain/4,5,base,0.009168250,9781248,1,0
chain/4,5,off,0.009042916,9928704,1,0
chain/4,5,a,0.009004667,9846784,1,0
chain/4,5,ap,0.009749792,9945088,1,0
chain/4,5,b,0.009853792,9879552,1,0
chain/8,0,base,0.012364500,11403264,1,0
chain/8,0,off,0.011479375,11681792,1,0
chain/8,0,a,0.011049958,11796480,1,0
chain/8,0,ap,0.021647750,11878400,1,0
chain/8,0,b,0.010722709,11616256,1,0
chain/8,0,rows,0.010640125,11616256,1,0
chain/8,0,b_rows,0.010903292,11616256,1,0
chain/8,1,off,0.010672125,11550720,1,0
chain/8,1,a,0.010956916,11796480,1,0
chain/8,1,ap,0.022910209,11878400,1,0
chain/8,1,b,0.011218708,11649024,1,0
chain/8,1,rows,0.011324166,11698176,1,0
chain/8,1,b_rows,0.011100042,11599872,1,0
chain/8,1,base,0.010962917,11403264,1,0
chain/8,2,a,0.012332291,11878400,1,0
chain/8,2,ap,0.023207667,11616256,1,0
chain/8,2,b,0.011579541,11649024,1,0
chain/8,2,rows,0.011895667,11730944,1,0
chain/8,2,b_rows,0.010791541,11616256,1,0
chain/8,2,base,0.010794334,11386880,1,0
chain/8,2,off,0.010915125,11583488,1,0
chain/8,3,ap,0.023859208,11698176,1,0
chain/8,3,b,0.011307250,11616256,1,0
chain/8,3,rows,0.011507833,11665408,1,0
chain/8,3,b_rows,0.010747958,11649024,1,0
chain/8,3,base,0.011818417,11567104,1,0
chain/8,3,off,0.011051500,11665408,1,0
chain/8,3,a,0.011140666,11714560,1,0
chain/8,4,b,0.010604083,11632640,1,0
chain/8,4,rows,0.010707000,11665408,1,0
chain/8,4,b_rows,0.010756000,11714560,1,0
chain/8,4,base,0.010899416,11403264,1,0
chain/8,4,off,0.010936958,11665408,1,0
chain/8,4,a,0.011301500,11763712,1,0
chain/8,4,ap,0.021897792,12009472,1,0
chain/8,5,rows,0.010937500,11632640,1,0
chain/8,5,b_rows,0.010700250,11730944,1,0
chain/8,5,base,0.011018584,11583488,1,0
chain/8,5,off,0.010974292,11714560,1,0
chain/8,5,a,0.011006292,11812864,1,0
chain/8,5,ap,0.021597000,11927552,1,0
chain/8,5,b,0.010924542,11583488,1,0
chain/16,0,base,0.017739792,18972672,1,0
chain/16,0,off,0.017566042,19169280,1,0
chain/16,0,a,0.019839000,19578880,1,0
chain/16,0,ap,0.154255208,19988480,1,0
chain/16,0,b,0.017592292,19038208,1,0
chain/16,0,rows,0.017293292,19120128,1,0
chain/16,0,b_rows,0.017157542,19152896,1,0
chain/16,1,off,0.017435666,19136512,1,0
chain/16,1,a,0.019999541,19660800,1,0
chain/16,1,ap,0.155933542,19890176,1,0
chain/16,1,b,0.017580666,19234816,1,0
chain/16,1,rows,0.017415375,19087360,1,0
chain/16,1,b_rows,0.018594458,19038208,1,0
chain/16,1,base,0.017707209,18989056,1,0
chain/16,2,a,0.020679333,19611648,1,0
chain/16,2,ap,0.158650333,20316160,1,0
chain/16,2,b,0.017545750,18923520,1,0
chain/16,2,rows,0.017724250,19202048,1,0
chain/16,2,b_rows,0.017920583,19005440,1,0
chain/16,2,base,0.017705375,18989056,1,0
chain/16,2,off,0.017674708,19234816,1,0
chain/16,3,ap,0.155442709,19890176,1,0
chain/16,3,b,0.017756167,18972672,1,0
chain/16,3,rows,0.017573583,19267584,1,0
chain/16,3,b_rows,0.017548750,19234816,1,0
chain/16,3,base,0.018304542,19021824,1,0
chain/16,3,off,0.017544583,19120128,1,0
chain/16,3,a,0.019912875,19824640,1,0
chain/16,4,b,0.018090333,18972672,1,0
chain/16,4,rows,0.017532500,19054592,1,0
chain/16,4,b_rows,0.017584750,19136512,1,0
chain/16,4,base,0.017532500,18890752,1,0
chain/16,4,off,0.017783417,19103744,1,0
chain/16,4,a,0.021256584,19775488,1,0
chain/16,4,ap,0.153773166,20021248,1,0
chain/16,5,rows,0.017735334,19054592,1,0
chain/16,5,b_rows,0.017533500,19234816,1,0
chain/16,5,base,0.017763459,18956288,1,0
chain/16,5,off,0.017880666,19120128,1,0
chain/16,5,a,0.020144625,19726336,1,0
chain/16,5,ap,0.154845833,19955712,1,0
chain/16,5,b,0.017543584,19136512,1,0
chain/32,0,base,0.054504708,49266688,1,0
chain/32,0,off,0.051721250,49283072,1,0
chain/32,0,a,0.067383791,50118656,1,0
chain/32,0,ap,1.987261375,53641216,1,0
chain/32,0,b,0.050576166,49201152,1,0
chain/32,0,rows,0.049538333,49414144,1,0
chain/32,0,b_rows,0.050324917,49479680,1,0
chain/32,1,off,0.049980333,49364992,1,0
chain/32,1,a,0.068478542,51396608,1,0
chain/32,1,ap,1.983906000,51757056,1,0
chain/32,1,b,0.050885750,50495488,1,0
chain/32,1,rows,0.049982458,49266688,1,0
chain/32,1,b_rows,0.050393875,50610176,1,0
chain/32,1,base,0.050746542,49709056,1,0
chain/32,2,a,0.067950167,50872320,1,0
chain/32,2,ap,1.996881250,51167232,1,0
chain/32,2,b,0.049666125,48939008,1,0
chain/32,2,rows,0.049979500,49315840,1,0
chain/32,2,b_rows,0.050661792,50429952,1,0
chain/32,2,base,0.049866875,49004544,1,0
chain/32,2,off,0.049679583,49102848,1,0
chain/32,3,ap,2.005579959,51937280,1,0
chain/32,3,b,0.052049042,51363840,1,0
chain/32,3,rows,0.054260917,51150848,1,0
chain/32,3,b_rows,0.049900875,49152000,1,0
chain/32,3,base,0.050646250,50446336,1,0
chain/32,3,off,0.049713916,49283072,1,0
chain/32,3,a,0.066839000,50102272,1,0
chain/32,4,b,0.049322333,49152000,1,0
chain/32,4,rows,0.049512125,49250304,1,0
chain/32,4,b_rows,0.052349417,49676288,1,0
chain/32,4,base,0.049724875,49004544,1,0
chain/32,4,off,0.049444167,49266688,1,0
chain/32,4,a,0.067974000,51576832,1,0
chain/32,4,ap,2.000017208,52150272,1,0
chain/32,5,rows,0.049549250,49397760,1,0
chain/32,5,b_rows,0.049055541,49135616,1,0
chain/32,5,base,0.050809875,49168384,1,0
chain/32,5,off,0.050030417,49119232,1,0
chain/32,5,a,0.069466041,52101120,1,0
chain/32,5,ap,1.988651375,51707904,1,0
chain/32,5,b,0.050154292,48906240,1,0
chain/64,0,base,0.283056500,273219584,1,0
chain/64,0,off,0.275005791,269484032,1,0
chain/64,0,a,0.404552167,278052864,1,0
chain/64,0,ap,29.699988708,258064384,1,0
chain/64,0,b,0.279458167,273350656,1,0
chain/64,0,rows,0.283703958,273711104,1,0
chain/64,0,b_rows,0.271746208,269877248,1,0
chain/64,1,off,0.278686000,273760256,1,0
chain/64,1,a,0.422799666,281182208,1,0
chain/64,1,ap,29.696267208,262275072,1,0
chain/64,1,b,0.289586667,274235392,1,0
chain/64,1,rows,0.276696041,273809408,1,0
chain/64,1,b_rows,0.280154000,274071552,1,0
chain/64,1,base,0.277527584,273416192,1,0
chain/64,2,a,0.411989875,277725184,1,0
chain/64,2,ap,29.768198250,264814592,1,0
chain/64,2,b,0.276838833,273842176,1,0
chain/64,2,rows,0.281566667,273661952,1,0
chain/64,2,b_rows,0.272112625,269811712,1,0
chain/64,2,base,0.284208250,273350656,1,0
chain/64,2,off,0.276133000,269467648,1,0
chain/64,3,ap,29.963061875,249397248,1,0
chain/64,3,b,0.279474167,273825792,1,0
chain/64,3,rows,0.283751208,270401536,1,0
chain/64,3,b_rows,0.278122792,274022400,1,0
chain/64,3,base,0.279134375,273711104,1,0
chain/64,3,off,0.275168000,270368768,1,0
chain/64,3,a,0.413574250,281378816,1,0
chain/64,4,b,0.274301459,269139968,1,0
chain/64,4,rows,0.281456333,273809408,1,0
chain/64,4,b_rows,0.282051667,270548992,1,0
chain/64,4,base,0.292952042,272859136,1,0
chain/64,4,off,0.291323292,274120704,1,0
chain/64,4,a,0.428799792,277184512,1,0
chain/64,4,ap,29.938253541,262684672,1,0
chain/64,5,rows,0.278394750,270352384,1,0
chain/64,5,b_rows,0.276033375,273661952,1,0
chain/64,5,base,0.274642541,269123584,1,0
chain/64,5,off,0.282475458,273399808,1,0
chain/64,5,a,0.406068708,277168128,1,0
chain/64,5,ap,30.042013833,274497536,1,0
chain/64,5,b,0.274339709,269467648,1,0
collections/vector,0,base,0.034684834,16007168,1,0
collections/vector,0,off,0.030543166,17956864,1,0
collections/vector,0,a,0.031916500,17612800,1,0
collections/vector,0,ap,0.044992416,18186240,1,0
collections/vector,0,b,0.029420083,15925248,1,0
collections/vector,0,rows,0.029061833,16007168,1,0
collections/vector,0,b_rows,0.029093625,17219584,1,0
collections/vector,1,off,0.029397666,15990784,1,0
collections/vector,1,a,0.030182250,17088512,1,0
collections/vector,1,ap,0.045756584,16646144,1,0
collections/vector,1,b,0.030145917,16465920,1,0
collections/vector,1,rows,0.030563750,18087936,1,0
collections/vector,1,b_rows,0.028842833,16105472,1,0
collections/vector,1,base,0.028771375,16039936,1,0
collections/vector,2,a,0.028701542,16023552,1,0
collections/vector,2,ap,0.045667250,16220160,1,0
collections/vector,2,b,0.028826833,16072704,1,0
collections/vector,2,rows,0.028433875,16203776,1,0
collections/vector,2,b_rows,0.028469791,16056320,1,0
collections/vector,2,base,0.028724791,15990784,1,0
collections/vector,2,off,0.028809042,16007168,1,0
collections/vector,3,ap,0.043943084,16302080,1,0
collections/vector,3,b,0.031839333,17432576,1,0
collections/vector,3,rows,0.029425334,16072704,1,0
collections/vector,3,b_rows,0.028651083,15974400,1,0
collections/vector,3,base,0.028749458,16089088,1,0
collections/vector,3,off,0.029262750,16056320,1,0
collections/vector,3,a,0.028582834,16023552,1,0
collections/vector,4,b,0.028318583,16023552,1,0
collections/vector,4,rows,0.028910625,15925248,1,0
collections/vector,4,b_rows,0.031096291,15958016,1,0
collections/vector,4,base,0.029149750,16105472,1,0
collections/vector,4,off,0.030396583,17760256,1,0
collections/vector,4,a,0.030543167,15941632,1,0
collections/vector,4,ap,0.044482250,16203776,1,0
collections/vector,5,rows,0.028784083,16072704,1,0
collections/vector,5,b_rows,0.028150666,15958016,1,0
collections/vector,5,base,0.029096792,16089088,1,0
collections/vector,5,off,0.029999541,16039936,1,0
collections/vector,5,a,0.031917875,16613376,1,0
collections/vector,5,ap,0.046768125,17580032,1,0
collections/vector,5,b,0.031226209,17235968,1,0
collections/deque,0,base,0.021447333,13336576,1,0
collections/deque,0,off,0.021242708,13336576,1,0
collections/deque,0,a,0.021618958,13352960,1,0
collections/deque,0,ap,0.021705000,14041088,1,0
collections/deque,0,b,0.022629083,13402112,1,0
collections/deque,0,rows,0.021239333,13402112,1,0
collections/deque,0,b_rows,0.021071208,13385728,1,0
collections/deque,1,off,0.020975708,13369344,1,0
collections/deque,1,a,0.021755584,13942784,1,0
collections/deque,1,ap,0.021726958,13369344,1,0
collections/deque,1,b,0.021214083,13369344,1,0
collections/deque,1,rows,0.021302208,13418496,1,0
collections/deque,1,b_rows,0.021231334,13418496,1,0
collections/deque,1,base,0.021508916,13156352,1,0
collections/deque,2,a,0.022029250,14024704,1,0
collections/deque,2,ap,0.021284958,13336576,1,0
collections/deque,2,b,0.021231667,13451264,1,0
collections/deque,2,rows,0.021016792,13598720,1,0
collections/deque,2,b_rows,0.021415875,13352960,1,0
collections/deque,2,base,0.021159583,13418496,1,0
collections/deque,2,off,0.021348959,13959168,1,0
collections/deque,3,ap,0.020542375,13385728,1,0
collections/deque,3,b,0.020943166,13352960,1,0
collections/deque,3,rows,0.021430000,13926400,1,0
collections/deque,3,b_rows,0.021194667,13352960,1,0
collections/deque,3,base,0.021144458,13189120,1,0
collections/deque,3,off,0.021289875,13303808,1,0
collections/deque,3,a,0.022376958,13320192,1,0
collections/deque,4,b,0.021130834,13352960,1,0
collections/deque,4,rows,0.020689291,13320192,1,0
collections/deque,4,b_rows,0.021815209,13631488,1,0
collections/deque,4,base,0.021641291,14024704,1,0
collections/deque,4,off,0.021660417,14057472,1,0
collections/deque,4,a,0.021162084,14008320,1,0
collections/deque,4,ap,0.021573083,13418496,1,0
collections/deque,5,rows,0.020734125,13287424,1,0
collections/deque,5,b_rows,0.021439208,13369344,1,0
collections/deque,5,base,0.020543583,13369344,1,0
collections/deque,5,off,0.020968292,13303808,1,0
collections/deque,5,a,0.021491500,14008320,1,0
collections/deque,5,ap,0.021117541,13336576,1,0
collections/deque,5,b,0.020218791,13336576,1,0
collections/slab,0,base,0.028923083,18677760,1,0
collections/slab,0,off,0.035182541,18677760,1,0
collections/slab,0,a,0.031034500,18890752,1,0
collections/slab,0,ap,0.089620709,17432576,1,0
collections/slab,0,b,0.029486209,18694144,1,0
collections/slab,0,rows,0.028462000,17711104,1,0
collections/slab,0,b_rows,0.030020417,18235392,1,0
collections/slab,1,off,0.029023416,19005440,1,0
collections/slab,1,a,0.028721041,18890752,1,0
collections/slab,1,ap,0.087452666,17121280,1,0
collections/slab,1,b,0.028971208,18612224,1,0
collections/slab,1,rows,0.028933833,18677760,1,0
collections/slab,1,b_rows,0.027981125,18694144,1,0
collections/slab,1,base,0.027698000,18612224,1,0
collections/slab,2,a,0.029263625,19070976,1,0
collections/slab,2,ap,0.088168292,17235968,1,0
collections/slab,2,b,0.028066542,18677760,1,0
collections/slab,2,rows,0.028864667,18595840,1,0
collections/slab,2,b_rows,0.028259000,18661376,1,0
collections/slab,2,base,0.029483875,19333120,1,0
collections/slab,2,off,0.029310333,19365888,1,0
collections/slab,3,ap,0.091850084,18235392,1,0
collections/slab,3,b,0.029895916,18595840,1,0
collections/slab,3,rows,0.028458792,18661376,1,0
collections/slab,3,b_rows,0.038990375,18857984,1,0
collections/slab,3,base,0.028765334,18661376,1,0
collections/slab,3,off,0.028070666,18595840,1,0
collections/slab,3,a,0.028918125,19316736,1,0
collections/slab,4,b,0.027875750,18579456,1,0
collections/slab,4,rows,0.027691958,18710528,1,0
collections/slab,4,b_rows,0.028206667,18792448,1,0
collections/slab,4,base,0.028587958,18694144,1,0
collections/slab,4,off,0.029006875,18612224,1,0
collections/slab,4,a,0.028781125,18874368,1,0
collections/slab,4,ap,0.086766208,17334272,1,0
collections/slab,5,rows,0.027941875,18677760,1,0
collections/slab,5,b_rows,0.027780625,18677760,1,0
collections/slab,5,base,0.028756000,18628608,1,0
collections/slab,5,off,0.029078458,18874368,1,0
collections/slab,5,a,0.029643292,18792448,1,0
collections/slab,5,ap,0.089542792,18219008,1,0
collections/slab,5,b,0.029378125,18956288,1,0
collections/hash_map,0,base,0.070588500,29605888,1,0
collections/hash_map,0,off,0.071479041,30113792,1,0
collections/hash_map,0,a,0.075356375,30081024,1,0
collections/hash_map,0,ap,0.433514584,30408704,1,0
collections/hash_map,0,b,0.071964750,32161792,1,0
collections/hash_map,0,rows,0.070730709,29851648,1,0
collections/hash_map,0,b_rows,0.070371167,29573120,1,0
collections/hash_map,1,off,0.070874166,29622272,1,0
collections/hash_map,1,a,0.072117625,29589504,1,0
collections/hash_map,1,ap,0.435431125,30081024,1,0
collections/hash_map,1,b,0.070412167,29671424,1,0
collections/hash_map,1,rows,0.070886833,29556736,1,0
collections/hash_map,1,b_rows,0.070901708,29540352,1,0
collections/hash_map,1,base,0.069708958,29573120,1,0
collections/hash_map,2,a,0.073456334,29999104,1,0
collections/hash_map,2,ap,0.434912958,30998528,1,0
collections/hash_map,2,b,0.070809416,30474240,1,0
collections/hash_map,2,rows,0.070543541,29622272,1,0
collections/hash_map,2,b_rows,0.070331791,29507584,1,0
collections/hash_map,2,base,0.069968667,29573120,1,0
collections/hash_map,2,off,0.069770709,29638656,1,0
collections/hash_map,3,ap,0.432053125,32473088,1,0
collections/hash_map,3,b,0.070027833,29589504,1,0
collections/hash_map,3,rows,0.073168875,28704768,1,0
collections/hash_map,3,b_rows,0.072925459,31391744,1,0
collections/hash_map,3,base,0.069316666,29622272,1,0
collections/hash_map,3,off,0.070611667,29556736,1,0
collections/hash_map,3,a,0.073185166,29638656,1,0
collections/hash_map,4,b,0.070521958,29507584,1,0
collections/hash_map,4,rows,0.070679792,29573120,1,0
collections/hash_map,4,b_rows,0.070903875,29097984,1,0
collections/hash_map,4,base,0.069923333,29605888,1,0
collections/hash_map,4,off,0.071792959,31424512,1,0
collections/hash_map,4,a,0.073056459,29622272,1,0
collections/hash_map,4,ap,0.432976541,31080448,1,0
collections/hash_map,5,rows,0.070373708,29589504,1,0
collections/hash_map,5,b_rows,0.070765375,30457856,1,0
collections/hash_map,5,base,0.070685792,30834688,1,0
collections/hash_map,5,off,0.070231208,29622272,1,0
collections/hash_map,5,a,0.072467583,29589504,1,0
collections/hash_map,5,ap,0.431730292,31670272,1,0
collections/hash_map,5,b,0.072663166,30326784,1,0
collections/priority_queue,0,base,0.081864125,28327936,1,0
collections/priority_queue,0,off,0.082174709,28311552,1,0
collections/priority_queue,0,a,0.085108250,28196864,1,0
collections/priority_queue,0,ap,0.093413291,28737536,1,0
collections/priority_queue,0,b,0.082641333,29114368,1,0
collections/priority_queue,0,rows,0.080950958,28147712,1,0
collections/priority_queue,0,b_rows,0.081198583,28835840,1,0
collections/priority_queue,1,off,0.084461500,28901376,1,0
collections/priority_queue,1,a,0.085721875,28459008,1,0
collections/priority_queue,1,ap,0.094134458,28819456,1,0
collections/priority_queue,1,b,0.085810500,29016064,1,0
collections/priority_queue,1,rows,0.084179500,28590080,1,0
collections/priority_queue,1,b_rows,0.082385542,29442048,1,0
collections/priority_queue,1,base,0.081943417,28393472,1,0
collections/priority_queue,2,a,0.082049958,28196864,1,0
collections/priority_queue,2,ap,0.093292250,28721152,1,0
collections/priority_queue,2,b,0.081359125,28950528,1,0
collections/priority_queue,2,rows,0.081055208,28409856,1,0
collections/priority_queue,2,b_rows,0.080412875,28868608,1,0
collections/priority_queue,2,base,0.082067041,28344320,1,0
collections/priority_queue,2,off,0.083401542,28327936,1,0
collections/priority_queue,3,ap,0.092897292,28884992,1,0
collections/priority_queue,3,b,0.084733417,28966912,1,0
collections/priority_queue,3,rows,0.081335833,28311552,1,0
collections/priority_queue,3,b_rows,0.081138791,28786688,1,0
collections/priority_queue,3,base,0.081574875,28360704,1,0
collections/priority_queue,3,off,0.083193750,28557312,1,0
collections/priority_queue,3,a,0.082117750,28229632,1,0
collections/priority_queue,4,b,0.082827792,28868608,1,0
collections/priority_queue,4,rows,0.083036917,28672000,1,0
collections/priority_queue,4,b_rows,0.081024583,29474816,1,0
collections/priority_queue,4,base,0.083598458,28966912,1,0
collections/priority_queue,4,off,0.083295167,28360704,1,0
collections/priority_queue,4,a,0.082783458,28147712,1,0
collections/priority_queue,4,ap,0.097216292,29868032,1,0
collections/priority_queue,5,rows,0.082726542,29097984,1,0
collections/priority_queue,5,b_rows,0.082060458,28950528,1,0
collections/priority_queue,5,base,0.083184917,28131328,1,0
collections/priority_queue,5,off,0.081725000,28229632,1,0
collections/priority_queue,5,a,0.082756875,28852224,1,0
collections/priority_queue,5,ap,0.093974208,28884992,1,0
collections/priority_queue,5,b,0.083081084,29507584,1,0
collections/ordered_map,0,base,0.216890833,67403776,1,0
collections/ordered_map,0,off,0.216296250,67682304,1,0
collections/ordered_map,0,a,0.226193834,68141056,1,0
collections/ordered_map,0,ap,1.292063250,70926336,1,0
collections/ordered_map,0,b,0.214508916,67354624,1,0
collections/ordered_map,0,rows,0.215648959,68681728,1,0
collections/ordered_map,0,b_rows,0.215977083,67108864,1,0
collections/ordered_map,1,off,0.211599500,66666496,1,0
collections/ordered_map,1,a,0.220990375,66732032,1,0
collections/ordered_map,1,ap,1.277132708,71172096,1,0
collections/ordered_map,1,b,0.216905750,67403776,1,0
collections/ordered_map,1,rows,0.211803792,66666496,1,0
collections/ordered_map,1,b_rows,0.211228167,66977792,1,0
collections/ordered_map,1,base,0.213659042,67731456,1,0
collections/ordered_map,2,a,0.225557375,67190784,1,0
collections/ordered_map,2,ap,1.278898792,71778304,1,0
collections/ordered_map,2,b,0.218063709,69353472,1,0
collections/ordered_map,2,rows,0.212822958,66781184,1,0
collections/ordered_map,2,b_rows,0.214638375,67764224,1,0
collections/ordered_map,2,base,0.214787875,69074944,1,0
collections/ordered_map,2,off,0.210284667,66453504,1,0
collections/ordered_map,3,ap,1.279772084,71467008,1,0
collections/ordered_map,3,b,0.211532584,66519040,1,0
collections/ordered_map,3,rows,0.217282167,68075520,1,0
collections/ordered_map,3,b_rows,0.212954666,66666496,1,0
collections/ordered_map,3,base,0.211048792,66748416,1,0
collections/ordered_map,3,off,0.214841667,69222400,1,0
collections/ordered_map,3,a,0.222861417,66977792,1,0
collections/ordered_map,4,b,0.223266209,67059712,1,0
collections/ordered_map,4,rows,0.221989875,67338240,1,0
collections/ordered_map,4,b_rows,0.223546125,67682304,1,0
collections/ordered_map,4,base,0.213052208,67321856,1,0
collections/ordered_map,4,off,0.214218917,67223552,1,0
collections/ordered_map,4,a,0.222073958,66764800,1,0
collections/ordered_map,4,ap,1.275434500,70467584,1,0
collections/ordered_map,5,rows,0.214155917,66568192,1,0
collections/ordered_map,5,b_rows,0.216361875,66617344,1,0
collections/ordered_map,5,base,0.215189625,67059712,1,0
collections/ordered_map,5,off,0.216252667,67780608,1,0
collections/ordered_map,5,a,0.221759875,68141056,1,0
collections/ordered_map,5,ap,1.273637875,73695232,1,0
collections/ordered_map,5,b,0.222401708,69206016,1,0
programs,0,base,9.236162915,406749184,71,0
programs,0,off,9.132733040,407306240,71,0
programs,0,a,9.432802668,471859200,71,0
programs,0,b,8.970601958,407289856,71,0
programs,0,rows,9.094639253,416169984,71,0
programs,0,b_rows,8.956087670,415072256,71,0
programs,1,off,9.081485916,411516928,71,0
programs,1,a,9.496695378,476250112,71,0
programs,1,b,9.000294336,409731072,71,0
programs,1,rows,9.110570628,412205056,71,0
programs,1,b_rows,8.998672710,411238400,71,0
programs,1,base,9.141361423,412188672,71,0
programs,2,a,9.507159460,469303296,71,0
programs,2,b,9.047010001,401506304,71,0
programs,2,rows,9.126568296,408125440,71,0
programs,2,b_rows,9.060085080,416006144,71,0
programs,2,base,9.167499875,408043520,71,0
programs,2,off,9.129608588,408141824,71,0
programs,3,b,9.118606037,412762112,71,0
programs,3,rows,9.179564291,403521536,71,0
programs,3,b_rows,8.984176538,415956992,71,0
programs,3,base,9.232603334,415399936,71,0
programs,3,off,9.147497291,417251328,71,0
programs,3,a,9.478294458,472252416,71,0
programs,4,rows,9.109360876,405405696,71,0
programs,4,b_rows,9.024562087,407437312,71,0
programs,4,base,9.221579792,406519808,71,0
programs,4,off,9.104524171,413024256,71,0
programs,4,a,9.558118918,474103808,71,0
programs,4,b,9.055033451,407257088,71,0
programs,5,b_rows,9.027355170,400932864,71,0
programs,5,base,9.144063168,410648576,71,0
programs,5,off,9.106305251,400801792,71,0
programs,5,a,9.458796500,475660288,71,0
programs,5,b,9.008107830,415825920,71,0
programs,5,rows,9.140380540,418988032,71,0
corpus,0,base,23.226599258,101449728,775,797
corpus,0,off,22.756642777,101220352,775,797
corpus,0,a,22.869166040,89980928,776,796
corpus,0,b,22.809667577,89800704,773,799
corpus,0,rows,22.900265543,101449728,773,799
corpus,0,b_rows,22.801209899,89931776,771,801
corpus,1,off,22.808699226,101400576,775,797
corpus,1,a,22.775727480,89964544,776,796
corpus,1,b,23.020850463,101220352,773,799
corpus,1,rows,22.888851525,89948160,773,799
corpus,1,b_rows,22.722816634,101580800,771,801
corpus,1,base,22.830758580,101449728,775,797
corpus,2,a,22.778555507,101253120,776,796
corpus,2,b,23.046565590,89997312,773,799
corpus,2,rows,22.754707357,101285888,773,799
corpus,2,b_rows,22.828371067,90308608,771,801
corpus,2,base,22.904952372,101138432,775,797
corpus,2,off,22.979884648,90193920,775,797
corpus,3,b,22.821718492,89882624,773,799
corpus,3,rows,22.738609660,89866240,773,799
corpus,3,b_rows,22.896498890,101335040,771,801
corpus,3,base,23.057977370,101449728,775,797
corpus,3,off,22.819422736,89948160,775,797
corpus,3,a,23.083913206,101220352,776,796
corpus,4,rows,22.728655867,90013696,773,799
corpus,4,b_rows,22.949088355,101482496,771,801
corpus,4,base,22.819037590,101433344,775,797
corpus,4,off,22.804072866,101449728,775,797
corpus,4,a,23.070036879,89964544,776,796
corpus,4,b,22.757620184,101269504,773,799
corpus,5,b_rows,22.934735458,101253120,771,801
corpus,5,base,23.038171796,101187584,775,797
corpus,5,off,22.957497197,89899008,775,797
corpus,5,a,22.995200757,89964544,776,796
corpus,5,b,22.892863682,89948160,773,799
corpus,5,rows,22.892423394,101253120,773,799
