workload,configuration,verdict,exit
snowghost/text::line_break,base,Source:FN-8:UndischargedCallRequirement,1
snowghost/text::line_break,off,Source:FN-8:UndischargedCallRequirement,1
snowghost/text::line_break,a,Source:FN-8:UndischargedCallRequirement,1
snowghost/text::line_break,b,accepted,0
snowghost/text::line_break,rows,Source:FN-8:UndischargedCallRequirement,1
snowghost/text::line_break,b_rows,accepted,0
snowghost/css::rules,base,Source:FN-8:UndischargedCallRequirement,1
snowghost/css::rules,off,Source:FN-8:UndischargedCallRequirement,1
snowghost/css::rules,a,Source:FN-8:UndischargedCallRequirement,1
snowghost/css::rules,b,accepted,0
snowghost/css::rules,rows,Source:FN-8:UndischargedCallRequirement,1
snowghost/css::rules,b_rows,accepted,0
snowghost/css::selectors,base,Source:FN-8:UndischargedCallRequirement,1
snowghost/css::selectors,off,Source:FN-8:UndischargedCallRequirement,1
snowghost/css::selectors,a,Source:FN-8:UndischargedCallRequirement,1
snowghost/css::selectors,b,accepted,0
snowghost/css::selectors,rows,Source:FN-8:UndischargedCallRequirement,1
snowghost/css::selectors,b_rows,accepted,0
snowghost/font,base,Source:INV-1:UndischargedLocalInvariant,1
snowghost/font,off,Source:INV-1:UndischargedLocalInvariant,1
snowghost/font,a,Source:INV-1:UndischargedLocalInvariant,1
snowghost/font,b,Source:INV-1:UndischargedLocalInvariant,1
snowghost/font,rows,Source:INV-1:UndischargedLoopInvariant,1
snowghost/font,b_rows,accepted,0
chain/4,base,accepted,0
chain/4,off,accepted,0
chain/4,a,accepted,0
chain/4,ap,accepted,0
chain/4,b,accepted,0
chain/4,rows,accepted,0
chain/4,b_rows,accepted,0
chain/8,base,accepted,0
chain/8,off,accepted,0
chain/8,a,accepted,0
chain/8,ap,accepted,0
chain/8,b,accepted,0
chain/8,rows,accepted,0
chain/8,b_rows,accepted,0
chain/16,base,accepted,0
chain/16,off,accepted,0
chain/16,a,accepted,0
chain/16,ap,accepted,0
chain/16,b,accepted,0
chain/16,rows,accepted,0
chain/16,b_rows,accepted,0
chain/32,base,accepted,0
chain/32,off,accepted,0
chain/32,a,accepted,0
chain/32,ap,accepted,0
chain/32,b,accepted,0
chain/32,rows,accepted,0
chain/32,b_rows,accepted,0
chain/64,base,accepted,0
chain/64,off,accepted,0
chain/64,a,accepted,0
chain/64,ap,accepted,0
chain/64,b,accepted,0
chain/64,rows,accepted,0
chain/64,b_rows,accepted,0
rewrite/merge_sort,base,Source:INV-1:UndischargedLocalInvariant,1
rewrite/merge_sort,off,Source:INV-1:UndischargedLocalInvariant,1
rewrite/merge_sort,a,Source:INV-1:UndischargedLocalInvariant,1
rewrite/merge_sort,ap,Source:INV-1:UndischargedLocalInvariant,1
rewrite/merge_sort,b,Source:INV-1:UndischargedLocalInvariant,1
rewrite/merge_sort,rows,Source:INV-1:UndischargedLoopInvariant,1
rewrite/merge_sort,b_rows,accepted,0
