batch	block	width	rows	workers	repeat	image	wall_s	user_s	system_s	exit	load_1m	load_5m	load_15m
initial	0	0	100000	auto (8 online CPUs)	0	baseline	0.290186083	0.08091899999999974	0.0027840000000001197	0	8.404296875	9.31005859375	7.3505859375
initial	0	0	100000	auto (8 online CPUs)	0	candidate	0.241527375	0.002451000000000647	0.0018540000000000223	0	8.404296875	9.31005859375	7.3505859375
initial	0	0	100000	auto (8 online CPUs)	0	control	0.16091675	0.05027599999999932	0.0031559999999999366	0	8.404296875	9.31005859375	7.3505859375
initial	0	0	100000	auto (8 online CPUs)	1	candidate	0.004521083	0.00232800000000033	0.0017259999999998943	0	8.404296875	9.31005859375	7.3505859375
initial	0	0	100000	auto (8 online CPUs)	1	control	0.012349875	0.03692199999999968	0.0026040000000000507	0	8.404296875	9.31005859375	7.3505859375
initial	0	0	100000	auto (8 online CPUs)	1	baseline	0.015553542	0.05773600000000023	0.0037519999999999776	0	8.404296875	9.31005859375	7.3505859375
initial	0	0	100000	auto (8 online CPUs)	2	control	0.016399458	0.06768200000000046	0.003438000000000052	0	8.404296875	9.31005859375	7.3505859375
initial	0	0	100000	auto (8 online CPUs)	2	baseline	0.024807667	0.06615599999999944	0.002987000000000073	0	8.404296875	9.31005859375	7.3505859375
initial	0	0	100000	auto (8 online CPUs)	2	candidate	0.004177917	0.0023330000000001405	0.001614999999999922	0	8.404296875	9.31005859375	7.3505859375
initial	0	0	100000	4	0	baseline	0.014070875	0.037494999999999834	0.001811000000000007	0	8.404296875	9.31005859375	7.3505859375
initial	0	0	100000	4	0	candidate	0.004949333	0.0023100000000004783	0.0020379999999999843	0	8.404296875	9.31005859375	7.3505859375
initial	0	0	100000	4	0	control	0.011663375	0.02782600000000013	0.001738999999999935	0	8.404296875	9.31005859375	7.3505859375
initial	0	0	100000	4	1	candidate	0.00527225	0.0025249999999994444	0.0019139999999999713	0	8.404296875	9.31005859375	7.3505859375
initial	0	0	100000	4	1	control	0.01317875	0.03220899999999993	0.0020620000000000083	0	8.404296875	9.31005859375	7.3505859375
initial	0	0	100000	4	1	baseline	0.012487541	0.03190000000000026	0.001968000000000192	0	8.404296875	9.31005859375	7.3505859375
initial	0	0	100000	4	2	control	0.011101042	0.029030999999999807	0.001534999999999842	0	8.404296875	9.31005859375	7.3505859375
initial	0	0	100000	4	2	baseline	0.013976375	0.03686400000000045	0.0015560000000001128	0	8.404296875	9.31005859375	7.3505859375
initial	0	0	100000	4	2	candidate	0.009933167	0.002297999999999689	0.0015539999999998333	0	8.404296875	9.31005859375	7.3505859375
initial	0	1	100000	auto (8 online CPUs)	0	baseline	0.301652875	0.06111700000000031	0.0031770000000002074	0	8.404296875	9.31005859375	7.3505859375
initial	0	1	100000	auto (8 online CPUs)	0	candidate	0.249791583	0.004214000000000162	0.0035959999999999326	0	8.404296875	9.31005859375	7.3505859375
initial	0	1	100000	auto (8 online CPUs)	0	control	0.162898542	0.07113399999999981	0.004616999999999871	0	8.404296875	9.31005859375	7.3505859375
initial	0	1	100000	auto (8 online CPUs)	1	candidate	0.004679708	0.0030649999999994293	0.0019280000000001518	0	8.13134765625	9.23828125	7.33642578125
initial	0	1	100000	auto (8 online CPUs)	1	control	0.014997042	0.05124100000000009	0.0025800000000000267	0	8.13134765625	9.23828125	7.33642578125
initial	0	1	100000	auto (8 online CPUs)	1	baseline	0.021568708	0.08705000000000052	0.00374299999999983	0	8.13134765625	9.23828125	7.33642578125
initial	0	1	100000	auto (8 online CPUs)	2	control	0.017686083	0.07138799999999978	0.003542000000000156	0	8.13134765625	9.23828125	7.33642578125
initial	0	1	100000	auto (8 online CPUs)	2	baseline	0.017153125	0.06703900000000029	0.0033569999999998323	0	8.13134765625	9.23828125	7.33642578125
initial	0	1	100000	auto (8 online CPUs)	2	candidate	0.0044525	0.0027529999999993393	0.0018970000000000375	0	8.13134765625	9.23828125	7.33642578125
initial	0	1	100000	4	0	baseline	0.010794792	0.026982000000000284	0.0016580000000001593	0	8.13134765625	9.23828125	7.33642578125
initial	0	1	100000	4	0	candidate	0.004102958	0.002348000000000461	0.0014279999999999848	0	8.13134765625	9.23828125	7.33642578125
initial	0	1	100000	4	0	control	0.015229666	0.03851399999999927	0.0019139999999999713	0	8.13134765625	9.23828125	7.33642578125
initial	0	1	100000	4	1	candidate	0.004671333	0.00250300000000081	0.0017719999999998848	0	8.13134765625	9.23828125	7.33642578125
initial	0	1	100000	4	1	control	0.011349542	0.028508999999999673	0.00174300000000005	0	8.13134765625	9.23828125	7.33642578125
initial	0	1	100000	4	1	baseline	0.010630042	0.02568799999999971	0.0017160000000000508	0	8.13134765625	9.23828125	7.33642578125
initial	0	1	100000	4	2	control	0.011809708	0.02892700000000037	0.0020020000000000593	0	8.13134765625	9.23828125	7.33642578125
initial	0	1	100000	4	2	baseline	0.0110475	0.02737799999999968	0.0018089999999999495	0	8.13134765625	9.23828125	7.33642578125
initial	0	1	100000	4	2	candidate	0.004284	0.002367000000000452	0.0013769999999999616	0	8.13134765625	9.23828125	7.33642578125
initial	0	8	100000	auto (8 online CPUs)	0	baseline	0.307262666	0.06904299999999974	0.004556999999999922	0	8.13134765625	9.23828125	7.33642578125
initial	0	8	100000	auto (8 online CPUs)	0	candidate	0.281147584	0.005784000000000233	0.005846000000000018	0	8.13134765625	9.23828125	7.33642578125
initial	0	8	100000	auto (8 online CPUs)	0	control	0.177273458	0.05368299999999948	0.004457000000000155	0	8.13134765625	9.23828125	7.33642578125
initial	0	8	100000	auto (8 online CPUs)	1	candidate	0.006783291	0.004035000000000011	0.0040679999999999605	0	8.13134765625	9.23828125	7.33642578125
initial	0	8	100000	auto (8 online CPUs)	1	control	0.016259834	0.06730400000000003	0.004429000000000016	0	8.13134765625	9.23828125	7.33642578125
initial	0	8	100000	auto (8 online CPUs)	1	baseline	0.015733917	0.06282299999999985	0.0044560000000000155	0	8.13134765625	9.23828125	7.33642578125
initial	0	8	100000	auto (8 online CPUs)	2	control	0.015998875	0.06650200000000073	0.004464999999999941	0	8.13134765625	9.23828125	7.33642578125
initial	0	8	100000	auto (8 online CPUs)	2	baseline	0.015918792	0.06043799999999955	0.004505999999999899	0	8.13134765625	9.23828125	7.33642578125
initial	0	8	100000	auto (8 online CPUs)	2	candidate	0.006265375	0.003502000000000116	0.003067000000000153	0	8.13134765625	9.23828125	7.33642578125
initial	0	8	100000	4	0	baseline	0.013186584	0.028664000000000023	0.0028279999999998306	0	8.13134765625	9.23828125	7.33642578125
initial	0	8	100000	4	0	candidate	0.006120125	0.003198999999999508	0.0026479999999999837	0	8.13134765625	9.23828125	7.33642578125
initial	0	8	100000	4	0	control	0.012401958	0.027306000000000274	0.00286300000000006	0	8.13134765625	9.23828125	7.33642578125
initial	0	8	100000	4	1	candidate	0.006445583	0.003331000000000195	0.0027159999999999407	0	8.13134765625	9.23828125	7.33642578125
initial	0	8	100000	4	1	control	0.012921291	0.029357000000000077	0.0026970000000001715	0	8.13134765625	9.23828125	7.33642578125
initial	0	8	100000	4	1	baseline	0.012861916	0.02688099999999949	0.003141999999999978	0	8.13134765625	9.23828125	7.33642578125
initial	0	8	100000	4	2	control	0.013078833	0.029753000000000362	0.00297499999999995	0	8.13134765625	9.23828125	7.33642578125
initial	0	8	100000	4	2	baseline	0.012858125	0.027892999999999724	0.002845999999999904	0	8.13134765625	9.23828125	7.33642578125
initial	0	8	100000	4	2	candidate	0.008333833	0.0033440000000002357	0.0031490000000000684	0	8.13134765625	9.23828125	7.33642578125
initial	0	4096	512	auto (8 online CPUs)	0	baseline	0.298701792	0.006776000000000337	0.009009000000000045	0	8.13134765625	9.23828125	7.33642578125
initial	0	4096	512	auto (8 online CPUs)	0	candidate	0.277389916	0.00649999999999995	0.007476000000000038	0	8.13134765625	9.23828125	7.33642578125
initial	0	4096	512	auto (8 online CPUs)	0	control	0.172636125	0.005023999999999695	0.005760999999999905	0	8.13134765625	9.23828125	7.33642578125
initial	0	4096	512	auto (8 online CPUs)	1	candidate	0.012340083	0.00650800000000018	0.006485000000000074	0	8.13134765625	9.23828125	7.33642578125
initial	0	4096	512	auto (8 online CPUs)	1	control	0.010355292	0.005904000000000131	0.005978999999999957	0	8.13134765625	9.23828125	7.33642578125
initial	0	4096	512	auto (8 online CPUs)	1	baseline	0.011252042	0.005821999999999328	0.006086000000000036	0	8.13134765625	9.23828125	7.33642578125
initial	0	4096	512	auto (8 online CPUs)	2	control	0.011052792	0.0057360000000006295	0.00795799999999991	0	8.13134765625	9.23828125	7.33642578125
initial	0	4096	512	auto (8 online CPUs)	2	baseline	0.010188375	0.005282000000000231	0.005651000000000073	0	8.13134765625	9.23828125	7.33642578125
initial	0	4096	512	auto (8 online CPUs)	2	candidate	0.010019459	0.005347999999999686	0.005819000000000019	0	8.13134765625	9.23828125	7.33642578125
initial	0	4096	512	4	0	baseline	0.009174833	0.0041880000000000805	0.004959999999999853	0	8.13134765625	9.23828125	7.33642578125
initial	0	4096	512	4	0	candidate	0.010096834	0.00433299999999992	0.005073000000000105	0	8.13134765625	9.23828125	7.33642578125
initial	0	4096	512	4	0	control	0.009473584	0.004283000000000037	0.005274000000000001	0	8.13134765625	9.23828125	7.33642578125
initial	0	4096	512	4	1	candidate	0.009198625	0.004434999999999967	0.0047680000000001055	0	8.13134765625	9.23828125	7.33642578125
initial	0	4096	512	4	1	control	0.009180834	0.004376999999999853	0.00494299999999992	0	8.13134765625	9.23828125	7.33642578125
initial	0	4096	512	4	1	baseline	0.009660792	0.004261999999999766	0.0050440000000000484	0	8.13134765625	9.23828125	7.33642578125
initial	0	4096	512	4	2	control	0.00939475	0.004452999999999818	0.005093000000000014	0	8.13134765625	9.23828125	7.33642578125
initial	0	4096	512	4	2	baseline	0.009698292	0.0042890000000008754	0.0062309999999998755	0	8.13134765625	9.23828125	7.33642578125
initial	0	4096	512	4	2	candidate	0.009501333	0.004452999999999818	0.005033999999999983	0	8.13134765625	9.23828125	7.33642578125
initial	1	0	100000	auto (8 online CPUs)	0	candidate	0.006362834	0.0023330000000001405	0.001686999999999994	0	8.13134765625	9.23828125	7.33642578125
initial	1	0	100000	auto (8 online CPUs)	0	control	0.0172075	0.07930799999999927	0.0022010000000001195	0	8.13134765625	9.23828125	7.33642578125
initial	1	0	100000	auto (8 online CPUs)	0	baseline	0.019618167	0.09375599999999995	0.002630999999999828	0	8.13134765625	9.23828125	7.33642578125
initial	1	0	100000	auto (8 online CPUs)	1	control	0.018629875	0.08553800000000056	0.0028020000000001932	0	8.13134765625	9.23828125	7.33642578125
initial	1	0	100000	auto (8 online CPUs)	1	baseline	0.030630958	0.09217699999999951	0.004016999999999937	0	8.13134765625	9.23828125	7.33642578125
initial	1	0	100000	auto (8 online CPUs)	1	candidate	0.004052667	0.0025440000000003238	0.0015319999999998668	0	8.13134765625	9.23828125	7.33642578125
initial	1	0	100000	auto (8 online CPUs)	2	baseline	0.021769334	0.11360100000000006	0.003826000000000107	0	8.13134765625	9.23828125	7.33642578125
initial	1	0	100000	auto (8 online CPUs)	2	candidate	0.003997666	0.0025340000000007024	0.0015970000000000706	0	8.13134765625	9.23828125	7.33642578125
initial	1	0	100000	auto (8 online CPUs)	2	control	0.015763792	0.07827999999999946	0.0022169999999999135	0	8.13134765625	9.23828125	7.33642578125
initial	1	0	100000	4	0	candidate	0.004313834	0.002229999999999066	0.0014009999999999856	0	8.13134765625	9.23828125	7.33642578125
initial	1	0	100000	4	0	control	0.0134885	0.038165000000001115	0.0013929999999999776	0	8.13134765625	9.23828125	7.33642578125
initial	1	0	100000	4	0	baseline	0.011155333	0.029125999999999763	0.0018320000000000558	0	8.13134765625	9.23828125	7.33642578125
initial	1	0	100000	4	1	control	0.015657334	0.044770999999999006	0.0015460000000000473	0	8.13134765625	9.23828125	7.33642578125
initial	1	0	100000	4	1	baseline	0.013440209	0.03721100000000099	0.0013980000000000103	0	8.13134765625	9.23828125	7.33642578125
initial	1	0	100000	4	1	candidate	0.008614833	0.0021210000000007057	0.0012619999999998743	0	8.13134765625	9.23828125	7.33642578125
initial	1	0	100000	4	2	baseline	0.01105225	0.029608999999998886	0.001543000000000072	0	8.13134765625	9.23828125	7.33642578125
initial	1	0	100000	4	2	candidate	0.004161625	0.002316000000000429	0.0015209999999998836	0	8.13134765625	9.23828125	7.33642578125
initial	1	0	100000	4	2	control	0.01131825	0.03143099999999954	0.0014440000000000008	0	8.13134765625	9.23828125	7.33642578125
initial	1	1	100000	auto (8 online CPUs)	0	candidate	0.004547083	0.002902999999999878	0.001991000000000076	0	8.13134765625	9.23828125	7.33642578125
initial	1	1	100000	auto (8 online CPUs)	0	control	0.025662959	0.1398589999999995	0.003735000000000044	0	8.13134765625	9.23828125	7.33642578125
initial	1	1	100000	auto (8 online CPUs)	0	baseline	0.024198166	0.13187200000000132	0.003098999999999963	0	8.13134765625	9.23828125	7.33642578125
initial	1	1	100000	auto (8 online CPUs)	1	control	0.018718375	0.08749099999999999	0.003027000000000113	0	8.13134765625	9.23828125	7.33642578125
initial	1	1	100000	auto (8 online CPUs)	1	baseline	0.020114167	0.09920799999999907	0.0026679999999998927	0	8.13134765625	9.23828125	7.33642578125
initial	1	1	100000	auto (8 online CPUs)	1	candidate	0.004690042	0.002907000000000437	0.0017499999999999183	0	8.13134765625	9.23828125	7.33642578125
initial	1	1	100000	auto (8 online CPUs)	2	baseline	0.021587208	0.11480700000000077	0.003915000000000113	0	8.13134765625	9.23828125	7.33642578125
initial	1	1	100000	auto (8 online CPUs)	2	candidate	0.00788275	0.0031509999999990157	0.0021009999999999085	0	8.13134765625	9.23828125	7.33642578125
initial	1	1	100000	auto (8 online CPUs)	2	control	0.016264833	0.0669360000000001	0.0033770000000001854	0	8.13134765625	9.23828125	7.33642578125
initial	1	1	100000	4	0	candidate	0.004800292	0.0025460000000006033	0.0016239999999998478	0	8.13134765625	9.23828125	7.33642578125
initial	1	1	100000	4	0	control	0.012150834	0.029864999999999142	0.0021800000000000708	0	8.13134765625	9.23828125	7.33642578125
initial	1	1	100000	4	0	baseline	0.013735292	0.033336000000000254	0.0020279999999999188	0	8.13134765625	9.23828125	7.33642578125
initial	1	1	100000	4	1	control	0.0160165	0.0387909999999998	0.0021860000000000213	0	8.13134765625	9.23828125	7.33642578125
initial	1	1	100000	4	1	baseline	0.013569083	0.03556700000000035	0.0022800000000000598	0	8.13134765625	9.23828125	7.33642578125
initial	1	1	100000	4	1	candidate	0.004997375	0.0024920000000001608	0.001819000000000015	0	8.13134765625	9.23828125	7.33642578125
initial	1	1	100000	4	2	baseline	0.012843542	0.03002500000000019	0.0023779999999999912	0	8.13134765625	9.23828125	7.33642578125
initial	1	1	100000	4	2	candidate	0.004586958	0.002534999999999954	0.0018419999999998993	0	8.13134765625	9.23828125	7.33642578125
initial	1	1	100000	4	2	control	0.016338125	0.029149000000000314	0.0019460000000000033	0	8.13134765625	9.23828125	7.33642578125
initial	1	8	100000	auto (8 online CPUs)	0	candidate	0.007518459	0.004422999999999178	0.0043740000000001	0	8.13134765625	9.23828125	7.33642578125
initial	1	8	100000	auto (8 online CPUs)	0	control	0.017206458	0.07270699999999941	0.005222999999999978	0	8.13134765625	9.23828125	7.33642578125
initial	1	8	100000	auto (8 online CPUs)	0	baseline	0.01548075	0.06067500000000159	0.0037920000000000176	0	8.13134765625	9.23828125	7.33642578125
initial	1	8	100000	auto (8 online CPUs)	1	control	0.015048958	0.05828099999999914	0.003730999999999929	0	8.13134765625	9.23828125	7.33642578125
initial	1	8	100000	auto (8 online CPUs)	1	baseline	0.016217625	0.06962500000000027	0.003735000000000044	0	8.13134765625	9.23828125	7.33642578125
initial	1	8	100000	auto (8 online CPUs)	1	candidate	0.006436833	0.004008999999999929	0.0029079999999999107	0	8.13134765625	9.23828125	7.33642578125
initial	1	8	100000	auto (8 online CPUs)	2	baseline	0.018051791	0.07689799999999991	0.003937999999999997	0	8.13134765625	9.23828125	7.33642578125
initial	1	8	100000	auto (8 online CPUs)	2	candidate	0.016509333	0.0038929999999997023	0.003066000000000013	0	8.13134765625	9.23828125	7.33642578125
initial	1	8	100000	auto (8 online CPUs)	2	control	0.021677833	0.0435029999999994	0.003230000000000066	0	8.13134765625	9.23828125	7.33642578125
initial	1	8	100000	4	0	candidate	0.006307625	0.0031850000000002154	0.002585999999999977	0	8.13134765625	9.23828125	7.33642578125
initial	1	8	100000	4	0	control	0.011365708	0.02340000000000053	0.0027880000000000127	0	8.13134765625	9.23828125	7.33642578125
initial	1	8	100000	4	0	baseline	0.013263917	0.030893000000000725	0.0025370000000000115	0	8.13134765625	9.23828125	7.33642578125
initial	1	8	100000	4	1	control	0.014013209	0.028715999999999298	0.002785999999999955	0	8.13134765625	9.23828125	7.33642578125
initial	1	8	100000	4	1	baseline	0.012549833	0.026894000000000418	0.0028520000000000767	0	8.13134765625	9.23828125	7.33642578125
initial	1	8	100000	4	1	candidate	0.006090584	0.0032269999999989807	0.0025169999999998804	0	8.13134765625	9.23828125	7.33642578125
initial	1	8	100000	4	2	baseline	0.015756708	0.033499000000000834	0.0033530000000001614	0	8.13134765625	9.23828125	7.33642578125
initial	1	8	100000	4	2	candidate	0.006328333	0.0032209999999999184	0.0026770000000000405	0	8.13134765625	9.23828125	7.33642578125
initial	1	8	100000	4	2	control	0.012863875	0.027805000000000746	0.0029369999999999674	0	8.13134765625	9.23828125	7.33642578125
initial	1	4096	512	auto (8 online CPUs)	0	candidate	0.010074	0.004843999999998516	0.006197000000000008	0	8.13134765625	9.23828125	7.33642578125
initial	1	4096	512	auto (8 online CPUs)	0	control	0.009025625	0.0049740000000007	0.00502799999999981	0	8.13134765625	9.23828125	7.33642578125
initial	1	4096	512	auto (8 online CPUs)	0	baseline	0.009165042	0.005148999999999404	0.005022000000000082	0	8.13134765625	9.23828125	7.33642578125
initial	1	4096	512	auto (8 online CPUs)	1	control	0.009592916	0.005295000000000272	0.005518000000000134	0	8.13134765625	9.23828125	7.33642578125
initial	1	4096	512	auto (8 online CPUs)	1	baseline	0.009358166	0.005577000000000609	0.006420999999999788	0	8.13134765625	9.23828125	7.33642578125
initial	1	4096	512	auto (8 online CPUs)	1	candidate	0.009351834	0.00491699999999895	0.005611000000000033	0	8.13134765625	9.23828125	7.33642578125
initial	1	4096	512	auto (8 online CPUs)	2	baseline	0.009409875	0.005237000000001046	0.00553300000000001	0	8.13134765625	9.23828125	7.33642578125
initial	1	4096	512	auto (8 online CPUs)	2	candidate	0.009408209	0.004863999999999535	0.005443000000000087	0	8.13134765625	9.23828125	7.33642578125
initial	1	4096	512	auto (8 online CPUs)	2	control	0.010747	0.0053149999999995146	0.005778999999999979	0	8.13134765625	9.23828125	7.33642578125
initial	1	4096	512	4	0	candidate	0.009363292	0.004253000000000284	0.00521499999999997	0	8.13134765625	9.23828125	7.33642578125
initial	1	4096	512	4	0	control	0.009727791	0.004246000000000194	0.005476999999999954	0	8.13134765625	9.23828125	7.33642578125
initial	1	4096	512	4	0	baseline	0.010106042	0.004459000000000657	0.006290000000000129	0	8.13134765625	9.23828125	7.33642578125
initial	1	4096	512	4	1	control	0.009805458	0.004258999999999347	0.005361999999999867	0	8.13134765625	9.23828125	7.33642578125
initial	1	4096	512	4	1	baseline	0.00975325	0.004416000000000864	0.005502000000000118	0	8.13134765625	9.23828125	7.33642578125
initial	1	4096	512	4	1	candidate	0.009961042	0.004403999999999186	0.006413000000000002	0	8.13134765625	9.23828125	7.33642578125
initial	1	4096	512	4	2	baseline	0.009836125	0.004569999999999297	0.005905000000000049	0	8.13134765625	9.23828125	7.33642578125
initial	1	4096	512	4	2	candidate	0.0102975	0.0042610000000014026	0.0065429999999999655	0	8.13134765625	9.23828125	7.33642578125
initial	1	4096	512	4	2	control	0.010205958	0.004220999999999364	0.005535999999999985	0	8.13134765625	9.23828125	7.33642578125
initial	2	0	100000	auto (8 online CPUs)	0	control	0.020651083	0.10365099999999927	0.004369999999999985	0	8.13134765625	9.23828125	7.33642578125
initial	2	0	100000	auto (8 online CPUs)	0	baseline	0.024187125	0.12918300000000116	0.003481999999999985	0	8.13134765625	9.23828125	7.33642578125
initial	2	0	100000	auto (8 online CPUs)	0	candidate	0.004630959	0.0027159999999994966	0.0018199999999999328	0	8.13134765625	9.23828125	7.33642578125
initial	2	0	100000	auto (8 online CPUs)	1	baseline	0.025999959	0.1339869999999994	0.0066950000000001175	0	8.13134765625	9.23828125	7.33642578125
initial	2	0	100000	auto (8 online CPUs)	1	candidate	0.007685	0.002404000000000295	0.0017899999999999583	0	8.13134765625	9.23828125	7.33642578125
initial	2	0	100000	auto (8 online CPUs)	1	control	0.020028083	0.10256700000000052	0.002947000000000033	0	8.13134765625	9.23828125	7.33642578125
initial	2	0	100000	auto (8 online CPUs)	2	candidate	0.004351833	0.002627000000000379	0.0018199999999999328	0	8.13134765625	9.23828125	7.33642578125
initial	2	0	100000	auto (8 online CPUs)	2	control	0.01516825	0.07816599999999951	0.001964000000000077	0	8.13134765625	9.23828125	7.33642578125
initial	2	0	100000	auto (8 online CPUs)	2	baseline	0.019162917	0.08120300000000036	0.002422999999999842	0	8.13134765625	9.23828125	7.33642578125
initial	2	0	100000	4	0	control	0.012301166	0.0313990000000004	0.0018000000000000238	0	8.13134765625	9.23828125	7.33642578125
initial	2	0	100000	4	0	baseline	0.011603875	0.03109399999999951	0.0015680000000000138	0	8.13134765625	9.23828125	7.33642578125
initial	2	0	100000	4	0	candidate	0.004125	0.0021620000000002193	0.0012980000000000214	0	8.13134765625	9.23828125	7.33642578125
initial	2	0	100000	4	1	baseline	0.01209725	0.03428499999999879	0.0015419999999999323	0	8.13134765625	9.23828125	7.33642578125
initial	2	0	100000	4	1	candidate	0.004030291	0.002107000000000525	0.0012790000000000301	0	8.13134765625	9.23828125	7.33642578125
initial	2	0	100000	4	1	control	0.014807416	0.03410900000000083	0.0015840000000000298	0	8.13134765625	9.23828125	7.33642578125
initial	2	0	100000	4	2	candidate	0.003832917	0.0021249999999994884	0.0012739999999999974	0	8.13134765625	9.23828125	7.33642578125
initial	2	0	100000	4	2	control	0.011531917	0.03324499999999908	0.0013220000000000454	0	8.13134765625	9.23828125	7.33642578125
initial	2	0	100000	4	2	baseline	0.012323208	0.0336780000000001	0.001843000000000039	0	8.13134765625	9.23828125	7.33642578125
initial	2	1	100000	auto (8 online CPUs)	0	control	0.02680425	0.14924400000000126	0.006073999999999913	0	8.13134765625	9.23828125	7.33642578125
initial	2	1	100000	auto (8 online CPUs)	0	baseline	0.02428375	0.13009800000000027	0.006922000000000095	0	8.13134765625	9.23828125	7.33642578125
initial	2	1	100000	auto (8 online CPUs)	0	candidate	0.004608	0.003005999999999176	0.0018529999999998825	0	8.13134765625	9.23828125	7.33642578125
initial	2	1	100000	auto (8 online CPUs)	1	baseline	0.020820917	0.11683400000000077	0.005837000000000092	0	8.13134765625	9.23828125	7.33642578125
initial	2	1	100000	auto (8 online CPUs)	1	candidate	0.00458325	0.0027559999999997586	0.001922999999999897	0	8.13134765625	9.23828125	7.33642578125
initial	2	1	100000	auto (8 online CPUs)	1	control	0.02340525	0.10773399999999889	0.003141999999999978	0	8.13134765625	9.23828125	7.33642578125
initial	2	1	100000	auto (8 online CPUs)	2	candidate	0.004722792	0.00310200000000016	0.0020850000000001145	0	8.13134765625	9.23828125	7.33642578125
initial	2	1	100000	auto (8 online CPUs)	2	control	0.01812425	0.09042800000000106	0.0026090000000000835	0	8.13134765625	9.23828125	7.33642578125
initial	2	1	100000	auto (8 online CPUs)	2	baseline	0.026805292	0.15306399999999876	0.005606	0	8.13134765625	9.23828125	7.33642578125
initial	2	1	100000	4	0	control	0.014275667	0.03949900000000106	0.0017689999999999095	0	8.13134765625	9.23828125	7.33642578125
initial	2	1	100000	4	0	baseline	0.011094542	0.027490999999999488	0.0017080000000000428	0	8.13134765625	9.23828125	7.33642578125
initial	2	1	100000	4	0	candidate	0.004830542	0.002494999999999692	0.0016890000000000516	0	8.13134765625	9.23828125	7.33642578125
initial	2	1	100000	4	1	baseline	0.011610083	0.03032199999999996	0.001698999999999895	0	8.13134765625	9.23828125	7.33642578125
initial	2	1	100000	4	1	candidate	0.008363875	0.00247099999999989	0.001587000000000005	0	8.13134765625	9.23828125	7.33642578125
initial	2	1	100000	4	1	control	0.010713	0.02678000000000047	0.00189499999999998	0	8.13134765625	9.23828125	7.33642578125
initial	2	1	100000	4	2	candidate	0.00446475	0.0024049999999995464	0.001543000000000072	0	8.13134765625	9.23828125	7.33642578125
initial	2	1	100000	4	2	control	0.010921584	0.028055000000000163	0.0020339999999998692	0	8.13134765625	9.23828125	7.33642578125
initial	2	1	100000	4	2	baseline	0.011772958	0.029638999999999527	0.00197500000000006	0	8.13134765625	9.23828125	7.33642578125
initial	2	8	100000	auto (8 online CPUs)	0	control	0.01619725	0.05635000000000012	0.0038279999999999426	0	8.13134765625	9.23828125	7.33642578125
initial	2	8	100000	auto (8 online CPUs)	0	baseline	0.015393708	0.061329999999999885	0.003929000000000071	0	8.13134765625	9.23828125	7.33642578125
initial	2	8	100000	auto (8 online CPUs)	0	candidate	0.00710175	0.004042000000000101	0.003854999999999942	0	8.13134765625	9.23828125	7.33642578125
initial	2	8	100000	auto (8 online CPUs)	1	baseline	0.015807667	0.05877599999999994	0.003907000000000105	0	8.13134765625	9.23828125	7.33642578125
initial	2	8	100000	auto (8 online CPUs)	1	candidate	0.0070865	0.003899000000000541	0.0033969999999998723	0	8.13134765625	9.23828125	7.33642578125
initial	2	8	100000	auto (8 online CPUs)	1	control	0.014931667	0.05835399999999957	0.003786000000000067	0	8.13134765625	9.23828125	7.33642578125
initial	2	8	100000	auto (8 online CPUs)	2	candidate	0.007063666	0.0038800000000005497	0.003762000000000043	0	8.13134765625	9.23828125	7.33642578125
initial	2	8	100000	auto (8 online CPUs)	2	control	0.015899625	0.06334700000000026	0.004110999999999976	0	8.13134765625	9.23828125	7.33642578125
initial	2	8	100000	auto (8 online CPUs)	2	baseline	0.015553375	0.06655699999999953	0.004034000000000093	0	8.13134765625	9.23828125	7.33642578125
initial	2	8	100000	4	0	control	0.01253575	0.026498000000000133	0.0029479999999999507	0	8.13134765625	9.23828125	7.33642578125
initial	2	8	100000	4	0	baseline	0.013064625	0.028518000000000043	0.002966999999999942	0	8.13134765625	9.23828125	7.33642578125
initial	2	8	100000	4	0	candidate	0.00738175	0.003318000000000154	0.0029399999999999427	0	8.13134765625	9.23828125	7.33642578125
initial	2	8	100000	4	1	baseline	0.012331958	0.02547399999999911	0.0032050000000001244	0	8.13134765625	9.23828125	7.33642578125
initial	2	8	100000	4	1	candidate	0.006622417	0.0033380000000011734	0.002953999999999901	0	8.13134765625	9.23828125	7.33642578125
initial	2	8	100000	4	1	control	0.013140375	0.028969000000000023	0.003111000000000086	0	8.13134765625	9.23828125	7.33642578125
initial	2	8	100000	4	2	candidate	0.006666125	0.0032849999999999824	0.002963000000000049	0	8.13134765625	9.23828125	7.33642578125
initial	2	8	100000	4	2	control	0.013172375	0.026838999999998947	0.0034719999999999196	0	8.13134765625	9.23828125	7.33642578125
initial	2	8	100000	4	2	baseline	0.011480958	0.02060600000000079	0.0030049999999999244	0	8.13134765625	9.23828125	7.33642578125
initial	2	4096	512	auto (8 online CPUs)	0	control	0.01026	0.005314000000000263	0.0061350000000000016	0	8.13134765625	9.23828125	7.33642578125
initial	2	4096	512	auto (8 online CPUs)	0	baseline	0.010046125	0.005447999999999453	0.00668599999999997	0	8.13134765625	9.23828125	7.33642578125
initial	2	4096	512	auto (8 online CPUs)	0	candidate	0.00920625	0.0052920000000007406	0.005727000000000038	0	8.13134765625	9.23828125	7.33642578125
initial	2	4096	512	auto (8 online CPUs)	1	baseline	0.009582542	0.005098000000000269	0.00583900000000015	0	8.13134765625	9.23828125	7.33642578125
initial	2	4096	512	auto (8 online CPUs)	1	candidate	0.010054125	0.004862999999998507	0.005634999999999835	0	8.13134765625	9.23828125	7.33642578125
initial	2	4096	512	auto (8 online CPUs)	1	control	0.009437625	0.005214000000000496	0.005923000000000123	0	8.13134765625	9.23828125	7.33642578125
initial	2	4096	512	auto (8 online CPUs)	2	candidate	0.009921958	0.00523899999999955	0.0067789999999998685	0	8.13134765625	9.23828125	7.33642578125
initial	2	4096	512	auto (8 online CPUs)	2	control	0.009167375	0.005411000000000499	0.005689000000000055	0	8.13134765625	9.23828125	7.33642578125
initial	2	4096	512	auto (8 online CPUs)	2	baseline	0.00967	0.005546999999999969	0.005929999999999991	0	8.13134765625	9.23828125	7.33642578125
initial	2	4096	512	4	0	control	0.009881292	0.004129000000000715	0.005668000000000006	0	8.13134765625	9.23828125	7.33642578125
initial	2	4096	512	4	0	baseline	0.009887916	0.004455999999999349	0.005136999999999947	0	8.13134765625	9.23828125	7.33642578125
initial	2	4096	512	4	0	candidate	0.009370584	0.0041679999999999495	0.004847000000000046	0	8.13134765625	9.23828125	7.33642578125
initial	2	4096	512	4	1	baseline	0.013925667	0.004212000000000771	0.005114000000000063	0	8.13134765625	9.23828125	7.33642578125
initial	2	4096	512	4	1	candidate	0.009924041	0.004061999999999344	0.005469999999999864	0	8.13134765625	9.23828125	7.33642578125
initial	2	4096	512	4	1	control	0.009458042	0.004265999999999437	0.004921000000000175	0	8.13134765625	9.23828125	7.33642578125
initial	2	4096	512	4	2	candidate	0.00942525	0.004205999999999932	0.005218999999999863	0	8.13134765625	9.23828125	7.33642578125
initial	2	4096	512	4	2	control	0.009253625	0.004305000000000447	0.004699000000000009	0	8.13134765625	9.23828125	7.33642578125
initial	2	4096	512	4	2	baseline	0.009703	0.0042799999999996174	0.005071000000000048	0	8.13134765625	9.23828125	7.33642578125
confirmation	0	0	1000000	1	0	baseline	0.403837125	0.0025079999999997327	0.0022050000000000125	0	7.14111328125	8.453125	7.20068359375
confirmation	0	0	1000000	1	0	candidate	0.269224583	0.0018450000000003186	0.0020169999999999355	0	7.14111328125	8.453125	7.20068359375
confirmation	0	0	1000000	1	0	control	0.161363333	0.0029260000000004283	0.0017290000000000916	0	7.14111328125	8.453125	7.20068359375
confirmation	0	0	1000000	1	1	candidate	0.007287458	0.0037810000000000343	0.0020769999999998845	0	7.14111328125	8.453125	7.20068359375
confirmation	0	0	1000000	1	1	control	0.00454925	0.0019449999999991974	0.0012540000000000884	0	7.14111328125	8.453125	7.20068359375
confirmation	0	0	1000000	1	1	baseline	0.006010708	0.002263000000000126	0.0016169999999999796	0	7.14111328125	8.453125	7.20068359375
confirmation	0	0	1000000	1	2	control	0.005677792	0.002654999999999852	0.0015179999999999083	0	7.14111328125	8.453125	7.20068359375
confirmation	0	0	1000000	1	2	baseline	0.00537125	0.0021860000000000213	0.0014460000000000583	0	7.14111328125	8.453125	7.20068359375
confirmation	0	0	1000000	1	2	candidate	0.004930125	0.0020649999999999835	0.0013810000000000766	0	7.14111328125	8.453125	7.20068359375
confirmation	0	0	1000000	4	0	baseline	0.067934583	0.2553560000000008	0.002059000000000033	0	7.14111328125	8.453125	7.20068359375
confirmation	0	0	1000000	4	0	candidate	0.006455333	0.010117999999999405	0.001578999999999997	0	7.14111328125	8.453125	7.20068359375
confirmation	0	0	1000000	4	0	control	0.070950667	0.2678320000000003	0.0019399999999998307	0	7.14111328125	8.453125	7.20068359375
confirmation	0	0	1000000	4	1	candidate	0.012847	0.010151999999999717	0.0020330000000001736	0	7.20947265625	8.4453125	7.205078125
confirmation	0	0	1000000	4	1	control	0.068022667	0.2519910000000003	0.00278299999999998	0	7.20947265625	8.4453125	7.205078125
confirmation	0	0	1000000	4	1	baseline	0.0720415	0.2689769999999996	0.0021249999999999325	0	7.20947265625	8.4453125	7.205078125
confirmation	0	0	1000000	4	2	control	0.075486625	0.2837360000000002	0.0021880000000000788	0	7.20947265625	8.4453125	7.205078125
confirmation	0	0	1000000	4	2	baseline	0.071229084	0.24523899999999976	0.004685999999999968	0	7.20947265625	8.4453125	7.205078125
confirmation	0	0	1000000	4	2	candidate	0.006436208	0.010271000000000363	0.001438999999999968	0	7.20947265625	8.4453125	7.205078125
confirmation	0	1	1000000	1	0	baseline	0.28282825	0.004820999999999742	0.0041640000000000565	0	7.20947265625	8.4453125	7.205078125
confirmation	0	1	1000000	1	0	candidate	0.268297125	0.0043800000000002726	0.004761000000000015	0	7.20947265625	8.4453125	7.205078125
confirmation	0	1	1000000	1	0	control	0.193272292	0.0039009999999999323	0.0038719999999998755	0	7.20947265625	8.4453125	7.205078125
confirmation	0	1	1000000	1	1	candidate	0.012562791	0.006140000000000256	0.00390299999999999	0	7.20947265625	8.4453125	7.205078125
confirmation	0	1	1000000	1	1	control	0.012258708	0.005649000000000015	0.004348999999999936	0	7.20947265625	8.4453125	7.205078125
confirmation	0	1	1000000	1	1	baseline	0.011865417	0.004434999999999967	0.004167000000000032	0	7.20947265625	8.4453125	7.205078125
confirmation	0	1	1000000	1	2	control	0.010446	0.0044240000000002055	0.003818000000000099	0	7.20947265625	8.4453125	7.205078125
confirmation	0	1	1000000	1	2	baseline	0.009471833	0.0040399999999998215	0.003369999999999873	0	7.20947265625	8.4453125	7.205078125
confirmation	0	1	1000000	1	2	candidate	0.009238834	0.003785999999999845	0.0035089999999999844	0	7.20947265625	8.4453125	7.205078125
confirmation	0	1	1000000	4	0	baseline	0.070832667	0.22131900000000027	0.006209000000000131	0	7.20947265625	8.4453125	7.205078125
confirmation	0	1	1000000	4	0	candidate	0.011653167	0.014420999999999573	0.005639999999999867	0	7.20947265625	8.4453125	7.205078125
confirmation	0	1	1000000	4	0	control	0.112539125	0.1307419999999997	0.010885000000000034	0	7.20947265625	8.4453125	7.205078125
confirmation	0	1	1000000	4	1	candidate	0.010106833	0.01316400000000062	0.0035890000000000644	0	7.20947265625	8.4453125	7.205078125
confirmation	0	1	1000000	4	1	control	0.071499791	0.2542600000000004	0.006205999999999934	0	7.20947265625	8.4453125	7.205078125
confirmation	0	1	1000000	4	1	baseline	0.07882725	0.2649469999999994	0.007379000000000024	0	7.20947265625	8.4453125	7.205078125
confirmation	0	1	1000000	4	2	control	0.074367667	0.25320699999999974	0.006746000000000141	0	7.20947265625	8.4453125	7.205078125
confirmation	0	1	1000000	4	2	baseline	0.073036875	0.2578080000000007	0.005828999999999862	0	7.20947265625	8.4453125	7.205078125
confirmation	0	1	1000000	4	2	candidate	0.009758792	0.013021000000000171	0.0033959999999999546	0	7.20947265625	8.4453125	7.205078125
confirmation	0	8	1000000	1	0	baseline	0.319637167	0.019691999999999155	0.025536000000000003	0	7.20947265625	8.4453125	7.205078125
confirmation	0	8	1000000	1	0	candidate	0.308447625	0.020056000000000296	0.023787000000000003	0	7.20947265625	8.4453125	7.205078125
confirmation	0	8	1000000	1	0	control	0.235515208	0.019301000000000457	0.02676400000000001	0	7.20947265625	8.4453125	7.205078125
confirmation	0	8	1000000	1	1	candidate	0.037221209	0.013728999999999658	0.019400000000000084	0	7.20947265625	8.4453125	7.205078125
confirmation	0	8	1000000	1	1	control	0.034324292	0.012715000000000032	0.02000399999999991	0	7.20947265625	8.4453125	7.205078125
confirmation	0	8	1000000	1	1	baseline	0.034007792	0.012596999999999525	0.018032999999999966	0	7.20947265625	8.4453125	7.205078125
confirmation	0	8	1000000	1	2	control	0.033449292	0.012480000000000047	0.016570000000000196	0	7.20947265625	8.4453125	7.205078125
confirmation	0	8	1000000	1	2	baseline	0.03418225	0.012477999999999767	0.016765999999999837	0	7.20947265625	8.4453125	7.205078125
confirmation	0	8	1000000	1	2	candidate	0.033328083	0.01255700000000104	0.016404000000000085	0	7.20947265625	8.4453125	7.205078125
confirmation	0	8	1000000	4	0	baseline	0.096791709	0.27095999999999876	0.018337000000000048	0	7.20947265625	8.4453125	7.205078125
confirmation	0	8	1000000	4	0	candidate	0.030960416	0.02244600000000041	0.019079999999999986	0	7.20947265625	8.4453125	7.205078125
confirmation	0	8	1000000	4	0	control	0.092593458	0.25201900000000066	0.02534499999999995	0	7.20947265625	8.4453125	7.205078125
confirmation	0	8	1000000	4	1	candidate	0.032334334	0.02287899999999965	0.017457999999999974	0	7.20947265625	8.4453125	7.205078125
confirmation	0	8	1000000	4	1	control	0.092654333	0.26664700000000074	0.019886999999999988	0	7.20947265625	8.4453125	7.205078125
confirmation	0	8	1000000	4	1	baseline	0.089095208	0.2514219999999998	0.01849999999999996	0	7.20947265625	8.4453125	7.205078125
confirmation	0	8	1000000	4	2	control	0.08562875	0.20555599999999963	0.02381500000000014	0	7.20947265625	8.4453125	7.205078125
confirmation	0	8	1000000	4	2	baseline	0.088651583	0.23922899999999991	0.020029999999999992	0	7.20947265625	8.4453125	7.205078125
confirmation	0	8	1000000	4	2	candidate	0.032636708	0.02253999999999934	0.021703999999999946	0	7.20947265625	8.4453125	7.205078125
confirmation	0	4096	512	1	0	baseline	0.216725083	0.003802000000000305	0.005829000000000084	0	7.20947265625	8.4453125	7.205078125
confirmation	0	4096	512	1	0	candidate	0.194363916	0.006745000000000445	0.012030999999999903	0	7.20947265625	8.4453125	7.205078125
confirmation	0	4096	512	1	0	control	0.179995291	0.005198000000000036	0.007717999999999892	0	7.20947265625	8.4453125	7.205078125
confirmation	0	4096	512	1	1	candidate	0.014032416	0.004443000000000197	0.006485000000000074	0	7.20947265625	8.4453125	7.205078125
confirmation	0	4096	512	1	1	control	0.012618	0.004099000000000075	0.005921999999999983	0	7.20947265625	8.4453125	7.205078125
confirmation	0	4096	512	1	1	baseline	0.012915792	0.003959000000000046	0.007254000000000094	0	7.20947265625	8.4453125	7.205078125
confirmation	0	4096	512	1	2	control	0.012002417	0.003645999999999816	0.0064709999999998935	0	7.20947265625	8.4453125	7.205078125
confirmation	0	4096	512	1	2	baseline	0.013092958	0.003689999999998861	0.006221000000000032	0	7.20947265625	8.4453125	7.205078125
confirmation	0	4096	512	1	2	candidate	0.012321459	0.0038290000000014146	0.006537000000000015	0	7.20947265625	8.4453125	7.205078125
confirmation	0	4096	512	4	0	baseline	0.010134666	0.004648999999998793	0.006201000000000123	0	7.20947265625	8.4453125	7.205078125
confirmation	0	4096	512	4	0	candidate	0.010280834	0.004364999999999952	0.006349999999999856	0	7.20947265625	8.4453125	7.205078125
confirmation	0	4096	512	4	0	control	0.010224834	0.004330000000001277	0.006352000000000135	0	7.20947265625	8.4453125	7.205078125
confirmation	0	4096	512	4	1	candidate	0.009545833	0.0043069999999989506	0.005109999999999948	0	7.20947265625	8.4453125	7.205078125
confirmation	0	4096	512	4	1	control	0.0100015	0.0044240000000002055	0.005525000000000002	0	7.20947265625	8.4453125	7.205078125
confirmation	0	4096	512	4	1	baseline	0.010263166	0.004426000000000485	0.005952999999999875	0	7.20947265625	8.4453125	7.205078125
confirmation	0	4096	512	4	2	control	0.010564584	0.004550000000000054	0.0066310000000000535	0	7.20947265625	8.4453125	7.205078125
confirmation	0	4096	512	4	2	baseline	0.017103583	0.004348999999999492	0.006215000000000082	0	7.20947265625	8.4453125	7.205078125
confirmation	0	4096	512	4	2	candidate	0.010643083	0.004649000000000569	0.006615999999999955	0	7.20947265625	8.4453125	7.205078125
confirmation	1	0	1000000	1	0	candidate	0.0066575	0.0021079999999997767	0.0023040000000000838	0	7.20947265625	8.4453125	7.205078125
confirmation	1	0	1000000	1	0	control	0.004569792	0.0017730000000000246	0.0015459999999998253	0	7.20947265625	8.4453125	7.205078125
confirmation	1	0	1000000	1	0	baseline	0.004543542	0.0017300000000002314	0.0014230000000001741	0	7.20947265625	8.4453125	7.205078125
confirmation	1	0	1000000	1	1	control	0.00445375	0.001666999999999419	0.0013119999999999798	0	7.20947265625	8.4453125	7.205078125
confirmation	1	0	1000000	1	1	baseline	0.004665834	0.0017040000000001498	0.0012779999999998903	0	7.20947265625	8.4453125	7.205078125
confirmation	1	0	1000000	1	1	candidate	0.004674625	0.0017379999999995732	0.0014140000000000263	0	7.20947265625	8.4453125	7.205078125
confirmation	1	0	1000000	1	2	baseline	0.00456925	0.001718999999999582	0.0013320000000001109	0	7.20947265625	8.4453125	7.205078125
confirmation	1	0	1000000	1	2	candidate	0.004835417	0.0018420000000016756	0.0015119999999999578	0	7.20947265625	8.4453125	7.205078125
confirmation	1	0	1000000	1	2	control	0.0045915	0.0018239999999991596	0.0012619999999998743	0	7.20947265625	8.4453125	7.205078125
confirmation	1	0	1000000	4	0	candidate	0.011387792	0.010419000000000622	0.0016120000000001689	0	7.20947265625	8.4453125	7.205078125
confirmation	1	0	1000000	4	0	control	0.069825375	0.2417979999999993	0.004772999999999916	0	7.20947265625	8.4453125	7.205078125
confirmation	1	0	1000000	4	0	baseline	0.071817459	0.2658290000000001	0.003317999999999932	0	7.20947265625	8.4453125	7.205078125
confirmation	1	0	1000000	4	1	control	0.069962834	0.2584319999999991	0.0026060000000001082	0	7.20947265625	8.4453125	7.205078125
confirmation	1	0	1000000	4	1	baseline	0.072817833	0.27178000000000146	0.00231899999999996	0	7.20947265625	8.4453125	7.205078125
confirmation	1	0	1000000	4	1	candidate	0.006453666	0.01021099999999997	0.0014879999999999338	0	7.20947265625	8.4453125	7.205078125
confirmation	1	0	1000000	4	2	baseline	0.066752125	0.25063999999999886	0.0021020000000000483	0	7.20947265625	8.4453125	7.205078125
confirmation	1	0	1000000	4	2	candidate	0.006472541	0.01021099999999997	0.0015620000000000633	0	7.20947265625	8.4453125	7.205078125
confirmation	1	0	1000000	4	2	control	0.073557667	0.27556200000000075	0.0020819999999999173	0	7.20947265625	8.4453125	7.205078125
confirmation	1	1	1000000	1	0	candidate	0.008356917	0.003443000000000751	0.003150999999999904	0	7.20947265625	8.4453125	7.205078125
confirmation	1	1	1000000	1	0	control	0.008390667	0.0033189999999994058	0.003058000000000005	0	7.20947265625	8.4453125	7.205078125
confirmation	1	1	1000000	1	0	baseline	0.008319334	0.003422999999999732	0.003039000000000014	0	7.20947265625	8.4453125	7.205078125
confirmation	1	1	1000000	1	1	control	0.008226458	0.0035009999999999764	0.002923000000000009	0	7.20947265625	8.4453125	7.205078125
confirmation	1	1	1000000	1	1	baseline	0.008156708	0.0034890000000000754	0.0029480000000001727	0	7.20947265625	8.4453125	7.205078125
confirmation	1	1	1000000	1	1	candidate	0.008164625	0.0034829999999992367	0.0028969999999999274	0	7.20947265625	8.4453125	7.205078125
confirmation	1	1	1000000	1	2	baseline	0.008575833	0.0034610000000014907	0.003277999999999892	0	7.20947265625	8.4453125	7.205078125
confirmation	1	1	1000000	1	2	candidate	0.009280125	0.003513999999999129	0.003786999999999985	0	7.20947265625	8.4453125	7.205078125
confirmation	1	1	1000000	1	2	control	0.008486042	0.003481999999999985	0.003049999999999997	0	7.20947265625	8.4453125	7.205078125
confirmation	1	1	1000000	4	0	candidate	0.009261833	0.01298599999999972	0.003343000000000096	0	7.20947265625	8.4453125	7.205078125
confirmation	1	1	1000000	4	0	control	0.071453041	0.2582190000000004	0.0048880000000000035	0	7.20947265625	8.4453125	7.205078125
confirmation	1	1	1000000	4	0	baseline	0.07450025	0.2650830000000006	0.005452000000000012	0	7.20947265625	8.4453125	7.205078125
confirmation	1	1	1000000	4	1	control	0.071140458	0.2566769999999998	0.004515000000000047	0	7.20947265625	8.4453125	7.205078125
confirmation	1	1	1000000	4	1	baseline	0.070448667	0.25195100000000004	0.004272999999999971	0	7.20947265625	8.4453125	7.205078125
confirmation	1	1	1000000	4	1	candidate	0.009924083	0.012903999999998916	0.0034849999999999604	0	6.9521484375	8.37109375	7.18603515625
confirmation	1	1	1000000	4	2	baseline	0.072755167	0.2606409999999997	0.0048719999999999875	0	6.9521484375	8.37109375	7.18603515625
confirmation	1	1	1000000	4	2	candidate	0.009391125	0.012839000000001377	0.003267000000000131	0	6.9521484375	8.37109375	7.18603515625
confirmation	1	1	1000000	4	2	control	0.078607166	0.281803	0.00428599999999979	0	6.9521484375	8.37109375	7.18603515625
confirmation	1	8	1000000	1	0	candidate	0.033472208	0.01236899999999963	0.017002000000000184	0	6.9521484375	8.37109375	7.18603515625
confirmation	1	8	1000000	1	0	control	0.033496541	0.012558000000000291	0.017546999999999757	0	6.9521484375	8.37109375	7.18603515625
confirmation	1	8	1000000	1	0	baseline	0.033569792	0.012513000000000218	0.01645500000000011	0	6.9521484375	8.37109375	7.18603515625
confirmation	1	8	1000000	1	1	control	0.0328995	0.012447999999999126	0.01610900000000015	0	6.9521484375	8.37109375	7.18603515625
confirmation	1	8	1000000	1	1	baseline	0.034061292	0.012605999999999895	0.017059000000000157	0	6.9521484375	8.37109375	7.18603515625
confirmation	1	8	1000000	1	1	candidate	0.032753416	0.012439999999999785	0.01590899999999973	0	6.9521484375	8.37109375	7.18603515625
confirmation	1	8	1000000	1	2	baseline	0.03489675	0.012944000000000955	0.019730000000000025	0	6.9521484375	8.37109375	7.18603515625
confirmation	1	8	1000000	1	2	candidate	0.034465916	0.012565000000000381	0.018820999999999977	0	6.9521484375	8.37109375	7.18603515625
confirmation	1	8	1000000	1	2	control	0.035511083	0.012966999999999729	0.018266000000000115	0	6.9521484375	8.37109375	7.18603515625
confirmation	1	8	1000000	4	0	candidate	0.030796416	0.021910000000000096	0.01785900000000007	0	6.9521484375	8.37109375	7.18603515625
confirmation	1	8	1000000	4	0	control	0.094511083	0.27494399999999963	0.017430999999999752	0	6.9521484375	8.37109375	7.18603515625
confirmation	1	8	1000000	4	0	baseline	0.0909785	0.26247799999999977	0.017510000000000137	0	6.9521484375	8.37109375	7.18603515625
confirmation	1	8	1000000	4	1	control	0.087367041	0.24317300000000053	0.021929000000000087	0	6.9521484375	8.37109375	7.18603515625
confirmation	1	8	1000000	4	1	baseline	0.090411958	0.2562610000000003	0.01824099999999973	0	6.9521484375	8.37109375	7.18603515625
confirmation	1	8	1000000	4	1	candidate	0.029290541	0.021727999999999525	0.016291999999999973	0	6.9521484375	8.37109375	7.18603515625
confirmation	1	8	1000000	4	2	baseline	0.093936167	0.27043399999999984	0.01865500000000031	0	6.9521484375	8.37109375	7.18603515625
confirmation	1	8	1000000	4	2	candidate	0.030724125	0.022017999999999205	0.017290999999999723	0	6.9521484375	8.37109375	7.18603515625
confirmation	1	8	1000000	4	2	control	0.092699417	0.2628459999999997	0.021811000000000025	0	6.9521484375	8.37109375	7.18603515625
confirmation	1	4096	512	1	0	candidate	0.010095958	0.0032440000000004687	0.0046520000000001005	0	6.9521484375	8.37109375	7.18603515625
confirmation	1	4096	512	1	0	control	0.0104305	0.003294000000000352	0.004757999999999818	0	6.9521484375	8.37109375	7.18603515625
confirmation	1	4096	512	1	0	baseline	0.010131875	0.0033130000000003434	0.004831000000000252	0	6.9521484375	8.37109375	7.18603515625
confirmation	1	4096	512	1	1	control	0.010334125	0.00322199999999917	0.004941000000000084	0	6.9521484375	8.37109375	7.18603515625
confirmation	1	4096	512	1	1	baseline	0.010367083	0.0032340000000008473	0.004780999999999924	0	6.9521484375	8.37109375	7.18603515625
confirmation	1	4096	512	1	1	candidate	0.010101292	0.0033320000000003347	0.0048799999999999955	0	6.9521484375	8.37109375	7.18603515625
confirmation	1	4096	512	1	2	baseline	0.009861709	0.003133999999999304	0.004764999999999908	0	6.9521484375	8.37109375	7.18603515625
confirmation	1	4096	512	1	2	candidate	0.010710375	0.0032700000000005502	0.0049800000000002065	0	6.9521484375	8.37109375	7.18603515625
confirmation	1	4096	512	1	2	control	0.010713375	0.0032629999999986836	0.005025999999999975	0	6.9521484375	8.37109375	7.18603515625
confirmation	1	4096	512	4	0	candidate	0.009643125	0.004484000000001487	0.005214000000000052	0	6.9521484375	8.37109375	7.18603515625
confirmation	1	4096	512	4	0	control	0.010192667	0.004293999999999798	0.005831999999999837	0	6.9521484375	8.37109375	7.18603515625
confirmation	1	4096	512	4	0	baseline	0.00987675	0.004279000000000366	0.005599000000000132	0	6.9521484375	8.37109375	7.18603515625
confirmation	1	4096	512	4	1	control	0.00985475	0.004286999999999708	0.005692999999999948	0	6.9521484375	8.37109375	7.18603515625
confirmation	1	4096	512	4	1	baseline	0.009839292	0.0043319999999997805	0.005462000000000078	0	6.9521484375	8.37109375	7.18603515625
confirmation	1	4096	512	4	1	candidate	0.009715208	0.004312999999999789	0.005500999999999756	0	6.9521484375	8.37109375	7.18603515625
confirmation	1	4096	512	4	2	baseline	0.009965416	0.004386000000000223	0.005484000000000044	0	6.9521484375	8.37109375	7.18603515625
confirmation	1	4096	512	4	2	candidate	0.009650667	0.004263999999999157	0.005577000000000165	0	6.9521484375	8.37109375	7.18603515625
confirmation	1	4096	512	4	2	control	0.009536125	0.004281999999999897	0.005125999999999742	0	6.9521484375	8.37109375	7.18603515625
confirmation	2	0	1000000	1	0	control	0.004338583	0.001788000000001233	0.0012210000000001386	0	6.9521484375	8.37109375	7.18603515625
confirmation	2	0	1000000	1	0	baseline	0.003902083	0.0016400000000000858	0.0009969999999999146	0	6.9521484375	8.37109375	7.18603515625
confirmation	2	0	1000000	1	0	candidate	0.004189	0.0016899999999999693	0.0011760000000000659	0	6.9521484375	8.37109375	7.18603515625
confirmation	2	0	1000000	1	1	baseline	0.004553958	0.001723000000000141	0.0014699999999998603	0	6.9521484375	8.37109375	7.18603515625
confirmation	2	0	1000000	1	1	candidate	0.004275208	0.001681999999998851	0.001196000000000197	0	6.9521484375	8.37109375	7.18603515625
confirmation	2	0	1000000	1	1	control	0.004003458	0.0016449999999998965	0.0011060000000000514	0	6.9521484375	8.37109375	7.18603515625
confirmation	2	0	1000000	1	2	candidate	0.00401825	0.001660000000001105	0.0010710000000000441	0	6.9521484375	8.37109375	7.18603515625
confirmation	2	0	1000000	1	2	control	0.0038335	0.0016679999999986705	0.0010619999999996743	0	6.9521484375	8.37109375	7.18603515625
confirmation	2	0	1000000	1	2	baseline	0.004152083	0.0016580000000008255	0.0011339999999999684	0	6.9521484375	8.37109375	7.18603515625
confirmation	2	0	1000000	4	0	control	0.0675105	0.2556609999999999	0.001663000000000192	0	6.9521484375	8.37109375	7.18603515625
confirmation	2	0	1000000	4	0	baseline	0.074560792	0.2800750000000001	0.002539000000000069	0	6.9521484375	8.37109375	7.18603515625
confirmation	2	0	1000000	4	0	candidate	0.006533208	0.010176000000001295	0.0015899999999997583	0	6.9521484375	8.37109375	7.18603515625
confirmation	2	0	1000000	4	1	baseline	0.0731935	0.2749229999999976	0.0021490000000001785	0	6.9521484375	8.37109375	7.18603515625
confirmation	2	0	1000000	4	1	candidate	0.006454625	0.01021300000000025	0.0015439999999999898	0	6.9521484375	8.37109375	7.18603515625
confirmation	2	0	1000000	4	1	control	0.075226625	0.2701090000000015	0.0034570000000000434	0	6.9521484375	8.37109375	7.18603515625
confirmation	2	0	1000000	4	2	candidate	0.006987583	0.010369000000000739	0.0018609999999998905	0	6.9521484375	8.37109375	7.18603515625
confirmation	2	0	1000000	4	2	control	0.074647042	0.2654559999999968	0.004288999999999987	0	6.9521484375	8.37109375	7.18603515625
confirmation	2	0	1000000	4	2	baseline	0.06845775	0.24950800000000228	0.003762000000000043	0	6.9521484375	8.37109375	7.18603515625
confirmation	2	1	1000000	1	0	control	0.008667542	0.0034719999999985873	0.0031680000000000597	0	6.9521484375	8.37109375	7.18603515625
confirmation	2	1	1000000	1	0	baseline	0.008672292	0.0035109999999995978	0.0031129999999999214	0	6.9521484375	8.37109375	7.18603515625
confirmation	2	1	1000000	1	0	candidate	0.008211541	0.003434999999999633	0.0028770000000002405	0	6.9521484375	8.37109375	7.18603515625
confirmation	2	1	1000000	1	1	baseline	0.008835167	0.003462999999999994	0.0030199999999998006	0	6.9521484375	8.37109375	7.18603515625
confirmation	2	1	1000000	1	1	candidate	0.0085125	0.003549000000003133	0.0029720000000001967	0	6.9521484375	8.37109375	7.18603515625
confirmation	2	1	1000000	1	1	control	0.009092333	0.003487999999997271	0.003533999999999704	0	6.9521484375	8.37109375	7.18603515625
confirmation	2	1	1000000	1	2	candidate	0.008814166	0.0034780000000012024	0.0033959999999999546	0	6.9521484375	8.37109375	7.18603515625
confirmation	2	1	1000000	1	2	control	0.009304083	0.0037109999999991317	0.003854000000000024	0	6.9521484375	8.37109375	7.18603515625
confirmation	2	1	1000000	1	2	baseline	0.008740833	0.0035799999999994725	0.003222000000000058	0	6.9521484375	8.37109375	7.18603515625
confirmation	2	1	1000000	4	0	control	0.069997291	0.25105800000000045	0.004894999999999872	0	6.9521484375	8.37109375	7.18603515625
confirmation	2	1	1000000	4	0	baseline	0.067726291	0.19292400000000143	0.008587000000000344	0	6.9521484375	8.37109375	7.18603515625
confirmation	2	1	1000000	4	0	candidate	0.021285542	0.013390999999998598	0.00410099999999991	0	6.9521484375	8.37109375	7.18603515625
confirmation	2	1	1000000	4	1	baseline	0.070651291	0.2356870000000022	0.007245000000000168	0	6.9521484375	8.37109375	7.18603515625
confirmation	2	1	1000000	4	1	candidate	0.011704208	0.013919999999998822	0.004242999999999775	0	6.9521484375	8.37109375	7.18603515625
confirmation	2	1	1000000	4	1	control	0.074962542	0.2626080000000002	0.007369000000000181	0	6.9521484375	8.37109375	7.18603515625
confirmation	2	1	1000000	4	2	candidate	0.014731708	0.015940999999997985	0.004537000000000013	0	6.9521484375	8.37109375	7.18603515625
confirmation	2	1	1000000	4	2	control	0.07428875	0.25851100000000216	0.006359999999999921	0	6.9521484375	8.37109375	7.18603515625
confirmation	2	1	1000000	4	2	baseline	0.071962167	0.244648999999999	0.00711499999999976	0	6.9521484375	8.37109375	7.18603515625
confirmation	2	8	1000000	1	0	control	0.033996083	0.012461000000001832	0.019248000000000154	0	6.9521484375	8.37109375	7.18603515625
confirmation	2	8	1000000	1	0	baseline	0.033805708	0.012454999999999217	0.01686299999999985	0	6.9521484375	8.37109375	7.18603515625
confirmation	2	8	1000000	1	0	candidate	0.035652041	0.012767000000000195	0.017848000000000308	0	6.9521484375	8.37109375	7.18603515625
confirmation	2	8	1000000	1	1	baseline	0.034751209	0.012541999999999831	0.019104999999999706	0	6.9521484375	8.37109375	7.18603515625
confirmation	2	8	1000000	1	1	candidate	0.033124458	0.012367999999998602	0.016176999999999886	0	6.9521484375	8.37109375	7.18603515625
confirmation	2	8	1000000	1	1	control	0.034881917	0.01288600000000173	0.01934300000000011	0	6.9521484375	8.37109375	7.18603515625
confirmation	2	8	1000000	1	2	candidate	0.035540958	0.012840000000000629	0.020858000000000043	0	6.9521484375	8.37109375	7.18603515625
confirmation	2	8	1000000	1	2	control	0.041045833	0.01329899999999995	0.018893999999999966	0	6.9521484375	8.37109375	7.18603515625
confirmation	2	8	1000000	1	2	baseline	0.039192334	0.012982999999998412	0.01920199999999994	0	6.9521484375	8.37109375	7.18603515625
confirmation	2	8	1000000	4	0	control	0.092054042	0.25657899999999856	0.021288000000000196	0	6.9521484375	8.37109375	7.18603515625
confirmation	2	8	1000000	4	0	baseline	0.094339416	0.2684730000000002	0.01772399999999985	0	6.9521484375	8.37109375	7.18603515625
confirmation	2	8	1000000	4	0	candidate	0.034041667	0.025413000000000352	0.01962900000000012	0	6.9521484375	8.37109375	7.18603515625
confirmation	2	8	1000000	4	1	baseline	0.088458625	0.24439200000000127	0.021300999999999792	0	6.9521484375	8.37109375	7.18603515625
confirmation	2	8	1000000	4	1	candidate	0.031638458	0.02259600000000006	0.018990000000000062	0	6.9521484375	8.37109375	7.18603515625
confirmation	2	8	1000000	4	1	control	0.099670041	0.2567440000000012	0.025653000000000148	0	6.9521484375	8.37109375	7.18603515625
confirmation	2	8	1000000	4	2	candidate	0.030589291	0.02235199999999793	0.016761999999999944	0	6.9521484375	8.37109375	7.18603515625
confirmation	2	8	1000000	4	2	control	0.092067875	0.24137999999999948	0.02041499999999985	0	6.9521484375	8.37109375	7.18603515625
confirmation	2	8	1000000	4	2	baseline	0.091810334	0.2595419999999997	0.01772499999999999	0	6.9521484375	8.37109375	7.18603515625
confirmation	2	4096	512	1	0	control	0.009750917	0.0030570000000018638	0.004330000000000389	0	6.9521484375	8.37109375	7.18603515625
confirmation	2	4096	512	1	0	baseline	0.009230375	0.003084999999998672	0.004225999999999619	0	6.9521484375	8.37109375	7.18603515625
confirmation	2	4096	512	1	0	candidate	0.017123917	0.003434999999999633	0.005527000000000282	0	6.9521484375	8.37109375	7.18603515625
confirmation	2	4096	512	1	1	baseline	0.010765958	0.0031500000000015405	0.004865999999999815	0	6.9521484375	8.37109375	7.18603515625
confirmation	2	4096	512	1	1	candidate	0.011006583	0.0032460000000007483	0.005959999999999965	0	6.9521484375	8.37109375	7.18603515625
confirmation	2	4096	512	1	1	control	0.01052725	0.0031269999999992137	0.005665000000000031	0	6.9521484375	8.37109375	7.18603515625
confirmation	2	4096	512	1	2	candidate	0.009575542	0.0030409999999996273	0.004434000000000271	0	6.9521484375	8.37109375	7.18603515625
confirmation	2	4096	512	1	2	control	0.010014375	0.003161999999999665	0.004718999999999696	0	6.9521484375	8.37109375	7.18603515625
confirmation	2	4096	512	1	2	baseline	0.010619583	0.0032280000000000086	0.005403000000000269	0	6.9521484375	8.37109375	7.18603515625
confirmation	2	4096	512	4	0	control	0.009123292	0.004187000000001717	0.0044079999999997455	0	6.9521484375	8.37109375	7.18603515625
confirmation	2	4096	512	4	0	baseline	0.013319166	0.00433400000000006	0.006095000000000184	0	6.9521484375	8.37109375	7.18603515625
confirmation	2	4096	512	4	0	candidate	0.009610042	0.004227999999997678	0.00449300000000008	0	6.9521484375	8.37109375	7.18603515625
confirmation	2	4096	512	4	1	baseline	0.009959333	0.004310000000000258	0.005399999999999849	0	6.9521484375	8.37109375	7.18603515625
confirmation	2	4096	512	4	1	candidate	0.009575834	0.004090999999998957	0.004824999999999857	0	6.9521484375	8.37109375	7.18603515625
confirmation	2	4096	512	4	1	control	0.009484	0.004223000000003196	0.004437000000000246	0	6.9521484375	8.37109375	7.18603515625
confirmation	2	4096	512	4	2	candidate	0.009559333	0.004135999999999029	0.005676999999999932	0	6.9521484375	8.37109375	7.18603515625
confirmation	2	4096	512	4	2	control	0.011377334	0.00446099999999916	0.005907000000000107	0	6.9521484375	8.37109375	7.18603515625
confirmation	2	4096	512	4	2	baseline	0.009860084	0.00399799999999928	0.0049120000000000275	0	6.9521484375	8.37109375	7.18603515625
