comparison,workload,pair,side,compiler,repetitions,seconds_per_invocation
null,small-module,0,0,base,25,0.010891728359999998
null,small-module,0,1,base,25,0.01076133336
null,small-module,1,1,base,25,0.010496901679999998
null,small-module,1,0,base,25,0.01034184164
null,small-module,2,0,base,25,0.012753883360000001
null,small-module,2,1,base,25,0.010522305000000001
null,small-module,3,1,base,25,0.010566253320000002
null,small-module,3,0,base,25,0.010631155000000002
null,small-module,4,0,base,25,0.010519670000000002
null,small-module,4,1,base,25,0.010381845
null,small-module,5,1,base,25,0.01039282668
null,small-module,5,0,base,25,0.01032683332
null,small-module,6,0,base,25,0.010348373360000001
null,small-module,6,1,base,25,0.01074258332
null,composition,0,0,base,25,0.02220250332
null,composition,0,1,base,25,0.02234514336
null,composition,1,1,base,25,0.022399136679999997
null,composition,1,0,base,25,0.022694985
null,composition,2,0,base,25,0.02289638
null,composition,2,1,base,25,0.02217749168
null,composition,3,1,base,25,0.022216753319999998
null,composition,3,0,base,25,0.02226706
null,composition,4,0,base,25,0.0222392
null,composition,4,1,base,25,0.02266398
null,composition,5,1,base,25,0.02224411336
null,composition,5,0,base,25,0.02222325664
null,composition,6,0,base,25,0.02258012
null,composition,6,1,base,25,0.022251478320000004
null,wfgrep,0,0,base,1,1.393256166
null,wfgrep,0,1,base,1,1.394181042
null,wfgrep,1,1,base,1,1.41586175
null,wfgrep,1,0,base,1,1.40477775
null,wfgrep,2,0,base,1,1.411285458
null,wfgrep,2,1,base,1,1.401208583
null,wfgrep,3,1,base,1,1.416669
null,wfgrep,3,0,base,1,1.39182025
null,wfgrep,4,0,base,1,1.407623667
null,wfgrep,4,1,base,1,1.37339875
null,wfgrep,5,1,base,1,1.399614958
null,wfgrep,5,0,base,1,1.3770845
null,wfgrep,6,0,base,1,1.409091666
null,wfgrep,6,1,base,1,1.46780625
candidate,small-module,0,0,base,25,0.01040531664
candidate,small-module,0,1,candidate,25,0.00945566332
candidate,small-module,1,1,candidate,25,0.009496905
candidate,small-module,1,0,base,25,0.010838795000000002
candidate,small-module,2,0,base,25,0.010761521679999999
candidate,small-module,2,1,candidate,25,0.009533825000000001
candidate,small-module,3,1,candidate,25,0.00936891336
candidate,small-module,3,0,base,25,0.01099905164
candidate,small-module,4,0,base,25,0.010590811680000001
candidate,small-module,4,1,candidate,25,0.00913640664
candidate,small-module,5,1,candidate,25,0.008949190000000001
candidate,small-module,5,0,base,25,0.010457736680000001
candidate,small-module,6,0,base,25,0.010529908320000001
candidate,small-module,6,1,candidate,25,0.00940971
candidate,composition,0,0,base,25,0.02242876668
candidate,composition,0,1,candidate,25,0.01865630668
candidate,composition,1,1,candidate,25,0.01863573668
candidate,composition,1,0,base,25,0.02220482168
candidate,composition,2,0,base,25,0.02193164168
candidate,composition,2,1,candidate,25,0.01830745668
candidate,composition,3,1,candidate,25,0.01859148164
candidate,composition,3,0,base,25,0.02236613668
candidate,composition,4,0,base,25,0.02226951836
candidate,composition,4,1,candidate,25,0.017965188320000002
candidate,composition,5,1,candidate,25,0.01806344332
candidate,composition,5,0,base,25,0.02243526164
candidate,composition,6,0,base,25,0.02273515168
candidate,composition,6,1,candidate,25,0.018650755
candidate,wfgrep,0,0,base,1,1.386784375
candidate,wfgrep,0,1,candidate,1,1.400737417
candidate,wfgrep,1,1,candidate,1,1.374993875
candidate,wfgrep,1,0,base,1,1.405767542
candidate,wfgrep,2,0,base,1,1.415044917
candidate,wfgrep,2,1,candidate,1,1.399947583
candidate,wfgrep,3,1,candidate,1,1.396778
candidate,wfgrep,3,0,base,1,1.401761958
candidate,wfgrep,4,0,base,1,1.408123958
candidate,wfgrep,4,1,candidate,1,1.413559792
candidate,wfgrep,5,1,candidate,1,1.417865375
candidate,wfgrep,5,0,base,1,1.412651041
candidate,wfgrep,6,0,base,1,1.443559958
candidate,wfgrep,6,1,candidate,1,1.39046475
