id	file	line	end	measure_var	direction
6	renderer/html/tree_builder/afe.wf	54	63	i	up
13	renderer/html/tree_builder/afe.wf	449	465	idx	up
59	renderer/html/tree_builder/util.wf	104	117	i	up
74	renderer/html/tokenizer/data_state.wf	239	305	position	up
83	renderer/html/tokenizer/tags.wf	179	201	i	up
109	renderer/text/idna/punycode.wf	273	394	pos	up
113	renderer/text/normalization/buffer.wf	44	52	output^.inner.len	down
125	renderer/url/host.wf	70	82	pos	up
135	renderer/url/parser.wf	26	47	hi	down
152	renderer/image/png/huffman.wf	174	181	slot	up
170	renderer/font/shape_normalize.wf	48	107	position	up
172	renderer/font/shape_normalize.wf	287	301	buffer^.index	up
173	renderer/font/shape_normalize.wf	324	332	buffer^.index	up
181	renderer/font/shape_normalize.wf	506	563	buffer^.index	up
318	renderer/css/syntax/decode.wf	292	318	pos	up
319	renderer/css/syntax/numbers.wf	8	20	e	down
321	renderer/css/syntax/numbers.wf	168	190	pos	up
323	renderer/css/syntax/strings.wf	16	57	pos	up
329	renderer/css/syntax/tokenizer.wf	50	72	pos	up
348	renderer/css/selectors/nth.wf	67	102	step	up
