comp	members	real	class	measure	needs	conf	note
1	nth_of_type_matches,of_child_edge_matches,of_type_edge_matches,nth_child_matches,count_siblings,nth_scan,nth_qualifies,instr_matches,compound_matches,match_complex,list_matches (css/selectors/match.wf, nth.wf)	yes	C6	arena index of the enclosing alt entry: an instr's nested alt range (Not/Is/Where/NthChild-of) names alts pushed earlier than the alt/compound/instr that holds it (push order nested alt < instr < compound < enclosing alt); parse nesting depth <= 32	SelectorList well-formedness (nested alt ranges strictly earlier in the arena), established only by parse.wf, which is the sole constructor of SelectorList; matcher has no depth counter and does not check it	medium	real static cycle: list_matches->match_complex->compound_matches->instr_matches->{Not/Is/Where, nth_child_matches/nth_of_type_matches/of_*_edge_matches->count_siblings->nth_scan->nth_qualifies}->list_matches; a hand-built list whose alt range points back to an enclosing alt would recurse without end; not reachable through the parser; the sibling walk in nth_scan is separately bounded by step<node_count
2	dispatch_nth,dispatch_nested_list,dispatch_logical_function,dispatch_pseudo_function,try_pseudo,try_any_simple,parse_one_compound,parse_complex_selector,parse_complex_selector_list (css/selectors/parse*.wf)	yes	C2	max_nesting_depth + 1 - depth (depth > 32 returns TooLarge at parse_complex_selector_list entry; dispatch_nested_list passes depth+1)	local (every cycle passes through dispatch_nested_list, the only place depth changes; the guard is at the single re-entry parse_complex_selector_list)	high	secondary measure: the nested list is parsed over [start, content_end) inside the function's parentheses, strictly inside the caller's window
3	find_glyph (font/cmap.wf)	yes	C2	high - low (span halves; musttail tail recursion, exit low >= high)	local (contract low<=high; middle in [low,high-1] from span-1 / 2 arithmetic)	high	binary search
4	find_class (font/shape_apply.wf)	yes	C2	high - low (halving; musttail)	local	high	binary search
5	find_coverage (font/shape_apply.wf)	yes	C2	high - low (halving; musttail)	local	high	binary search
6	find_mark (font/shape_apply.wf)	yes	C2	high - low (halving; musttail)	local	high	binary search
7	chain_context_apply,apply_chained,apply_subtable,apply_subtables,recurse,apply_records (font/shape_apply.wf)	yes	C2	ctx.nesting (u32 field of the shared Context): recurse fails when nesting==0, runs the nested lookup with nesting-1 and restores it afterwards; also buffer.budget spent 1 per recurse	state-based measure on a mutable field: the only writers of ctx.nesting are recurse (dec/restore) and the initial set (line 1101); other edges of the cycle do not write it	high	cycle: recurse->apply_subtables->apply_subtable->apply_chained->chain_context_apply->apply_records->recurse; the other three edges are for-loops over table extents
8	decompose (font/shape_normalize.wf)	yes	C10	none numeric: scalar -> first part of canonical_decomposition(scalar); well-founded because the Unicode canonical decomposition table has no cycle (max chain 3 with Python unicodedata 14.0; Hangul split LVT->LV->L lowers the first part)	external data fact: acyclicity of the generated normalization table's first-part relation (not derivable from arithmetic); first part is NOT always smaller than the scalar (53 cases in Unicode 14, e.g. U+01E0 -> U+0226, U+2ADC -> U+2ADD)	medium	table-driven recursion; a corrupt table with a self-cycle would recurse forever
9	find_script (font/shape_plan.wf)	yes	C2	high - low (halving; musttail)	local	high	binary search; unsorted input does not matter
10	find_system (font/shape_plan.wf)	yes	C2	high - low (halving; musttail)	local	high	binary search
11	find_pair (font/shape_position.wf)	yes	C2	high - low (halving; musttail)	local	high	binary search
12	propagate_attachment (font/shape_position.wf)	yes	C2	nesting (u32): returns when nesting==0 before the only recursive call; callee gets nesting-1	local	high	the attach_chain offsets index into the buffer and could cycle, but the nesting cap (max_nesting 64) makes termination independent of them
13	scan_cdata_section,markup_declaration_open,open_tag (html/tokenizer/text_states.wf, data_state.wf)	yes	C1	source.len - position of the scan_cdata_section entry: open_tag gets pos after '<' (> position), markup_declaration_open gets pos after '!', and the nested scan_cdata_section starts at pos+7 (past '[CDATA[') so the entry cursor rises by >= 9 per cycle	callee-advance: next_char returns after > pos for a non-EOF char; match_cdata_open verified 7 bytes at pos so pos+7 <= source.len	high	callee-advance; stack depth (not termination): '<![CDATA[]]><![CDATA[]]>...' repeated N times nests one scan_cdata_section->open_tag->markup_declaration_open->scan_cdata_section triple per group (depth ~N), because after ']]>' the run continues in data mode and the nested call returns the run's token
14	process_token,dispatch_html_content,mode_before_html,mode_before_head,mode_in_column_group,process_foreign_content,foreign_any_other_end_tag (html/tree_builder/)	yes	C7	mode rank on recursive calls: recursion only on a Characters remainder (process_token(remainder)) from mode_before_html (rank 2, sets BeforeHead first), mode_before_head (rank 1, sets InHead first) and mode_in_column_group (rank 1, pops colgroup and sets InTable first); callee entry mode has strictly lower rank; second component: remainder-span length, only weakly decreasing (ws prefix may be empty) and the open-element stack depth RISES (html/head pushed before recursing) so neither is a measure	whole state-machine fact: on a Characters token no mode reachable from the rank-0 modes through the reprocess loop (InHead->AfterHead->InBody, InTable->InTableText, template/after-body modes->InBody) re-enters BeforeHtml/BeforeHead/InColumnGroup; those are entered only by Initial/table start tags/reset_insertion_mode, never on Characters. Also: the process_foreign_content and foreign_any_other_end_tag edges into dispatch_html_content carry only StartTag/EndTag tokens while the only recursion (process_token) is in Characters arms, so the static cycle through foreign content is infeasible	medium	recursion depth <= 3 frames of process_token. SUSPECT (separate from the recursion, in process_token's own `loop @reprocess`): EndTag br/p in foreign content when the current node is an HTML integration point or MathML text integration point: process_foreign_content -> pop_out_of_foreign_content pops nothing (current node stops the walk) and returns Reprocess=True; should_dispatch_as_html sends an EndTag to foreign rules again (integration-point rule covers only start tags and characters) -> identical state forever. Trigger (confirmed by running an oracle built from snowghost HEAD, killed by a 10 s timeout, exit 124, while '<p>hi</p>' terminates): '<svg><foreignObject></br>', '<svg><foreignObject></p>', '<svg><desc></br>', '<math><mi></p>', '<math><mtext></br>', '<math><annotation-xml encoding=text/html></p>'; snowghost/build/hang-min.html also ends in '<foreignObject>...<br></br>'. The reprocess loop then has no measure: the stack does not shrink (nothing popped) and the mode does not change
15	mode_in_template,mode_in_body (html/tree_builder/mode_template.wf, mode_body_main.wf)	yes	C10	no descent needed: static cycle is infeasible; mode_in_body calls mode_in_template only in its EndOfFile arm, mode_in_template calls mode_in_body only in its Characters/Comment/Doctype arms, token passed unchanged; recursion depth <= 1 extra frame	path-sensitive fact: token variant is EndOfFile at the in_body->in_template edge and never EndOfFile at the in_template->in_body edges	high	infeasible cycle, not a genuine recursion
16	put_sequence (oracle/css_json/css_json.wf)	yes	C1	to - from (recursive window [next, closing) with next = at+1 > from and closing <= to, so closing - next < to - from)	local (the checks closing >= next and closing <= to gate the call)	high	window shrinks from both ends; nested_end trust is checked, not assumed
17	build_element,build_children,build_context (proto/layout/build.wf)	yes	C6	height of the DOM subtree under the node: descent follows first_child links (sibling walk via next_sibling is bounded by for step in 0..nodes)	Document arena acyclicity (first_child links form a forest); the code checks indices in range but has no depth guard	medium	a Document whose first_child links form a cycle would recurse forever (stack overflow); not constructible through the tree builder; sibling loop returns Inconsistent past nodes steps
18	count_tree (proto/layout/build.wf)	yes	C5	height of the owned Context tree (children Slots<Context> owned by value)	ownership only (finite acyclic owned tree)	high	for-loop over children
19	lay_run,lay_context (proto/layout/lay.wf)	yes	C5	number of Context nodes in the borrowed forest: lay_run halves a slice (count>=2 gives half in [1,count-1]); lay_context passes its own child slice (size-1)	ownership only (Context owns its children inline)	high	one measure covers both edges
20	fold_tree (proto/layout/lay.wf)	yes	C5	height of the owned Context tree	ownership only	high	for-loop over children
21	collect_shares (proto/layout/profile.wf)	yes	C5	height of the owned Context tree	ownership only	high	for-loop over children
22	fix_up_totals (proto/layout/profile.wf)	yes	C5	height of the owned Context tree	ownership only	high	for-loop over children
23	style_subtree,style_run (proto/style/shapes.wf)	yes	C7	(siblings.len, child_hi - child_lo): style_run self edges keep or shrink siblings.len (offset <= length checked) and halve the child count (count>=2, half>=1); style_run->style_subtree keeps len; style_subtree->style_run passes out[1..count] with len count-1 (count==0 returns False)	local	high	termination independent of the traversal table contents: the fresh child_lo/child_hi read from traversal arrays come with a strictly smaller siblings.len
24a	open_components (tools/idna_tables/io.wf)	split	C1	name.len - from (end > from checked locally, next = skip_separators(name,end); recurse only when next < length)	callee-advance: skip_separators(name,end) returns >= end (and component_end returns >= from)	high	five identical copies of one self-recursive function merged by name; depth = number of path components; each level also closes the directory it opened (waits)
24b	open_components (tools/normalization_tables/io.wf)	split	C1	name.len - from (end > from checked locally, next = skip_separators(name,end); recurse only when next < length)	callee-advance: skip_separators(name,end) returns >= end (and component_end returns >= from)	high	five identical copies of one self-recursive function merged by name; depth = number of path components; each level also closes the directory it opened (waits)
24c	open_components (oracle/support/support.wf)	split	C1	name.len - from (end > from checked locally, next = skip_separators(name,end); recurse only when next < length)	callee-advance: skip_separators(name,end) returns >= end (and component_end returns >= from)	high	five identical copies of one self-recursive function merged by name; depth = number of path components; each level also closes the directory it opened (waits)
24d	open_components (tools/line_break_tables/io.wf)	split	C1	name.len - from (end > from checked locally, next = skip_separators(name,end); recurse only when next < length)	callee-advance: skip_separators(name,end) returns >= end (and component_end returns >= from)	high	five identical copies of one self-recursive function merged by name; depth = number of path components; each level also closes the directory it opened (waits)
24e	open_components (tools/properties_tables/io.wf)	split	C1	name.len - from (end > from checked locally, next = skip_separators(name,end); recurse only when next < length)	callee-advance: skip_separators(name,end) returns >= end (and component_end returns >= from)	high	five identical copies of one self-recursive function merged by name; depth = number of path components; each level also closes the directory it opened (waits)
25	emit,put_decimal (tools/static_atoms/static_atoms.wf)	no	none	n/a	n/a	high	artifact: put_decimal's `for @emit` loop label is read as a call to emit; emit calls put_decimal but put_decimal never calls anything recursive; neither function is recursive
26	ordered_map_take_min (lib/std/collections/ordered_map/ordered-map.wf)	yes	C5	number of owned nodes in the subtree under `node`: the descent call goes into leading[0] (a strictly smaller owned subtree); the retry call on the same node follows ordered_map_contract_root, which frees the zero-entry child node	callee postcondition: contract_root removes exactly one node when leading[0].entries.len == 0 (the guard of the retry path); ownership	high	second recursive call is a same-node retry, not a descent
27	ordered_map_finish_remove (lib/std/collections/ordered_map/ordered-map.wf)	yes	C5	number of owned nodes in item.after's subtree: the retry call (same node, position, moved item) follows contract_root(&item.after), which frees the zero-entry child	callee postcondition of ordered_map_contract_root (frees one node when the only child has zero entries; exactly the guard of the retry path)	high	self tail call with the same arguments but a smaller owned subtree
28	ordered_map_each_link,ordered_map_each_node (lib/std/collections/ordered_map/ordered-map.wf)	yes	C5	height of the owned OrderedNode tree (link holds 0 or 1 Box)	ownership only	high	node visits its leading link and each entry's after link
29	ordered_map_free_link,ordered_map_free_node (lib/std/collections/ordered_map/ordered-map.wf)	yes	C5	height of the owned OrderedNode tree consumed by value	ownership only	high	node's own entries loop is a C3 shrink (take_back until empty)
30	merge_values (tests/programs/compute/merge_sort.wf)	yes	C7	(first.len + second.len, [first.len < second.len]): the swap call keeps the total and clears the flag; the split calls have total left = middle+rank < n+m and total right = n-middle+m-rank < n+m because n>=m, total>64 give middle>=16	callee postcondition lower_bound ensures result <= input.len (present); otherwise local	high	
31	sort_values (tests/programs/compute/merge_sort.wf)	yes	C2	input.len (halving: count>1 gives middle in [1,count-1]; the halves keep the same length in swapped roles)	local	high	
32a	adaptive (tests/programs/compute/quadrature.wf)	split	C2	depth (returns at depth==0 before the recursive calls; both calls pass depth-1)	local	high	merged by name with the adaptive of adaptive_quadrature.wf; error-tolerance exit is an additional early exit, not needed for termination
32b	adaptive (tests/programs/adaptive_quadrature.wf)	split	C2	depth (returns at depth==0 before the recursive calls; both calls pass depth-1)	local	high	identical body to 32a in a separate program
33	pack_chunks,pack_payload (tests/programs/compute/radix_scatter.wf)	yes	C1	chunks.len - first (each edge passes first+1; exit at first == blocks; contract first <= len)	local (contract requires)	high	
34	fill_recursive (tests/programs/compute/range_split.wf)	yes	C2	depth (also output.len halving); depth==0 or count<=1 returns before recursing	local	high	
35	build (tests/programs/par_layout.wf)	yes	C2	depth (depth==0 returns; calls pass depth-1)	local	high	
36	layout (tests/programs/par_layout.wf)	yes	C5	height of the owned LNode Box tree	ownership only	high	
37	layout_banded (tests/programs/par_layout.wf)	yes	C5	height of the owned LNode Box tree	ownership only	high	
38	spine (tests/programs/parallel/spine.wf)	yes	C2	depth (depth==0 returns; call passes depth-1)	local	high	
39a	fold (tests/programs/parallel/window.wf)	split	C5	height of the owned Node Box tree	ownership only	high	merged by name with tree.wf fold
39b	fold (tests/programs/parallel/tree.wf)	split	C5	height of the owned Node Box tree	ownership only	high	
40	parse_expression (tests/programs/prefix_expression.wf)	yes	C1	input.len - offset: the first call starts at offset+1; the second starts at left_output.next	callee-advance through a returned value: Ok(o) implies o.next > offset (true by inspection: literal returns offset+1, Add returns right.next >= offset+2); no ensures states it and the second call's decrease depends on it	medium	no endless input found, but termination of the second recursive call rests on an unstated postcondition of the same function
41	evaluate (tests/programs/prefix_expression.wf)	yes	C5	height of the owned Expression Box tree	ownership only	high	
42	count (tests/programs/recursive_tree.wf)	yes	C5	height of the owned Tree Box tree	ownership only	high	doc notes the type admits a release-graph cycle (PROV-6); values built by Box are acyclic
43	drain (tests/programs/tail_list.wf)	yes	C5	length of the owned Chain (chain moved by value, rest is the owned next Box); musttail self call	ownership only	high	
44a	walk (tests/programs/wfgrep.wf)	split	C1	65537 - prefix_length: a child gets prefix_length' = prefix_length + 1 + name_count (>= prefix_length+1 because the root display path is nonempty so every child is separated), walk returns at prefix_length > 65536, and the caller refuses a child cursor > 65536	root display prefix_length >= 1 (or nonempty entry names) and the copy loops completing (child_length <= child_room is checked); host-derived name lengths	medium	merged by name with dir_walk.wf walk; a symlink loop is cut by the 65536-byte path cap (depth <= ~32768), stack availability is outside the model as the doc says
44b	walk (tests/programs/dir_walk.wf)	split	C2	8 - depth (returns at depth >= 8; call passes depth+1)	local	high	
45	search_root (tests/programs/wfgrep.wf)	yes	C1	length - from (start >= from, end > start checked by the empty test, next >= end from the inline @trailing loop, so next > from; recursion only when next < length)	local (inline loop invariants)	high	same shape as open_components but with inline scans instead of callees
