kind	name	source	split	expected_exit
kernel	mandelbrot	tests/programs/compute/mandelbrot.wf	visible	0
kernel	records	tests/programs/compute/records.wf	visible	0
kernel	fir	tests/programs/compute/fir.wf	visible	0
kernel	quadrature	tests/programs/compute/quadrature.wf	visible	0
kernel	stencil	tests/programs/compute/stencil.wf	visible	0
program	prefix	tests/programs/compute/prefix.wf	visible	0
program	merge_sort	tests/programs/compute/merge_sort.wf	visible	0
program	radix_scatter	tests/programs/compute/radix_scatter.wf	visible	0
program	histogram	tests/programs/compute/histogram.wf	visible	0
program	bfs	tests/programs/compute/bfs.wf	visible	0
program	range_split	tests/programs/compute/range_split.wf	visible	0
program	recursive_tree	tests/programs/recursive_tree.wf	visible	0
program	fir_filter	tests/programs/fir_filter.wf	visible	0
program	continue_interpreter	tests/programs/continue_interpreter.wf	visible	0
program	sha256_abc	tests/programs/sha256_abc.wf	visible	0
program	percent_decode	tests/programs/percent_decode.wf	held-out	0
program	utf8parse	tests/programs/utf8parse.wf	held-out	0
