0	e1hb-tailpn-u8@full	loop	2864025286	12413842766
0	wfwhole	fib	932644081	3421949019
0	switch-u8	fib	766974560	2863711261
0	wfsplit	fib	769915752	3750388261
0	e1hb-tailpn-u8@full	mandel	239166328	1331648305
0	tailpn-u8	loop	3973774160	17813003122
0	nano	mandel	202701600	666282409
0	nano	sieve	1175293165	4378000403
0	switch-u8	loop	5012559554	19013406541
0	wfsplit	loop	4415829829	23218958025
0	nano	loop	1715269397	5185441698
0	tailpn-u8	sieve	2091242790	8520460391
0	nano	fib	363593029	1827344131
0	wfsplit	mandel	406525466	2067204207
0	tailpn-u8	fib	576331449	2728717640
0	tailpn-u8	mandel	323444020	1568780898
0	wfwhole	loop	5216494715	21220389259
0	wfwhole	mandel	431652372	1891993299
0	e1hb-tailpn-u8@full	sieve	1862869865	6532697241
0	nano	nop	9496903	24979795
0	switch-u8	mandel	497211719	1719171405
0	wfwhole	sieve	2861230212	10389475037
0	e1hb-tailpn-u8@full	fib	617218138	3117160682
0	wfsplit	sieve	2487049030	11327777152
0	switch-u8	sieve	2282390906	8895151854
1	tailpn-u8	mandel	323056206	1568828536
1	wfsplit	fib	770179108	3750334485
1	wfwhole	loop	5217581099	21219493378
1	nano	loop	1729382975	5186235777
1	tailpn-u8	loop	3977726950	17812982742
1	nano	mandel	198308565	659515129
1	wfwhole	sieve	2847788926	10387550181
1	switch-u8	loop	5012215385	19013103344
1	nano	sieve	1175220262	4378212364
1	e1hb-tailpn-u8@full	mandel	238786712	1331558428
1	nano	nop	9218919	24585003
1	switch-u8	sieve	2282641243	8895131920
1	e1hb-tailpn-u8@full	fib	615501197	3116958048
1	switch-u8	fib	762430099	2863052719
1	e1hb-tailpn-u8@full	loop	2857701002	12412330747
1	tailpn-u8	sieve	2091161326	8520406112
1	wfwhole	mandel	432069363	1891909696
1	switch-u8	mandel	497876307	1719097416
1	e1hb-tailpn-u8@full	sieve	1864616546	6532512770
1	wfsplit	mandel	408249881	2067432707
1	tailpn-u8	fib	574311475	2728546755
1	nano	fib	363247585	1826955317
1	wfsplit	loop	4416157192	23219207568
1	wfsplit	sieve	2490095549	11327871015
1	wfwhole	fib	1166517836	3422299472
2	tailpn-u8	sieve	2091479935	8520440964
2	wfsplit	fib	773089925	3750335231
2	switch-u8	mandel	498054125	1719256143
2	switch-u8	fib	761389668	2862929344
2	tailpn-u8	fib	574350459	2728528435
2	switch-u8	loop	5013789032	19013479541
2	tailpn-u8	mandel	323319180	1568651062
2	nano	nop	9296781	24955901
2	e1hb-tailpn-u8@full	mandel	238642206	1331545859
2	wfsplit	mandel	406173408	2067130989
2	nano	mandel	197263880	659105614
2	wfsplit	sieve	2564232170	11327721424
2	nano	sieve	1175670800	4378095949
2	nano	loop	1713944285	5185338283
2	e1hb-tailpn-u8@full	loop	2857922573	12412468127
2	wfwhole	sieve	2849719276	10388147995
2	wfwhole	loop	5214090935	21219136990
2	e1hb-tailpn-u8@full	fib	615604859	3117144925
2	wfsplit	loop	4415419835	23219417302
2	tailpn-u8	loop	3969033852	17812546342
2	nano	fib	363574923	1827292584
2	e1hb-tailpn-u8@full	sieve	1861845382	6532742584
2	wfwhole	mandel	431961782	1891860887
2	wfwhole	fib	929305003	3421842646
2	switch-u8	sieve	2281943456	8895079911
3	switch-u8	fib	761597730	2862942024
3	switch-u8	sieve	2281655691	8895063181
3	nano	sieve	1175888087	4378069134
3	tailpn-u8	fib	574324745	2728532459
3	tailpn-u8	loop	3969255927	17812463084
3	wfwhole	loop	5215450191	21219632097
3	wfwhole	fib	1164522681	3421730053
3	tailpn-u8	sieve	2090724497	8520116178
3	wfsplit	fib	779068294	3750216529
3	wfwhole	mandel	431736193	1891789325
3	e1hb-tailpn-u8@full	fib	630268225	3117318468
3	switch-u8	loop	5015177878	19013300243
3	switch-u8	mandel	497642426	1719345754
3	nano	nop	9636996	24952357
3	nano	fib	362632161	1826877703
3	wfsplit	sieve	2567732301	11328442951
3	e1hb-tailpn-u8@full	sieve	1868437881	6533260522
3	wfsplit	mandel	407517373	2067396168
3	e1hb-tailpn-u8@full	mandel	242658705	1331677640
3	tailpn-u8	mandel	325111998	1568850322
3	nano	loop	1717029991	5185099819
3	e1hb-tailpn-u8@full	loop	2857817375	12412347054
3	nano	mandel	198563149	659092602
3	wfwhole	sieve	2845265372	10387377333
3	wfsplit	loop	4419281828	23220566829
4	nano	nop	9592680	24774362
4	e1hb-tailpn-u8@full	loop	2856712740	12412575239
4	wfsplit	sieve	2563544876	11327690355
4	wfwhole	fib	932452988	3422004106
4	tailpn-u8	mandel	322863559	1568719489
4	e1hb-tailpn-u8@full	sieve	1865098779	6532988411
4	wfsplit	fib	772291272	3751760322
4	tailpn-u8	loop	3971367075	17812649966
4	tailpn-u8	fib	574595140	2728754172
4	wfsplit	loop	4418173723	23219771151
4	switch-u8	loop	5014877530	19013132759
4	wfwhole	sieve	2846163554	10387701392
4	wfwhole	loop	5226710657	21220980392
4	nano	fib	364070142	1827715964
4	tailpn-u8	sieve	2092040147	8520288589
4	switch-u8	sieve	2285078989	8895289842
4	nano	sieve	1175308796	4378091672
4	e1hb-tailpn-u8@full	fib	616539224	3117112945
4	switch-u8	fib	762365942	2863028557
4	e1hb-tailpn-u8@full	mandel	239268103	1331586260
4	wfwhole	mandel	432610677	1892002389
4	nano	mandel	197654097	659194366
4	switch-u8	mandel	498450387	1719140658
4	nano	loop	1714633036	5185500697
4	wfsplit	mandel	407794520	2067517352
5	wfsplit	sieve	2489503704	11327601307
5	e1hb-tailpn-u8@full	fib	616202657	3117173471
5	wfwhole	sieve	2845569434	10387465675
5	tailpn-u8	fib	576156197	2728639836
5	tailpn-u8	mandel	324236926	1568733699
5	wfsplit	loop	4427085306	23219068352
5	switch-u8	sieve	2288692341	8895658116
5	switch-u8	fib	761935558	2862955891
5	nano	nop	10492750	24979936
5	nano	mandel	198746909	659056962
5	wfwhole	fib	929938272	3421756834
5	e1hb-tailpn-u8@full	sieve	1863198643	6532200235
5	tailpn-u8	sieve	2089761738	8519854786
5	nano	sieve	1175543026	4378228633
5	wfwhole	loop	5214429743	21219272819
5	wfsplit	mandel	407646557	2067044354
5	wfsplit	fib	1154094803	3750388113
5	wfwhole	mandel	432297293	1891878603
5	switch-u8	loop	5011845380	19012593511
5	nano	fib	364124349	1827316720
5	switch-u8	mandel	498592639	1719393689
5	e1hb-tailpn-u8@full	loop	2854418936	12412229864
5	e1hb-tailpn-u8@full	mandel	239990608	1331499650
5	nano	loop	1712252485	5185158990
5	tailpn-u8	loop	3978701054	17813187602
6	e1hb-tailpn-u8@full	mandel	240048138	1331548842
6	switch-u8	mandel	498717489	1719540642
6	wfsplit	fib	1154390791	3750539558
6	wfwhole	mandel	432426413	1891880199
6	wfsplit	mandel	407559064	2067177673
6	wfsplit	loop	4414097683	23218701680
6	nano	fib	364350794	1826940496
6	wfsplit	sieve	2564492139	11328280201
6	tailpn-u8	mandel	324219306	1568671074
6	switch-u8	fib	761737586	2862879241
6	switch-u8	sieve	2282396856	8894935423
6	e1hb-tailpn-u8@full	fib	616439636	3117033764
6	wfwhole	sieve	2847420168	10387880523
6	nano	sieve	1176300531	4378029351
6	tailpn-u8	sieve	2092409375	8520497820
6	wfwhole	fib	1165312713	3422053543
6	e1hb-tailpn-u8@full	sieve	1864383920	6532579811
6	nano	nop	10186079	24967269
6	tailpn-u8	fib	577539933	2728830707
6	wfwhole	loop	5223793441	21219927275
6	nano	mandel	198688051	659411447
6	e1hb-tailpn-u8@full	loop	2856756737	12412419407
6	switch-u8	loop	5019360888	19013395443
6	tailpn-u8	loop	3971925977	17812293688
6	nano	loop	1719537948	5185342290
7	switch-u8	loop	5034243914	19013701059
7	e1hb-tailpn-u8@full	loop	2860254592	12412786589
7	nano	mandel	198849932	659586489
7	tailpn-u8	fib	575216811	2728845657
7	wfsplit	mandel	408438843	2067929566
7	wfsplit	sieve	2565323843	11328310129
7	wfwhole	sieve	2850149681	10388361301
7	e1hb-tailpn-u8@full	fib	619822343	3118878660
7	tailpn-u8	mandel	323208853	1568571103
7	wfwhole	fib	931126246	3422626553
7	nano	nop	11075217	24613204
7	switch-u8	sieve	2284669180	8895438476
7	tailpn-u8	loop	3973442672	17812422383
7	nano	fib	364267241	1826919769
7	nano	loop	1714275391	5185288600
7	e1hb-tailpn-u8@full	mandel	239867385	1331548054
7	nano	sieve	1178642192	4378373139
7	e1hb-tailpn-u8@full	sieve	1871351588	6533018014
7	wfwhole	loop	5218825716	21221020963
7	wfsplit	loop	4428201897	23220500291
7	tailpn-u8	sieve	2098081423	8521487987
7	wfsplit	fib	1159148982	3751669854
7	switch-u8	mandel	499398120	1719564326
7	switch-u8	fib	762832879	2863043602
7	wfwhole	mandel	433994185	1892685562
