launch	engine	iterations	score	crcfinal
0	v2g	2000	2781.641168	0x4983
0	add-pairs	2000	2812.939522	0x4983
1	v2g	2000	2762.430939	0x4983
1	add-pairs	2000	2805.049088	0x4983
2	v2g	2000	2754.820937	0x4983
2	add-pairs	2000	2808.988764	0x4983
3	v2g	2000	2766.251729	0x4983
3	add-pairs	2000	2808.988764	0x4983
4	v2g	2000	2751.031637	0x4983
4	add-pairs	2000	2812.939522	0x4983
5	v2g	2000	2735.978112	0x4983
5	add-pairs	2000	2797.202797	0x4983
6	v2g	2000	2762.430939	0x4983
6	add-pairs	2000	2808.988764	0x4983
