0	tailpn-u8	fib	579623957	2729889862
0	nano	sieve	1186948621	4386932806
0	nano	fib	364809097	1827625847
0	wfsplit	fib	772907470	3752346641
0	wfhoist	sieve	2380050867	9784487487
0	wfwhole	fib	933583936	3424362974
0	tailpn-u8	loop	3995256548	17820991105
0	nano	mandel	199217638	659486417
0	tailpn-u8	mandel	324608657	1569097819
0	tailpn-u8	sieve	2106069395	8524245278
0	nano	loop	1721065009	5187518787
0	wfsplit	mandel	409672259	2068867106
0	wfhoist	loop	4012567330	20227996153
0	wfwhole	loop	5237209037	21227524685
0	nano	nop	9583297	24790921
0	wfwhole	sieve	2856198913	10392134858
0	wfwhole	mandel	434755593	1893758368
0	wfsplit	loop	4435527000	23227182772
0	wfhoist	mandel	340186695	1804571380
0	wfhoist	fib	606615511	3213349625
0	wfsplit	sieve	2497272027	11331718342
1	nano	loop	1718556174	5187909615
1	tailpn-u8	loop	3991629152	17820334270
1	tailpn-u8	mandel	324845815	1569234729
1	nano	fib	364957208	1827800208
1	wfhoist	mandel	340843683	1804890505
1	wfwhole	loop	5244825283	21229837512
1	tailpn-u8	sieve	2107927886	8526160063
1	wfsplit	loop	4433374378	23225470275
1	nano	sieve	1178743634	4379586005
1	wfsplit	mandel	421950045	2070997404
1	wfwhole	fib	1168459453	3423399454
1	nano	nop	10613897	24927808
1	wfhoist	sieve	2376015727	9784501246
1	wfhoist	fib	607012490	3213445566
1	tailpn-u8	fib	576615659	2729614551
1	wfsplit	sieve	2500762978	11331666724
1	wfsplit	fib	772318634	3751497953
1	wfhoist	loop	3998852644	20224408459
1	wfwhole	mandel	432199213	1892318495
1	nano	mandel	197898945	659775553
1	wfwhole	sieve	2847224966	10390520213
2	wfsplit	fib	770139674	3751016136
2	tailpn-u8	mandel	324190881	1569346052
2	wfsplit	mandel	410368491	2068003040
2	nano	nop	9477303	24987974
2	wfsplit	sieve	2497355066	11330638801
2	nano	fib	364400432	1827337340
2	wfhoist	fib	607424024	3213707639
2	wfwhole	loop	5231325622	21226413441
2	tailpn-u8	fib	576786799	2729177871
2	tailpn-u8	sieve	2096412565	8522510731
2	tailpn-u8	loop	3982596199	17817418968
2	wfwhole	mandel	433447253	1892712457
2	wfhoist	loop	4000050747	20223522913
2	nano	sieve	1181198048	4380749599
2	wfhoist	mandel	341498229	1804755544
2	wfwhole	sieve	2855735351	10391185514
2	nano	loop	1724179499	5187957594
2	wfsplit	loop	4434043920	23225687562
2	nano	mandel	198727349	659825370
2	wfhoist	sieve	2377486445	9784474090
2	wfwhole	fib	933082544	3423483454
3	wfwhole	fib	933103655	3422951420
3	tailpn-u8	sieve	2099266973	8523534171
3	wfhoist	sieve	2376071305	9784573672
3	wfsplit	sieve	2574505738	11331167365
3	wfwhole	loop	5234781334	21227522217
3	wfhoist	fib	607436084	3213728238
3	nano	sieve	1179381822	4380078321
3	wfhoist	mandel	340290321	1805779367
3	nano	mandel	197582760	659257195
3	wfsplit	fib	769769260	3751049617
3	nano	nop	9513545	24664451
3	tailpn-u8	mandel	324636437	1569386355
3	wfwhole	sieve	2855398797	10391805641
3	tailpn-u8	fib	580046046	2729446089
3	wfwhole	mandel	433640767	1892754654
3	nano	loop	1722836690	5187914401
3	nano	fib	368036899	1827431628
3	wfsplit	mandel	408948305	2067847566
3	wfsplit	loop	4430572404	23225145916
3	wfhoist	loop	4005321042	20224969674
3	tailpn-u8	loop	3983351347	17818677855
4	wfsplit	loop	4452586910	23229590406
4	tailpn-u8	sieve	2097029354	8522694229
4	wfsplit	sieve	2496820348	11330866688
4	wfhoist	loop	4006744617	20225819141
4	nano	mandel	199758031	659577920
4	wfhoist	fib	609590910	3213839434
4	wfsplit	mandel	409339903	2067768645
4	nano	nop	10099844	24686699
4	tailpn-u8	fib	577047941	2730106973
4	wfhoist	sieve	2377009652	9784371560
4	nano	sieve	1179727495	4379469780
4	wfwhole	mandel	434409955	1892724383
4	wfwhole	loop	5240166364	21228234134
4	wfhoist	mandel	340382174	1804422209
4	nano	fib	365803645	1827499109
4	wfwhole	fib	1170685819	3423805788
4	nano	loop	1721795497	5187357820
4	wfsplit	fib	771439292	3751186535
4	tailpn-u8	mandel	325494447	1569177290
4	wfwhole	sieve	2857824078	10391974783
4	tailpn-u8	loop	3994656613	17820275050
5	tailpn-u8	loop	3986176960	17818419273
5	tailpn-u8	fib	578187508	2729480415
5	nano	loop	1723099679	5189357205
5	wfsplit	fib	1161990889	3752210583
5	wfsplit	sieve	2497610578	11330869325
5	wfhoist	sieve	2378327748	9784154385
5	wfhoist	loop	4003019496	20224106579
5	nano	mandel	199438003	659471480
5	nano	fib	366183274	1827636099
5	wfhoist	mandel	341177370	1804865802
5	tailpn-u8	sieve	2098252845	8523106875
5	nano	nop	10563845	24627075
5	wfwhole	fib	931674519	3422915991
5	nano	sieve	1187178371	4381015118
5	wfwhole	sieve	2854930270	10391058290
5	wfwhole	mandel	434341094	1892433277
5	wfsplit	mandel	408937392	2067875639
5	wfhoist	fib	607753960	3213415351
5	wfsplit	loop	4439608470	23227563352
5	tailpn-u8	mandel	323955591	1569031407
5	wfwhole	loop	5232089390	21226044016
6	tailpn-u8	loop	3987084981	17817929735
6	wfwhole	mandel	433724605	1892459976
6	wfhoist	loop	4001515097	20223680485
6	wfsplit	mandel	408211834	2067705265
6	tailpn-u8	mandel	324205248	1569065076
6	nano	nop	10644251	25085073
6	wfhoist	sieve	2377581672	9784002870
6	nano	sieve	1180537330	4381118676
6	wfwhole	loop	5227000551	21224947949
6	wfwhole	sieve	2854088794	10390902266
6	nano	mandel	198170724	659363121
6	nano	fib	365852838	1827263976
6	wfsplit	fib	772793902	3751619252
6	tailpn-u8	fib	576167734	2729166155
6	nano	loop	1718000742	5187450776
6	tailpn-u8	sieve	2098489318	8522767639
6	wfhoist	mandel	341904368	1804856818
6	wfhoist	fib	606327970	3213423609
6	wfsplit	sieve	2573024639	11330784390
6	wfsplit	loop	4433993824	23225747784
6	wfwhole	fib	933397669	3423094205
7	nano	loop	1719800403	5188073982
7	wfwhole	fib	935263159	3424054777
7	wfhoist	loop	4007312308	20224893879
7	nano	mandel	198685965	659361961
7	wfhoist	fib	605760212	3213279617
7	wfsplit	sieve	2497172209	11330625201
7	wfwhole	loop	5233216117	21225799386
7	wfhoist	mandel	341139043	1804823504
7	tailpn-u8	loop	3986091494	17817782374
7	nano	nop	9045229	24587772
7	wfhoist	sieve	2378443914	9784164989
7	wfwhole	mandel	433923403	1892663580
7	wfsplit	mandel	407516630	2067730673
7	wfsplit	loop	4431731661	23224725447
7	nano	fib	363893621	1827709113
7	wfwhole	sieve	2854588013	10391077631
7	tailpn-u8	fib	576712103	2729369805
7	tailpn-u8	sieve	2099452987	8522863826
7	tailpn-u8	mandel	324264959	1569103892
7	wfsplit	fib	1161291628	3752201498
7	nano	sieve	1178887688	4379454889
