0	e1-cellpn-u8@acc	fib	616588391	3178126682
0	e1-tailpn-u8v@acc	fib	645748652	2939544911
0	e1-goto-u8@full	loop	3251434784	17816869701
0	e1-goto-u8@full	mandel	410909785	2006887043
0	e1-tailpn-u8@none	mandel	325777271	1570712982
0	e1-tailpn-u8v@accpin	loop	2804090876	13416809692
0	e1-cellpn-raw@full	fib	487511225	2789245088
0	e1-cellpn-raw@accpin	mandel	220163067	997909237
0	e1-tailpn-u8@acc	fib	650268093	3177926548
0	e1-switch-raw@full	loop	4841157315	15825227622
0	e1-tailpn-u8v@none	loop	3989764401	15823484630
0	e1-tailpn-raw@full	loop	2496341836	9818013064
0	e1-switch-u8@full	mandel	471609676	1876586875
0	e1-tailpn-raw@accpin	fib	535313287	2790987990
0	e1-tailpn-u8@accpin	fib	628543157	3416807105
0	e1-switch-u8@full	sieve	3000441218	9725819009
0	e1-tailpn-u8v@full	fib	615784156	3208388838
0	e1-tailpn-raw@full	mandel	231660852	1000393589
0	e1-tailpn-u8@none	fib	688867957	3300135099
0	e1-tailpn-raw@none	loop	3967095343	12221619206
0	e1-tailpn-u8@full	loop	3061743730	15417433495
0	e1-tailpn-u8@none	loop	3998279965	17821081189
0	e1-tailpn-u8@full	mandel	247086310	1507670717
0	e1-tailpn-raw@full	sieve	1603496170	5120269343
0	e1-cellpn-u8v@acc	fib	611480829	2940592448
0	e1-tailpn-u8@accpin	mandel	246297647	1507767673
0	e1-tailpn-u8@accpin	sieve	1965505617	7575024780
0	e1-cellpn-raw@acc	fib	501769703	2431827344
0	e1-cellpn-raw@full	loop	2362408949	9815896511
0	e1-cellpn-raw@full	sieve	1603693527	5117563125
0	nano	sieve	1190267246	4388650501
0	e1-tailpn-u8v@none	sieve	2062989086	7584470200
0	e1-cellpn-u8v@none	fib	627066341	3058514476
0	e1-switch-u8@full	loop	6435139643	20822531293
0	e1-cellpn-u8v@none	sieve	2020393426	7583064001
0	nano	loop	1719355263	5188011556
0	e1-tailpn-u8v@none	mandel	326193904	1394950222
0	e1-cellpn-raw@none	fib	531315689	2520766924
0	e1-cellpn-u8v@accpin	loop	3015609402	13416980242
0	e1-tailpn-raw@acc	sieve	1824113306	5856246501
0	e1-goto-raw@full	mandel	531857880	1440839595
0	e1-cellpn-u8@acc	sieve	2061804098	8314796595
0	e1-tailpn-raw@accpin	loop	2489281575	9816243030
0	e1-tailpn-u8@full	sieve	1961102608	7573614058
0	e1-goto-raw@full	loop	2417048888	11615726714
0	e1-cellpn-u8v@full	sieve	1948754978	6609219879
0	e1-cellpn-u8@acc	mandel	259211022	1476190030
0	e1-tailpn-u8@full	fib	633941749	3417574299
0	e1-tailpn-raw@accpin	sieve	1592597887	5118787423
0	e1-cellpn-u8v@accpin	fib	603202949	3208792668
0	e1-tailpn-raw@none	mandel	321077739	1060733413
0	e1-tailpn-raw@full	fib	531176147	2789691467
0	e1-tailpn-u8v@accpin	sieve	1814411963	6609646952
0	e1-tailpn-u8v@accpin	fib	614419834	3208023208
0	e1-cellpn-u8@none	sieve	2086266711	8526769145
0	e1-tailpn-raw@none	sieve	1913646070	6052743345
0	e1-cellpn-u8@none	loop	3969329071	17821524670
0	e1-cellpn-u8@acc	loop	3219219203	16617806905
0	e1-cellpn-u8@full	sieve	2007229114	7576941461
0	e1-tailpn-raw@acc	mandel	230878194	966686646
0	e1-cellpn-u8v@full	fib	592113258	3209206140
0	e1-tailpn-u8v@acc	mandel	251728176	1301553672
0	e1-tailpn-u8v@acc	loop	3048577436	14616200245
0	e1-tailpn-u8@acc	loop	3154587909	16617963305
0	e1-switch-raw@full	sieve	1726160236	7778765527
0	e1-cellpn-raw@accpin	sieve	1597036951	5116514484
0	e1-switch-u8@full	fib	1098184056	4045045108
0	e1-cellpn-raw@none	loop	3936666825	12218928771
0	e1-tailpn-raw@accpin	mandel	227250825	998251004
0	e1-cellpn-raw@acc	sieve	1792765712	5860471567
0	e1-cellpn-raw@accpin	fib	489613963	2789856716
0	e1-tailpn-u8@accpin	loop	3071517617	15421009614
0	e1-cellpn-u8v@none	mandel	330826073	1395273920
0	e1-goto-raw@full	sieve	1672177464	6381705457
0	e1-tailpn-u8@none	sieve	2213938913	8524841162
0	e1-tailpn-u8v@none	fib	663152354	3059060338
0	e1-cellpn-raw@none	mandel	324566445	1060935425
0	e1-cellpn-raw@acc	loop	2553985785	11015833880
0	e1-goto-u8@full	sieve	1995521607	9042835241
0	e1-cellpn-u8@accpin	loop	3255338674	15418787813
0	e1-cellpn-u8v@none	loop	3951412147	15817439807
0	e1-cellpn-u8v@acc	mandel	242219994	1300793035
0	e1-switch-raw@full	mandel	486652328	1563582916
0	e1-tailpn-raw@acc	loop	2846638079	11016643021
0	e1-cellpn-u8v@accpin	mandel	225668901	1331991452
0	e1-switch-raw@full	fib	909396404	3402302661
0	e1-cellpn-u8@accpin	sieve	2000609241	7573257761
0	e1-cellpn-u8@full	mandel	240626787	1507615320
0	e1-tailpn-raw@acc	fib	546281226	2431156071
0	e1-cellpn-u8v@acc	sieve	1982405078	7349069002
0	e1-cellpn-u8v@acc	loop	2992583968	14616324512
0	e1-cellpn-u8@full	loop	3254248348	15417792918
0	e1-tailpn-u8@acc	sieve	2104710227	8314994693
0	e1-cellpn-raw@accpin	loop	2352562056	9814810640
0	e1-tailpn-raw@none	fib	589327548	2520653994
0	nano	fib	365774307	1828084698
0	e1-tailpn-u8v@accpin	mandel	239191622	1331828244
0	e1-cellpn-u8v@full	loop	3009972083	13415289038
0	nano	nop	10326102	25036223
0	e1-tailpn-u8v@full	sieve	1815396520	6608640592
0	e1-cellpn-u8v@accpin	sieve	1945381869	6608499281
0	e1-cellpn-raw@full	mandel	219450155	997718556
0	e1-tailpn-u8v@full	loop	2795366754	13415273350
0	e1-cellpn-raw@acc	mandel	218588213	966374699
0	e1-tailpn-u8v@acc	sieve	1968346220	7348483419
0	e1-goto-raw@full	fib	497330722	2804475180
0	e1-cellpn-u8v@full	mandel	226470828	1332358797
0	e1-cellpn-u8@full	fib	603248084	3418654536
0	nano	mandel	199478855	660029554
0	e1-goto-u8@full	fib	690014773	3864744244
0	e1-tailpn-u8v@full	mandel	242171981	1333670789
0	e1-cellpn-u8@accpin	mandel	240652329	1507719181
0	e1-cellpn-u8@accpin	fib	607945590	3418598989
0	e1-cellpn-u8@none	mandel	339042744	1573402053
0	e1-tailpn-u8@acc	mandel	260027113	1476255715
0	e1-cellpn-u8@none	fib	655936304	3297202622
0	e1-cellpn-raw@none	sieve	1862464562	6054048430
1	e1-cellpn-u8@full	loop	3249830436	15416266488
1	e1-cellpn-u8@acc	sieve	2058458776	8313990497
1	e1-cellpn-raw@accpin	fib	500057440	2789851035
1	nano	loop	1720050585	5188188322
1	e1-cellpn-raw@full	loop	2351716088	9814808286
1	e1-cellpn-u8v@acc	loop	2996707763	14617705362
1	e1-cellpn-raw@accpin	sieve	1602101723	5117193667
1	e1-switch-u8@full	loop	6440890377	20826382922
1	e1-cellpn-u8v@full	sieve	1951062439	6609043705
1	e1-goto-u8@full	fib	678497142	3865245779
1	e1-tailpn-u8@none	fib	677023048	3297456396
1	e1-goto-raw@full	fib	495502590	2804108901
1	e1-tailpn-u8@full	sieve	1958514207	7572740091
1	e1-tailpn-u8@none	loop	3977147481	17816569084
1	e1-tailpn-u8v@none	loop	3971084670	15816912936
1	e1-cellpn-u8v@acc	fib	601954973	2938581219
1	e1-tailpn-raw@acc	fib	566351866	2430934414
1	e1-tailpn-u8@none	mandel	326341561	1570257670
1	e1-cellpn-raw@acc	loop	2556655195	11016514227
1	e1-goto-u8@full	loop	3276290302	17827448346
1	nano	mandel	207539449	662569966
1	e1-tailpn-u8@full	loop	3105173078	15442702275
1	e1-tailpn-u8v@none	sieve	2095377544	7596693514
1	e1-tailpn-raw@full	fib	535750805	2792554572
1	e1-cellpn-u8v@acc	mandel	250176956	1304062997
1	e1-goto-u8@full	sieve	2000520186	9044862743
1	e1-cellpn-u8v@accpin	mandel	227213432	1332105629
1	e1-switch-raw@full	loop	4835241535	15822394036
1	e1-switch-raw@full	fib	907162851	3401672666
1	e1-cellpn-u8v@accpin	loop	3018734949	13420191431
1	e1-cellpn-u8v@none	loop	3960329047	15819252670
1	e1-tailpn-u8@accpin	mandel	244114535	1507245267
1	e1-cellpn-raw@acc	mandel	218882678	966423562
1	nano	sieve	1179220371	4379752711
1	e1-cellpn-u8@none	loop	3957464102	17817291364
1	e1-cellpn-raw@none	fib	528583066	2520836075
1	e1-tailpn-raw@none	sieve	1913950792	6052697775
1	e1-cellpn-u8v@full	mandel	225612076	1332277645
1	e1-cellpn-raw@full	mandel	218508067	997895530
1	e1-cellpn-u8@acc	loop	3206000190	16615732772
1	e1-tailpn-u8@accpin	sieve	1959696941	7573826393
1	e1-cellpn-u8v@accpin	fib	596978474	3207574612
1	nano	nop	9136272	24995563
1	e1-cellpn-u8@acc	mandel	258812977	1476090948
1	e1-cellpn-u8@none	sieve	2079777320	8522393021
1	e1-goto-raw@full	sieve	1689423244	6388769156
1	e1-cellpn-raw@none	loop	3975631894	12237395401
1	e1-tailpn-raw@acc	loop	2860453526	11021703742
1	e1-tailpn-u8v@accpin	mandel	249779569	1335421682
1	e1-cellpn-u8@full	sieve	2026703401	7586593522
1	e1-cellpn-u8v@acc	sieve	2000766956	7360405651
1	e1-cellpn-u8@accpin	loop	3308299819	15439420544
1	e1-cellpn-raw@none	mandel	325158943	1061514855
1	e1-tailpn-u8@acc	fib	657631802	3178848715
1	e1-tailpn-u8@full	mandel	248044252	1507986911
1	e1-tailpn-raw@acc	mandel	231292055	966711513
1	e1-cellpn-raw@none	sieve	1867229576	6053664547
1	e1-tailpn-u8@acc	loop	3166599965	16620750422
1	nano	fib	367287802	1828338674
1	e1-tailpn-raw@accpin	mandel	227704279	998081003
1	e1-tailpn-u8@none	sieve	2213585569	8526151267
1	e1-cellpn-u8@acc	fib	618898389	3178780745
1	e1-tailpn-raw@acc	sieve	1826417418	5858192734
1	e1-tailpn-u8v@accpin	loop	2817562619	13424515893
1	e1-goto-raw@full	loop	2462447804	11628168350
1	e1-cellpn-u8@accpin	fib	611614145	3418233957
1	e1-tailpn-u8@acc	mandel	261176751	1476828458
1	e1-cellpn-u8v@full	loop	3034451309	13419156862
1	e1-tailpn-u8v@acc	mandel	250469853	1301133795
1	e1-cellpn-u8@none	fib	638083498	3297015133
1	e1-switch-u8@full	sieve	2987563975	9719574662
1	e1-cellpn-raw@acc	fib	488550174	2430807251
1	e1-cellpn-raw@full	fib	488917976	2789383326
1	e1-cellpn-u8v@none	fib	636629091	3057975312
1	e1-cellpn-u8v@full	fib	603336042	3207294025
1	e1-tailpn-u8v@full	sieve	1816600410	6609835124
1	e1-tailpn-raw@none	loop	3948387484	12216280573
1	e1-tailpn-raw@full	loop	2484567572	9814641599
1	e1-switch-u8@full	fib	1096113236	4044523984
1	e1-tailpn-raw@accpin	sieve	1582270822	5115469366
1	e1-tailpn-u8v@full	loop	2802334638	13417161438
1	e1-cellpn-u8v@none	sieve	2015869225	7582482839
1	e1-cellpn-u8v@none	mandel	330170865	1395389465
1	e1-tailpn-u8@full	fib	645977344	3417349543
1	e1-tailpn-u8v@full	mandel	239431094	1331925990
1	e1-tailpn-u8@acc	sieve	2105119815	8313632139
1	e1-tailpn-u8v@accpin	sieve	1815288509	6608677848
1	e1-switch-raw@full	sieve	1718833280	7777611169
1	e1-tailpn-u8v@acc	fib	636854249	2940542888
1	e1-goto-raw@full	mandel	533233067	1443091553
1	e1-cellpn-raw@acc	sieve	1780495301	5858430278
1	e1-tailpn-raw@none	fib	579137711	2520593770
1	e1-cellpn-u8@accpin	sieve	2002496526	7573586572
1	e1-cellpn-u8@full	fib	600335499	3416575445
1	e1-tailpn-raw@accpin	loop	2484572989	9813938108
1	e1-tailpn-u8v@acc	sieve	1966320309	7348453522
1	e1-cellpn-u8@none	mandel	331980174	1570104343
1	e1-tailpn-raw@accpin	fib	531074945	2789242416
1	e1-cellpn-raw@accpin	mandel	220640677	998074056
1	e1-switch-u8@full	mandel	465960913	1874055349
1	e1-tailpn-u8@accpin	fib	626871651	3416201143
1	e1-switch-raw@full	mandel	483011039	1562930914
1	e1-goto-u8@full	mandel	410550817	2007260625
1	e1-tailpn-u8v@acc	loop	3048140210	14615650626
1	e1-tailpn-u8v@none	mandel	326240063	1394800652
1	e1-tailpn-u8v@accpin	fib	612042375	3207354077
1	e1-cellpn-u8v@accpin	sieve	1944570306	6608157005
1	e1-cellpn-raw@full	sieve	1591344410	5114922567
1	e1-tailpn-u8v@full	fib	614698993	3208438333
1	e1-cellpn-u8@accpin	mandel	242347130	1508772774
1	e1-tailpn-raw@full	mandel	229115330	998316585
1	e1-cellpn-u8@full	mandel	239068488	1507253030
1	e1-tailpn-raw@full	sieve	1582271435	5115429899
1	e1-tailpn-raw@none	mandel	321282687	1061608029
1	e1-tailpn-u8v@none	fib	659402584	3058473590
1	e1-tailpn-u8@accpin	loop	3056092130	15416402520
1	e1-cellpn-raw@accpin	loop	2351008665	9815095771
2	e1-cellpn-raw@accpin	fib	487199468	2789351407
2	e1-tailpn-u8@full	mandel	246182832	1507102580
2	e1-cellpn-u8@accpin	loop	3255623127	15416501230
2	e1-tailpn-raw@acc	mandel	230317209	966415222
2	e1-cellpn-u8v@acc	sieve	1982413487	7348903497
2	e1-cellpn-raw@none	fib	529900243	2521222595
2	e1-tailpn-u8@none	fib	674704539	3297256558
2	e1-goto-raw@full	mandel	530176487	1439981735
2	e1-cellpn-u8@accpin	mandel	240998249	1507358141
2	e1-tailpn-u8v@full	loop	2810725706	13419708241
2	e1-cellpn-raw@full	fib	487882667	2789350043
2	e1-tailpn-u8v@full	sieve	1824145651	6613493954
2	e1-goto-u8@full	sieve	1993693493	9041299422
2	e1-tailpn-raw@none	fib	586763714	2520659970
2	e1-tailpn-u8@acc	fib	646820713	3177493351
2	e1-cellpn-u8v@accpin	sieve	1946755398	6608154739
2	e1-cellpn-u8v@full	sieve	1946197369	6608193153
2	e1-tailpn-raw@none	mandel	321784219	1060934778
2	e1-cellpn-u8@none	loop	3965081740	17817711010
2	e1-cellpn-raw@acc	sieve	1780884217	5855953280
2	e1-switch-raw@full	fib	908935791	3402119782
2	e1-goto-raw@full	fib	496167068	2804138028
2	e1-tailpn-u8v@acc	mandel	250417015	1300837555
2	e1-tailpn-raw@accpin	fib	533823355	2790151111
2	e1-cellpn-u8v@accpin	fib	592346116	3207597068
2	e1-cellpn-raw@full	mandel	219494137	997556680
2	e1-goto-u8@full	fib	679091643	3864843690
2	e1-tailpn-u8v@acc	fib	632148633	2938647639
2	e1-tailpn-u8v@none	fib	659698424	3058840175
2	e1-tailpn-u8v@accpin	mandel	240907282	1333655183
2	e1-switch-u8@full	mandel	466672532	1874933213
2	e1-cellpn-u8v@none	fib	630773272	3058155093
2	e1-tailpn-u8@none	mandel	325688357	1570100527
2	e1-tailpn-u8v@full	fib	613357800	3207906257
2	e1-tailpn-u8@accpin	fib	627750329	3416694988
2	e1-cellpn-u8@accpin	fib	602489685	3416538703
2	e1-tailpn-raw@full	sieve	1582718862	5115239335
2	e1-cellpn-u8@acc	loop	3215952525	16616666901
2	e1-tailpn-u8@none	loop	3989718662	17817638194
2	e1-cellpn-u8v@full	mandel	226936938	1332199654
2	nano	nop	15402167	33482142
2	e1-cellpn-u8v@acc	loop	3002130542	14617833540
2	e1-tailpn-u8@acc	sieve	2117854383	8314869308
2	e1-tailpn-u8@full	fib	631699596	3417189471
2	e1-cellpn-raw@acc	fib	489733098	2431024242
2	e1-tailpn-raw@full	fib	531857525	2789747163
2	nano	loop	1721061891	5187938314
2	e1-cellpn-u8v@acc	fib	602686574	2938816433
2	e1-tailpn-raw@full	loop	2490480537	9815544006
2	e1-cellpn-u8@acc	mandel	260020760	1476643155
2	e1-cellpn-u8v@none	sieve	2021959716	7583587414
2	e1-cellpn-u8@none	mandel	335553701	1570591627
2	e1-switch-u8@full	fib	1098087226	4044363713
2	e1-tailpn-u8@acc	loop	3158712077	16617202008
2	e1-tailpn-u8v@accpin	loop	2802268391	13416244008
2	e1-tailpn-u8@full	sieve	1960475297	7573213439
2	e1-tailpn-raw@acc	loop	2840304709	11016007423
2	e1-cellpn-raw@none	loop	3932459989	12216609277
2	e1-cellpn-u8@full	mandel	240733144	1507987200
2	e1-cellpn-u8@full	fib	598498370	3416385804
2	e1-cellpn-raw@accpin	mandel	219205069	997736688
2	e1-cellpn-u8@acc	sieve	2060686230	8314706271
2	e1-tailpn-u8v@acc	sieve	1971099794	7349240061
2	e1-tailpn-u8@accpin	mandel	244994005	1507537379
2	e1-tailpn-raw@acc	fib	545883586	2431009137
2	e1-tailpn-u8v@none	sieve	2061230751	7582737101
2	e1-tailpn-raw@acc	sieve	1822658572	5855915778
2	e1-tailpn-u8v@acc	loop	3046974983	14615110908
2	e1-cellpn-u8v@acc	mandel	241956836	1300730304
2	e1-switch-u8@full	loop	6425236699	20820575664
2	e1-cellpn-raw@acc	loop	2565102358	11018455591
2	nano	sieve	1188400520	4388508192
2	nano	fib	365509821	1827859433
2	e1-tailpn-raw@accpin	mandel	226990368	998275626
2	e1-tailpn-u8v@accpin	fib	613586793	3208171959
2	e1-tailpn-u8@full	loop	3060376226	15416702252
2	e1-cellpn-u8@full	loop	3256253824	15417649284
2	e1-tailpn-u8@accpin	loop	3062577776	15416005354
2	e1-cellpn-u8@accpin	sieve	2005198754	7573589743
2	e1-tailpn-raw@accpin	sieve	1582769768	5115037145
2	e1-tailpn-raw@accpin	loop	2503172143	9821538638
2	e1-tailpn-u8v@accpin	sieve	1817874338	6610422540
2	e1-switch-raw@full	loop	4825060239	15817781442
2	e1-tailpn-raw@none	loop	3962942157	12217801402
2	e1-cellpn-raw@acc	mandel	219042053	966450645
2	e1-goto-raw@full	sieve	1665386003	6378585449
2	e1-cellpn-u8@full	sieve	2008801793	7573590299
2	e1-switch-raw@full	mandel	488077456	1564225293
2	e1-cellpn-raw@none	mandel	324738760	1061131201
2	e1-tailpn-raw@none	sieve	1919564263	6052870299
2	e1-cellpn-raw@none	sieve	1869665780	6054043956
2	e1-tailpn-u8@none	sieve	2212911200	8522641143
2	e1-tailpn-u8v@none	loop	3981933853	15821761741
2	e1-cellpn-u8v@full	fib	612743398	3216196107
2	e1-cellpn-u8v@full	loop	3027376804	13419820220
2	e1-switch-raw@full	sieve	1718828840	7775338144
2	e1-cellpn-u8@none	fib	643945797	3297868433
2	e1-tailpn-u8v@full	mandel	239234318	1331878162
2	e1-cellpn-u8v@accpin	mandel	227026120	1331957229
2	e1-cellpn-raw@full	loop	2354152929	9816115362
2	e1-cellpn-raw@accpin	loop	2350330334	9814953102
2	e1-goto-raw@full	loop	2416489887	11616106526
2	e1-tailpn-u8@accpin	sieve	1960632814	7573621447
2	e1-cellpn-u8@acc	fib	617156957	3177718576
2	e1-cellpn-u8@none	sieve	2082714470	8523698059
2	e1-switch-u8@full	sieve	2988480449	9720105638
2	e1-tailpn-u8@acc	mandel	258150258	1476024481
2	e1-cellpn-u8v@none	mandel	331797536	1395665064
2	e1-tailpn-raw@full	mandel	230085623	997785908
2	e1-cellpn-u8v@none	loop	3953892040	15817648405
2	e1-goto-u8@full	loop	3247373247	17817720266
2	e1-cellpn-raw@full	sieve	1593774162	5115117134
2	e1-cellpn-raw@accpin	sieve	1590364563	5114476593
2	e1-tailpn-u8v@none	mandel	325607428	1395994302
2	e1-cellpn-u8v@accpin	loop	3012623007	13415621091
2	nano	mandel	206310608	666462886
2	e1-goto-u8@full	mandel	409974389	2006970629
3	nano	fib	364353191	1827799473
3	e1-cellpn-raw@acc	sieve	1776887958	5855087503
3	e1-cellpn-u8v@full	fib	588839536	3207419923
3	e1-tailpn-u8v@none	fib	661922159	3058380033
3	e1-switch-raw@full	loop	4822795853	15818268188
3	e1-switch-u8@full	loop	6429283006	20821178938
3	e1-goto-raw@full	mandel	529903782	1440550758
3	e1-cellpn-u8@full	sieve	2002357792	7573376209
3	e1-goto-u8@full	mandel	410108297	2006639424
3	e1-goto-raw@full	sieve	1667290252	6378502122
3	e1-cellpn-u8@accpin	sieve	2004591634	7573078524
3	e1-tailpn-u8v@none	mandel	325679724	1394962800
3	e1-cellpn-u8@full	mandel	239996047	1507229866
3	e1-cellpn-u8v@full	sieve	1946543410	6608306857
3	e1-cellpn-u8v@acc	loop	2988929200	14616186703
3	e1-tailpn-u8v@none	sieve	2062413882	7582813272
3	e1-cellpn-u8v@accpin	loop	3010932736	13415432892
3	e1-cellpn-raw@accpin	fib	488514513	2789596835
3	e1-tailpn-raw@accpin	fib	531092890	2789345330
3	e1-tailpn-u8@none	mandel	325828326	1570294790
3	e1-tailpn-raw@none	fib	587262551	2520581796
3	e1-cellpn-u8@none	fib	641012001	3297488967
3	e1-tailpn-u8v@acc	sieve	1970018174	7349079265
3	e1-tailpn-raw@full	loop	2488548615	9815322439
3	nano	nop	11225866	25897980
3	e1-cellpn-u8v@full	loop	3012292329	13415837458
3	e1-goto-u8@full	fib	678558652	3864446769
3	e1-cellpn-u8@none	loop	3970426992	17816860583
3	nano	sieve	1182351838	4379777073
3	e1-switch-raw@full	mandel	486641376	1563556008
3	e1-cellpn-raw@full	loop	2361525157	9814996014
3	e1-cellpn-u8v@none	mandel	332095287	1395254519
3	e1-tailpn-u8v@full	loop	2803403765	13415606251
3	e1-tailpn-u8@full	loop	3060066862	15416747929
3	e1-tailpn-u8v@full	fib	613316403	3207513865
3	e1-tailpn-u8v@accpin	mandel	239840115	1331989698
3	e1-cellpn-u8@full	fib	600107374	3416453240
3	e1-cellpn-u8v@none	sieve	2022550339	7582616691
3	e1-cellpn-u8v@acc	fib	605287192	2939106663
3	e1-cellpn-u8@acc	mandel	258682060	1476088126
3	e1-cellpn-u8@acc	loop	3214181861	16616239804
3	e1-cellpn-u8v@accpin	sieve	1950761224	6608167874
3	e1-cellpn-u8@none	mandel	335280354	1570056959
3	e1-tailpn-u8@acc	sieve	2110555431	8313936620
3	e1-cellpn-raw@acc	fib	493021758	2431162048
3	e1-cellpn-raw@none	loop	3954619027	12217645722
3	e1-cellpn-raw@none	fib	537858328	2520488515
3	e1-cellpn-u8v@accpin	fib	590143601	3207388449
3	e1-tailpn-u8@full	mandel	244694100	1507295836
3	e1-tailpn-u8v@accpin	fib	612757812	3207282590
3	nano	mandel	199081940	659726970
3	e1-cellpn-raw@accpin	mandel	219940918	998133138
3	e1-switch-u8@full	fib	1106373982	4044637396
3	e1-tailpn-raw@full	fib	531375481	2789759185
3	e1-tailpn-raw@accpin	sieve	1581529093	5114700515
3	e1-tailpn-u8@accpin	mandel	244532230	1507320270
3	e1-cellpn-u8@none	sieve	2080738743	8522421241
3	e1-tailpn-u8v@none	loop	4032353526	15839481176
3	e1-cellpn-u8v@full	mandel	226812663	1331923767
3	e1-tailpn-raw@acc	mandel	232521376	967812096
3	e1-tailpn-u8@acc	loop	3151409252	16616092979
3	e1-tailpn-raw@none	mandel	320088549	1060789522
3	e1-tailpn-raw@none	sieve	1910849873	6052495346
3	e1-tailpn-u8@full	sieve	1963230497	7574141787
3	e1-cellpn-u8@acc	fib	616752307	3177880709
3	e1-cellpn-raw@full	sieve	1591492952	5115346337
3	e1-goto-u8@full	loop	3246896283	17817205832
3	e1-tailpn-u8@none	loop	3976930812	17816924513
3	e1-tailpn-u8v@full	mandel	239584580	1332124782
3	e1-tailpn-u8@none	fib	675828457	3297403377
3	e1-cellpn-raw@none	mandel	323851357	1060724340
3	e1-tailpn-u8@accpin	fib	626534253	3416410298
3	e1-switch-raw@full	sieve	1720413250	7775594962
3	e1-cellpn-u8v@accpin	mandel	227588462	1332235083
3	e1-cellpn-u8v@none	fib	641369097	3058250222
3	e1-tailpn-u8v@acc	loop	3056721212	14616464514
3	e1-goto-raw@full	loop	2417998854	11615179896
3	e1-tailpn-u8v@full	sieve	1813901057	6608413740
3	e1-tailpn-raw@acc	fib	543095346	2431173538
3	e1-tailpn-u8@full	fib	635260959	3416514837
3	e1-tailpn-raw@full	mandel	226376210	997910505
3	e1-tailpn-raw@acc	sieve	1819422119	5855323054
3	e1-goto-raw@full	fib	495569581	2804361597
3	e1-cellpn-raw@full	fib	512086216	2789366866
3	e1-tailpn-u8@none	sieve	2206883942	8523349907
3	e1-cellpn-raw@accpin	sieve	1591289608	5115541142
3	e1-cellpn-raw@full	mandel	221636776	998205927
3	e1-tailpn-u8v@acc	mandel	250789294	1300911486
3	e1-tailpn-raw@accpin	mandel	226658734	997946610
3	e1-tailpn-u8v@acc	fib	632937377	2939313054
3	e1-switch-u8@full	sieve	2990169451	9720453752
3	e1-tailpn-u8@acc	fib	648422279	3178124999
3	e1-cellpn-u8v@none	loop	3957552605	15817393220
3	e1-tailpn-raw@acc	loop	2839349216	11015583153
3	e1-tailpn-u8@acc	mandel	259390327	1476138832
3	e1-cellpn-raw@acc	loop	2551365819	11014883055
3	e1-cellpn-u8v@acc	mandel	243081309	1300689001
3	e1-cellpn-raw@none	sieve	1860451130	6051437937
3	e1-tailpn-u8v@accpin	sieve	1812210307	6608187973
3	e1-cellpn-u8@accpin	loop	3254634940	15416599312
3	e1-cellpn-u8v@acc	sieve	1981203120	7348630547
3	e1-cellpn-u8@full	loop	3252832339	15415854426
3	e1-tailpn-u8v@accpin	loop	2805999075	13418412392
3	nano	loop	1722919629	5194795387
3	e1-switch-u8@full	mandel	465660138	1874336172
3	e1-cellpn-raw@acc	mandel	220968015	966753916
3	e1-tailpn-raw@accpin	loop	2489751528	9814784525
3	e1-cellpn-u8@accpin	fib	637920389	3418599803
3	e1-tailpn-raw@none	loop	3953733316	12216440172
3	e1-cellpn-u8@acc	sieve	2060003828	8313863876
3	e1-cellpn-u8@accpin	mandel	241003934	1507329096
3	e1-cellpn-raw@accpin	loop	2350960844	9815571247
3	e1-tailpn-raw@full	sieve	1580988806	5114790253
3	e1-tailpn-u8@accpin	sieve	1959705572	7573390233
3	e1-tailpn-u8@accpin	loop	3055221730	15415615711
3	e1-goto-u8@full	sieve	1994355093	9041023906
3	e1-switch-raw@full	fib	910156859	3403264486
4	e1-tailpn-u8v@none	loop	3976806495	15817730508
4	e1-tailpn-u8v@full	fib	610404803	3207537304
4	e1-cellpn-u8v@accpin	mandel	226638575	1332822683
4	e1-tailpn-u8@none	mandel	326417538	1570160037
4	e1-cellpn-u8@full	sieve	2012459014	7575831057
4	e1-cellpn-u8v@none	loop	3958066118	15817291850
4	e1-tailpn-raw@full	fib	532147137	2789468739
4	e1-goto-u8@full	sieve	1996986765	9041071602
4	e1-cellpn-u8@acc	mandel	258789968	1475983492
4	e1-tailpn-u8@accpin	sieve	1957366601	7573212587
4	e1-cellpn-u8v@acc	mandel	241497553	1300694394
4	e1-switch-u8@full	sieve	2986935926	9719115270
4	e1-tailpn-u8v@full	loop	2799665376	13414775395
4	e1-cellpn-raw@full	mandel	220619776	997922054
4	e1-tailpn-u8v@acc	fib	632963830	2939260823
4	e1-cellpn-u8v@full	fib	601363334	3207277135
4	e1-tailpn-raw@full	loop	2486429896	9814991149
4	e1-tailpn-raw@accpin	sieve	1582208021	5114723145
4	e1-tailpn-u8v@none	fib	658845776	3058223260
4	e1-cellpn-raw@accpin	mandel	218706302	997686336
4	e1-tailpn-raw@accpin	fib	534481835	2789155275
4	e1-cellpn-raw@full	fib	487344023	2789066151
4	nano	loop	1726033806	5194193192
4	e1-cellpn-u8v@full	mandel	226524328	1331947398
4	e1-tailpn-u8v@accpin	loop	2806970606	13419469924
4	e1-tailpn-u8@acc	sieve	2104592956	8313865455
4	e1-tailpn-u8@none	fib	687627624	3297017164
4	e1-cellpn-u8@accpin	fib	600994467	3416679607
4	e1-cellpn-u8v@none	sieve	2020669460	7582673985
4	e1-cellpn-u8@accpin	loop	3255126859	15416508865
4	e1-switch-raw@full	mandel	485140986	1562890697
4	e1-cellpn-u8@full	loop	3257010561	15416496717
4	e1-tailpn-raw@none	mandel	321808636	1060732759
4	e1-cellpn-raw@full	sieve	1594163928	5114480013
4	e1-tailpn-u8@full	fib	627171400	3416091577
4	e1-cellpn-raw@accpin	loop	2353579161	9814642860
4	e1-cellpn-raw@none	fib	531839438	2521703566
4	e1-goto-raw@full	mandel	531972678	1440418851
4	e1-cellpn-u8@none	loop	3969737462	17819424254
4	e1-tailpn-u8@full	mandel	245991640	1507441310
4	e1-switch-raw@full	sieve	1715746268	7774537563
4	e1-switch-u8@full	loop	6437247866	20821359322
4	e1-cellpn-raw@acc	mandel	219998531	966246428
4	e1-cellpn-raw@none	loop	3937509290	12217580120
4	e1-tailpn-u8@accpin	mandel	245282512	1507537315
4	e1-cellpn-u8@none	fib	637765593	3296895861
4	e1-tailpn-raw@accpin	loop	2493049331	9816183784
4	e1-tailpn-raw@acc	sieve	1822557599	5855623817
4	e1-cellpn-u8v@accpin	sieve	1950103222	6608430694
4	e1-tailpn-u8v@acc	mandel	250924942	1300791578
4	e1-cellpn-u8@accpin	sieve	2001672385	7573220923
4	nano	nop	11076983	25061225
4	e1-switch-raw@full	loop	4831276014	15819367609
4	e1-goto-raw@full	fib	496418472	2804248213
4	e1-cellpn-u8@acc	loop	3219164809	16618931269
4	e1-cellpn-u8v@accpin	loop	3026301577	13416443941
4	e1-tailpn-u8v@acc	sieve	1975452041	7349734828
4	e1-goto-u8@full	fib	682444643	3865112297
4	e1-tailpn-raw@none	sieve	1917976496	6052540202
4	e1-tailpn-raw@accpin	mandel	227501089	997565604
4	e1-tailpn-raw@full	sieve	1585620517	5115062324
4	e1-cellpn-u8v@none	mandel	330846110	1395135503
4	e1-goto-raw@full	sieve	1670651937	6378879262
4	e1-tailpn-u8v@accpin	fib	617428581	3207582797
4	e1-tailpn-u8@acc	loop	3160372576	16617302444
4	e1-tailpn-u8@accpin	loop	3062647408	15416613896
4	e1-tailpn-u8v@none	mandel	326492614	1394912125
4	e1-cellpn-u8@acc	sieve	2064600637	8314127091
4	e1-cellpn-raw@full	loop	2353397944	9815651253
4	e1-tailpn-u8v@full	mandel	240369445	1331855265
4	e1-tailpn-u8@none	sieve	2214666336	8524913249
4	e1-tailpn-raw@acc	mandel	231404604	966275653
4	e1-cellpn-u8v@acc	sieve	1987534869	7350095273
4	e1-tailpn-u8@accpin	fib	632978564	3416988246
4	e1-cellpn-raw@accpin	fib	489896581	2789791810
4	e1-cellpn-raw@none	mandel	325182865	1060726209
4	e1-tailpn-u8v@full	sieve	1821362109	6609414817
4	e1-cellpn-u8@acc	fib	617555619	3177682215
4	e1-tailpn-raw@acc	fib	552644906	2431037909
4	nano	mandel	207004909	666805414
4	e1-tailpn-raw@none	loop	3970519465	12218676974
4	e1-goto-u8@full	loop	3260339882	17818829283
4	e1-cellpn-u8v@full	sieve	1954760712	6609528561
4	e1-tailpn-u8v@accpin	mandel	240465996	1331850789
4	e1-cellpn-u8@none	sieve	2096828911	8524112756
4	e1-cellpn-u8v@none	fib	631899513	3058143762
4	e1-cellpn-u8@accpin	mandel	240761827	1507045184
4	e1-cellpn-raw@acc	sieve	1785686118	5856941721
4	e1-goto-raw@full	loop	2427321889	11616558054
4	e1-tailpn-u8@none	loop	4019246572	17821249652
4	nano	fib	370660062	1827951081
4	e1-cellpn-u8@none	mandel	334566516	1570334968
4	e1-cellpn-raw@acc	loop	2569946155	11016067003
4	e1-goto-u8@full	mandel	417346165	2008596928
4	e1-cellpn-u8v@full	loop	3040895763	13416249815
4	e1-cellpn-u8@full	mandel	240301487	1507177022
4	e1-cellpn-raw@accpin	sieve	1595282316	5114768654
4	e1-tailpn-u8@acc	mandel	259512693	1476037134
4	e1-cellpn-u8v@accpin	fib	604585691	3207902828
4	e1-tailpn-u8@full	loop	3072890253	15417542759
4	e1-cellpn-u8@full	fib	605655744	3416538169
4	e1-switch-u8@full	mandel	468669693	1874801028
4	e1-cellpn-raw@none	sieve	1867419186	6052043078
4	e1-cellpn-u8v@acc	fib	606759116	2938486569
4	e1-cellpn-raw@acc	fib	491778787	2430562234
4	e1-tailpn-u8v@none	sieve	2069457645	7582354911
4	e1-tailpn-u8v@acc	loop	3066766796	14617107941
4	e1-tailpn-u8v@accpin	sieve	1819195938	6608923104
4	e1-switch-raw@full	fib	908367310	3402151791
4	nano	sieve	1178122627	4379512744
4	e1-tailpn-raw@full	mandel	226962860	997728183
4	e1-tailpn-raw@none	fib	577390102	2520395684
4	e1-tailpn-u8@acc	fib	657431619	3177805588
4	e1-tailpn-raw@acc	loop	2844061188	11015992982
4	e1-switch-u8@full	fib	1098186848	4044031752
4	e1-tailpn-u8@full	sieve	1960899401	7573058641
4	e1-cellpn-u8v@acc	loop	2994583320	14615683746
