0	nano	nop	15130595	31674450
0	tailpn-u8	fib	580265671	2730160869
0	nano	mandel	199479948	659653445
0	wfhoist	fib	607152508	3213569223
0	wfwhole	loop	5238910010	21228305436
0	tailpn-u8	loop	3992178276	17820741399
0	wfwhole	sieve	2858294953	10393195425
0	wfbase	loop	4021670322	18226728228
0	wfwhole	mandel	436532617	1893430979
0	wfbase	fib	601088799	2915108461
0	tailpn-u8	sieve	2102501364	8523617867
0	wfbase	sieve	2415504068	8845338989
0	wfwhole	fib	935461450	3424266841
0	wfhoist	loop	4011123871	20225885970
0	wfbase	mandel	340730145	1629793598
0	nano	loop	1723500579	5188918687
0	wfhoist	mandel	341825718	1804820833
0	wfhoist	sieve	2381831430	9785310591
0	nano	sieve	1184272134	4380044316
0	tailpn-u8	mandel	324184561	1569457610
0	nano	fib	366137769	1827857998
1	nano	mandel	199298785	659240829
1	wfbase	sieve	2412953495	8845621324
1	nano	loop	1721546528	5189066592
1	wfwhole	loop	5239969050	21228716420
1	wfbase	loop	4011692297	18226022393
1	tailpn-u8	sieve	2099819367	8524199443
1	wfhoist	sieve	2385883000	9784663139
1	nano	nop	9952476	24978713
1	tailpn-u8	mandel	324852905	1569318441
1	nano	fib	366298206	1827550080
1	wfhoist	loop	4008141593	20226559356
1	wfwhole	mandel	436187201	1892762403
1	wfbase	fib	1152838334	2916526282
1	nano	sieve	1182550009	4380220874
1	wfbase	mandel	339921092	1629544044
1	wfwhole	fib	935116853	3423584469
1	wfhoist	mandel	341528958	1804818040
1	wfwhole	sieve	2861021458	10392216154
1	tailpn-u8	loop	3989862635	17819747606
1	wfhoist	fib	609692537	3213930290
1	tailpn-u8	fib	580462607	2729379731
2	wfhoist	sieve	2381891101	9785639818
2	wfbase	sieve	2414808129	8845293970
2	wfbase	fib	600552245	2914938962
2	wfwhole	sieve	2860080647	10392367298
2	wfwhole	loop	5243049214	21228109895
2	tailpn-u8	sieve	2104385224	8524450058
2	nano	fib	367108557	1827973523
2	wfhoist	mandel	342191290	1804930794
2	wfhoist	loop	4010302338	20225954027
2	tailpn-u8	mandel	326633854	1569245917
2	wfwhole	mandel	434518151	1892731099
2	nano	sieve	1182871408	4380320960
2	tailpn-u8	fib	579988166	2729729570
2	wfbase	loop	4014993716	18225673488
2	wfwhole	fib	934168023	3423126351
2	tailpn-u8	loop	3996495830	17820337776
2	nano	nop	10772363	25012889
2	nano	loop	1727106717	5189117081
2	nano	mandel	202260969	660508830
2	wfbase	mandel	340656293	1629705557
2	wfhoist	fib	607997694	3213723114
3	nano	loop	1724134092	5188825254
3	wfwhole	sieve	2864355803	10392767554
3	wfbase	loop	4017722095	18225594929
3	wfbase	fib	1153921020	2916249527
3	wfbase	sieve	2415245236	8845554606
3	wfwhole	mandel	434859029	1892706068
3	tailpn-u8	fib	579895226	2729867016
3	tailpn-u8	sieve	2105331506	8524183654
3	nano	sieve	1179176599	4379565392
3	wfhoist	mandel	342760232	1804885403
3	nano	fib	366217725	1827673285
3	wfwhole	loop	5248580996	21229307929
3	wfhoist	loop	4013024402	20226032658
3	wfhoist	fib	608467676	3213829262
3	wfbase	mandel	340671448	1629671289
3	nano	nop	10522539	25023651
3	nano	mandel	199175892	659434135
3	wfhoist	sieve	2383076700	9785477536
3	tailpn-u8	loop	3996227297	17819503697
3	tailpn-u8	mandel	326107060	1569370152
3	wfwhole	fib	934974075	3423538512
4	nano	loop	1724366236	5188631988
4	wfhoist	fib	608942153	3213855830
4	nano	nop	9636472	24606674
4	wfwhole	fib	936007059	3423584306
4	nano	sieve	1182942688	4380063116
4	wfbase	fib	1153959970	2916471985
4	tailpn-u8	fib	580610863	2729535505
4	wfwhole	mandel	435078136	1892858153
4	wfhoist	sieve	2381837257	9785274899
4	wfbase	sieve	2416924326	8845151240
4	tailpn-u8	mandel	326016610	1569446324
4	tailpn-u8	sieve	2105922771	8524955350
4	tailpn-u8	loop	3990320415	17819344701
4	wfbase	mandel	338293471	1629221345
4	wfwhole	loop	5224510778	21225268734
4	nano	fib	364533909	1827833258
4	wfhoist	mandel	340918334	1804817224
4	wfwhole	sieve	2849707125	10390993524
4	wfhoist	loop	3995649275	20223996631
4	wfbase	loop	4013274150	18225305904
4	nano	mandel	198876157	659827856
5	wfwhole	fib	936157435	3423903305
5	wfhoist	loop	4011680433	20225950811
5	wfwhole	sieve	2864786016	10392702544
5	wfbase	loop	4019312557	18226325466
5	nano	fib	368789100	1828133808
5	wfhoist	sieve	2383888611	9785780607
5	wfbase	sieve	2416344068	8845690668
5	wfwhole	loop	5245515943	21228146784
5	tailpn-u8	sieve	2103524026	8524298847
5	wfbase	mandel	340514532	1629568832
5	nano	mandel	199909891	659819933
5	wfwhole	mandel	435535057	1892665808
5	nano	nop	9697784	24711918
5	wfhoist	mandel	341223516	1804741762
5	tailpn-u8	loop	3994354272	17820191440
5	wfbase	fib	601462309	2914998968
5	tailpn-u8	mandel	324665198	1569272285
5	nano	sieve	1183676402	4380194204
5	nano	loop	1724152788	5188520404
5	tailpn-u8	fib	585338944	2730815599
5	wfhoist	fib	608049673	3213425305
6	wfwhole	fib	1167272578	3423505475
6	tailpn-u8	fib	577192347	2729434722
6	wfbase	sieve	2404198803	8843502120
6	nano	sieve	1177774282	4379645716
6	wfwhole	sieve	2847486811	10390660117
6	nano	nop	9188061	24598199
6	wfhoist	loop	3991556993	20223452180
6	wfbase	mandel	338570878	1629453538
6	tailpn-u8	loop	3974116013	17816799138
6	nano	loop	1716444904	5187618959
6	wfwhole	loop	5222357113	21225022851
6	wfhoist	mandel	339397563	1804631773
6	wfbase	loop	3997145952	18223233821
6	nano	fib	365041134	1827627131
6	wfwhole	mandel	433399066	1892492051
6	tailpn-u8	sieve	2094853224	8522763192
6	wfbase	fib	599878244	2914880774
6	wfhoist	fib	632492920	3213827178
6	wfhoist	sieve	2371499113	9784006921
6	tailpn-u8	mandel	323040894	1569207310
6	nano	mandel	197687251	659613610
7	wfbase	mandel	337616189	1629238141
7	wfbase	fib	597629767	2914685671
7	wfhoist	mandel	340428068	1804513606
7	wfwhole	sieve	2850390807	10390782918
7	tailpn-u8	loop	3975178333	17818825177
7	wfbase	loop	3999650228	18224191909
7	wfwhole	mandel	432402780	1892548105
7	nano	loop	1716256484	5187676346
7	wfwhole	loop	5221563241	21225363231
7	tailpn-u8	sieve	2093522228	8522786483
7	nano	fib	365066925	1827702956
7	nano	mandel	198243675	659269640
7	wfhoist	sieve	2370029834	9783731639
7	wfhoist	fib	1148607789	3214463060
7	wfhoist	loop	3991319166	20223406977
7	wfwhole	fib	931500234	3422712702
7	tailpn-u8	fib	580043069	2729071445
7	nano	sieve	1179005716	4379304234
7	tailpn-u8	mandel	322940527	1569026031
7	nano	nop	9320339	24615182
7	wfbase	sieve	2401344420	8843148299
8	wfwhole	fib	929978625	3422747360
8	wfbase	mandel	338678411	1629304442
8	tailpn-u8	fib	580916598	2729155735
8	wfhoist	sieve	2369329825	9783002930
8	tailpn-u8	sieve	2091909988	8522504655
8	nano	loop	1714680355	5187064672
8	wfwhole	mandel	433511373	1892517697
8	nano	sieve	1177150765	4379699158
8	nano	fib	365067587	1827383803
8	wfbase	fib	597774170	2914724654
8	wfwhole	sieve	2847249771	10390259252
8	wfhoist	loop	3989957096	20222732274
8	tailpn-u8	loop	3972771075	17817031574
8	tailpn-u8	mandel	322743274	1569031587
8	nano	mandel	199161211	659220283
8	wfwhole	loop	5219860619	21224846169
8	wfbase	loop	3996982924	18222778232
8	wfbase	sieve	2411947417	8844259829
8	nano	nop	10932154	25081013
8	wfhoist	fib	608751085	3214211122
8	wfhoist	mandel	341975543	1804941560
9	tailpn-u8	mandel	323871240	1569316855
9	nano	nop	10681615	24687679
9	nano	loop	1721130403	5188340035
9	wfwhole	fib	1170895785	3424333274
9	wfbase	mandel	337669563	1629373812
9	wfwhole	mandel	432132005	1892546105
9	nano	mandel	197578101	659565821
9	wfhoist	fib	605170318	3213398073
9	wfwhole	sieve	2855088388	10391961897
9	tailpn-u8	fib	581242711	2729916404
9	nano	fib	366053002	1827811629
9	wfwhole	loop	5219177339	21225816428
9	tailpn-u8	loop	3972044423	17816963267
9	wfhoist	loop	3995904157	20224770087
9	wfhoist	mandel	340053283	1804659313
9	wfhoist	sieve	2369743357	9783453679
9	wfbase	loop	3996885205	18223587848
9	nano	sieve	1176178164	4379761455
9	wfbase	fib	598177365	2914774851
9	tailpn-u8	sieve	2090915254	8522551969
9	wfbase	sieve	2403927995	8843491970
