batch	kernel	round	variant	cycles
measure	loop	0	S	3979329968
measure	loop	0	W	6029028061
measure	loop	1	S	3989037881
measure	loop	1	W	6027938179
measure	loop	2	S	3979298013
measure	loop	2	W	6021808363
measure	loop	3	S	3979463347
measure	loop	3	W	6024855078
measure	loop	4	S	3982597108
measure	loop	4	W	6023673630
measure	loop	5	S	3978795979
measure	loop	5	W	6025625634
measure	loop	6	S	3978037303
measure	loop	6	W	6024794780
measure	fib	0	S	635988964
measure	fib	0	W	992691506
measure	fib	1	S	635519502
measure	fib	1	W	991872515
measure	fib	2	S	1149257481
measure	fib	2	W	992546279
measure	fib	3	S	637089030
measure	fib	3	W	990973801
measure	fib	4	S	636778775
measure	fib	4	W	1157010592
measure	fib	5	S	637694717
measure	fib	5	W	991258513
measure	fib	6	S	635773570
measure	fib	6	W	991016308
measure	sieve	0	S	2358241376
measure	sieve	0	W	3109084804
measure	sieve	1	S	2358970370
measure	sieve	1	W	3113856583
measure	sieve	2	S	2363374810
measure	sieve	2	W	3107992080
measure	sieve	3	S	2357325432
measure	sieve	3	W	3109627841
measure	sieve	4	S	2360063886
measure	sieve	4	W	3111945191
measure	sieve	5	S	2362510740
measure	sieve	5	W	3112887877
measure	sieve	6	S	2359838391
measure	sieve	6	W	3116813832
measure	mandel	0	S	364608292
measure	mandel	0	W	507264680
measure	mandel	1	S	364797031
measure	mandel	1	W	506763401
measure	mandel	2	S	364710776
measure	mandel	2	W	506328448
measure	mandel	3	S	364613536
measure	mandel	3	W	507232821
measure	mandel	4	S	364001587
measure	mandel	4	W	505899897
measure	mandel	5	S	364638063
measure	mandel	5	W	506358032
measure	mandel	6	S	364222065
measure	mandel	6	W	506275629
fib-repeat	fib	0	S	639184000
fib-repeat	fib	0	W	993295178
fib-repeat	fib	1	S	638602922
fib-repeat	fib	1	W	991996809
fib-repeat	fib	2	S	635850786
fib-repeat	fib	2	W	991981810
fib-repeat	fib	3	S	635912962
fib-repeat	fib	3	W	1158142616
fib-repeat	fib	4	S	636468297
fib-repeat	fib	4	W	993464551
fib-repeat	fib	5	S	637107377
fib-repeat	fib	5	W	994061977
fib-repeat	fib	6	S	641066383
fib-repeat	fib	6	W	994278577
