0	switch-u8	loop	5043538153	19022000439
0	nano	loop	1723195827	5188457389
0	switch-u8	sieve	2294625950	8899005665
0	tailpn-checked	fib	578414029	3222376465
0	cellpn-raw	mandel	327815462	1059868164
0	nano	mandel	200017290	659374566
0	cellpn-raw	fib	442711439	1982657264
0	cellpn-u8	sieve	2083576508	8523688989
0	cellpn-raw	loop	3950460119	12223347305
0	nano	sieve	1184350705	4380603708
0	tailpn-u8	sieve	2106796567	8524941644
0	cellpn-u8	mandel	331749983	1569422183
0	cellpn-u8	fib	544247338	2729832953
0	tailpn-u8v	sieve	2089979802	7587331146
0	tailpn-checked	mandel	356077856	2195002277
0	switch-u8	fib	766950499	2864199949
0	tailpn-u8	fib	578227187	2729479049
0	tailpn-u8	loop	3996670503	17821181265
0	cellpn-u8	loop	3986254820	17824753383
0	tailpn-checked	sieve	2158828954	10993406843
0	tailpn-checked	loop	4008915108	24621697856
0	tailpn-u8v	mandel	322351993	1394012593
0	switch-u8	mandel	501666332	1720108465
0	tailpn-u8v	fib	564568287	2490565317
0	nano	fib	365026195	1827689084
0	nano	nop	9695502	24635047
0	tailpn-u8	mandel	327867928	1569483800
0	cellpn-raw	sieve	1864461321	6053850925
0	tailpn-u8v	loop	4000182710	15822957237
1	cellpn-u8	mandel	333237509	1569716059
1	nano	loop	1730962860	5189667248
1	tailpn-u8	loop	4000456550	17822365785
1	nano	mandel	199998369	659509118
1	switch-u8	mandel	501782522	1720829838
1	switch-u8	loop	5051141096	19024991425
1	cellpn-raw	loop	3949137136	12223355968
1	cellpn-raw	mandel	328620717	1060115096
1	tailpn-u8v	sieve	2081589021	7584524704
1	switch-u8	sieve	2296395054	8899163426
1	tailpn-u8	mandel	325760202	1569487254
1	switch-u8	fib	767670799	2864813973
1	tailpn-checked	fib	580052239	3222561959
1	tailpn-u8	fib	589035972	2730229058
1	tailpn-checked	sieve	2159945670	10992933603
1	tailpn-u8v	mandel	323554866	1394372793
1	tailpn-checked	mandel	354305952	2194113012
1	tailpn-u8v	fib	566781120	2491114385
1	cellpn-raw	fib	442931097	1982866018
1	cellpn-u8	sieve	2087583192	8524914261
1	cellpn-raw	sieve	1861830764	6052796796
1	tailpn-u8v	loop	4004315482	15825248873
1	nano	sieve	1184662284	4381206238
1	nano	fib	366515312	1827747606
1	cellpn-u8	fib	541554703	2730095247
1	nano	nop	10698258	24721394
1	tailpn-checked	loop	4011171664	24622360339
1	cellpn-u8	loop	3980582418	17821015194
1	tailpn-u8	sieve	2101988266	8523721905
2	switch-u8	fib	765405149	2864218111
2	cellpn-u8	sieve	2083814135	8524099862
2	tailpn-u8v	sieve	2081767048	7584614919
2	nano	loop	1724709076	5189127303
2	tailpn-u8v	loop	4000926221	15822264327
2	tailpn-checked	loop	4003402773	24619368585
2	cellpn-u8	fib	540797243	2729569556
2	cellpn-raw	sieve	1861689665	6052972293
2	tailpn-checked	mandel	355288828	2193797038
2	tailpn-u8	mandel	325676301	1569229959
2	tailpn-u8	sieve	2104998809	8523576366
2	switch-u8	loop	5043771909	19021013538
2	cellpn-raw	mandel	327460600	1059703400
2	nano	sieve	1183959935	4380050008
2	tailpn-u8v	mandel	320709719	1393832252
2	switch-u8	mandel	502385495	1719885122
2	switch-u8	sieve	2304797860	8900466667
2	tailpn-checked	sieve	2157266591	10991721615
2	cellpn-u8	mandel	332054412	1569337838
2	nano	nop	11504590	24679653
2	tailpn-u8	loop	4004493280	17821927153
2	nano	mandel	201585533	660017955
2	nano	fib	367766166	1827737188
2	tailpn-u8v	fib	568590752	2491810966
2	tailpn-checked	fib	579694116	3222641666
2	cellpn-u8	loop	3982829749	17821373297
2	cellpn-raw	fib	444538695	1983283131
2	tailpn-u8	fib	580812179	2730022215
2	cellpn-raw	loop	3947298365	12219313513
3	nano	mandel	198904826	659444247
3	tailpn-u8v	mandel	321441151	1393972758
3	tailpn-u8	loop	3997168170	17821601204
3	cellpn-raw	sieve	1872194984	6056069674
3	switch-u8	loop	5068485411	19030047304
3	switch-u8	sieve	2305353450	8903195305
3	tailpn-u8	sieve	2108188889	8526204174
3	tailpn-checked	mandel	355034444	2193796979
3	cellpn-u8	sieve	2089656272	8524134096
3	tailpn-u8v	sieve	2078725305	7583242334
3	nano	loop	1727815814	5188679015
3	nano	nop	11512949	25827888
3	cellpn-raw	fib	444243472	1983040496
3	cellpn-u8	mandel	333631670	1569978594
3	nano	fib	367263383	1827779036
3	tailpn-u8	fib	578937334	2729638916
3	nano	sieve	1185903740	4380218936
3	cellpn-raw	loop	3952683266	12221228743
3	cellpn-raw	mandel	327479372	1059730617
3	tailpn-checked	fib	577671483	3222240391
3	tailpn-u8v	fib	564261433	2490709625
3	tailpn-u8	mandel	326570280	1569261049
3	switch-u8	fib	767386681	2864401383
3	switch-u8	mandel	504089856	1720244226
3	cellpn-u8	loop	3993750832	17822094413
3	tailpn-u8v	loop	3994913285	15819044851
3	tailpn-checked	loop	4010987998	24619212248
3	tailpn-checked	sieve	2157094548	10991937448
3	cellpn-u8	fib	543685291	2729439944
4	tailpn-checked	mandel	354863265	2193948586
4	tailpn-checked	fib	578932394	3222076941
4	tailpn-u8	sieve	2104416311	8523245369
4	switch-u8	mandel	502490112	1719896006
4	nano	nop	9383362	24621234
4	cellpn-u8	fib	589306702	2729789105
4	nano	mandel	200843929	659427059
4	switch-u8	sieve	2298554503	8899059463
4	cellpn-u8	sieve	2086470287	8523615402
4	cellpn-raw	mandel	328003409	1059756763
4	tailpn-u8	loop	3997931198	17819337456
4	tailpn-u8	fib	579929294	2729736129
4	nano	loop	1726311862	5188671748
4	switch-u8	loop	5050601054	19021660932
4	tailpn-u8v	mandel	322085671	1394074499
4	tailpn-u8v	loop	3996914935	15819503025
4	cellpn-raw	loop	3959019550	12223407279
4	tailpn-checked	loop	4010602728	24620506487
4	tailpn-checked	sieve	2163899178	10992422901
4	cellpn-u8	mandel	333077524	1569379105
4	cellpn-u8	loop	3985227804	17820720912
4	tailpn-u8v	sieve	2084247666	7585242328
4	nano	fib	370170500	1828988955
4	cellpn-raw	fib	448092641	1984100568
4	cellpn-raw	sieve	1869739137	6054508008
4	tailpn-u8v	fib	570565860	2491276036
4	nano	sieve	1193303836	4382943758
4	tailpn-u8	mandel	329655166	1570700999
4	switch-u8	fib	772422738	2867365441
5	tailpn-u8	mandel	325469262	1569198557
5	nano	sieve	1183533793	4379916642
5	tailpn-checked	sieve	2165302619	10993709751
5	tailpn-u8	sieve	2107606209	8523797985
5	tailpn-checked	mandel	358442025	2194842588
5	tailpn-u8v	sieve	2093309251	7586500969
5	switch-u8	loop	5079313251	19030027009
5	tailpn-checked	loop	4031074886	24624616206
5	cellpn-u8	fib	545720511	2730499796
5	cellpn-raw	fib	447094619	1983302012
5	cellpn-raw	sieve	1870859228	6053983605
5	switch-u8	mandel	505347689	1720477296
5	switch-u8	fib	770076639	2864709415
5	nano	mandel	203547443	660533915
5	tailpn-u8v	mandel	326981170	1395189653
5	nano	nop	11203276	24691359
5	cellpn-raw	mandel	332887283	1060352304
5	cellpn-u8	loop	4005074835	17824433766
5	tailpn-u8	loop	4014239966	17821930309
5	tailpn-u8v	loop	4004506938	15820101008
5	tailpn-u8	fib	579810940	2729708240
5	nano	fib	368136530	1828080405
5	switch-u8	sieve	2293760394	8898876071
5	cellpn-raw	loop	3957612918	12220540022
5	nano	loop	1728229817	5188423955
5	tailpn-u8v	fib	567284188	2490959001
5	cellpn-u8	mandel	332008932	1569292055
5	cellpn-u8	sieve	2090727235	8524197373
5	tailpn-checked	fib	579136161	3222457212
6	switch-u8	mandel	503623941	1720212580
6	nano	mandel	200619860	659497276
6	tailpn-checked	loop	4016002710	24620057059
6	cellpn-u8	sieve	2079415398	8523093366
6	switch-u8	sieve	2291887354	8898830975
6	switch-u8	fib	766398655	2864611564
6	cellpn-raw	loop	3928547854	12218962244
6	tailpn-u8v	fib	564937289	2490975370
6	nano	loop	1726448143	5188656620
6	cellpn-u8	mandel	331086347	1569370233
6	cellpn-u8	fib	541601457	2729627525
6	nano	sieve	1184390445	4379928253
6	tailpn-u8	sieve	2108931507	8524124731
6	tailpn-u8	loop	4008449001	17820291821
6	switch-u8	loop	5065094444	19023609220
6	tailpn-u8v	mandel	321629813	1393908157
6	tailpn-u8	mandel	326900809	1569316774
6	nano	fib	367111785	1827640181
6	tailpn-checked	sieve	2160867636	10992015437
6	tailpn-u8v	loop	4012719802	15821543990
6	cellpn-raw	sieve	1872488661	6054524178
6	tailpn-checked	fib	579825733	3222762441
6	cellpn-raw	mandel	329015177	1060045512
6	tailpn-checked	mandel	354085222	2193892277
6	tailpn-u8	fib	580688995	2729836509
6	nano	nop	10004602	25015696
6	tailpn-u8v	sieve	2084950794	7584191990
6	cellpn-raw	fib	445729645	1982839010
6	cellpn-u8	loop	3990432041	17820718058
7	cellpn-raw	fib	446702447	1982967157
7	tailpn-u8	loop	4007283565	17820346292
7	tailpn-checked	loop	4017221481	24620672793
7	nano	loop	1729802357	5188741027
7	cellpn-u8	sieve	2092409759	8524376423
7	tailpn-u8v	loop	4007741786	15820820197
7	nano	nop	9759443	24689604
7	tailpn-u8v	fib	565193828	2490670280
7	tailpn-checked	mandel	354602404	2193939076
7	nano	sieve	1188488096	4380382964
7	cellpn-u8	fib	544717427	2729552054
7	cellpn-raw	sieve	1867501746	6053227521
7	switch-u8	sieve	2303048145	8899539181
7	tailpn-u8v	mandel	322316354	1393981909
7	cellpn-u8	loop	3989103003	17820281560
7	switch-u8	fib	770868770	2864696190
7	tailpn-u8v	sieve	2083066995	7583764286
7	switch-u8	mandel	502911105	1720043379
7	tailpn-checked	fib	579883356	3222590863
7	cellpn-raw	mandel	328230739	1059957579
7	cellpn-u8	mandel	332498530	1569348591
7	switch-u8	loop	5058314059	19022956546
7	tailpn-u8	fib	581640028	2730030781
7	tailpn-u8	sieve	2110443518	8524579114
7	cellpn-raw	loop	3951403582	12219378621
7	nano	fib	368305074	1828114150
7	tailpn-checked	sieve	2164351366	10992529346
7	nano	mandel	199720856	659479602
7	tailpn-u8	mandel	325451032	1569193754
8	tailpn-u8	fib	578202775	2729413064
8	tailpn-checked	mandel	354500659	2193862556
8	nano	sieve	1184790099	4380094667
8	cellpn-u8	sieve	2091259271	8524051884
8	tailpn-u8v	loop	4006171666	15820785815
8	cellpn-raw	fib	450622008	1987868767
8	nano	mandel	199337636	659824729
8	cellpn-raw	mandel	328842930	1060115637
8	switch-u8	fib	768313991	2864538850
8	tailpn-u8	mandel	326848561	1569403131
8	tailpn-u8v	mandel	322689231	1394058303
8	switch-u8	sieve	2303817854	8899681924
8	cellpn-u8	loop	3992516762	17820627929
8	switch-u8	mandel	504274072	1720253995
8	switch-u8	loop	5062589154	19023284558
8	tailpn-checked	fib	580160930	3222782321
8	tailpn-checked	sieve	2165924320	10992814519
8	cellpn-raw	sieve	1869346029	6053463605
8	tailpn-u8v	fib	566750378	2490736094
8	nano	fib	368075767	1827802233
8	cellpn-u8	mandel	334277613	1569397502
8	cellpn-raw	loop	3956231195	12220327491
8	tailpn-u8	loop	3998483442	17819927779
8	tailpn-u8	sieve	2106700683	8523975922
8	nano	nop	11034497	24692054
8	tailpn-checked	loop	4019726368	24620535128
8	nano	loop	1733917140	5192242986
8	tailpn-u8v	sieve	2091223348	7585598824
8	cellpn-u8	fib	543058129	2729909435
9	cellpn-u8	fib	542072856	2729591041
9	tailpn-checked	loop	4016769431	24620457716
9	tailpn-u8	loop	4016709008	17822472441
9	tailpn-u8v	mandel	326854678	1394778654
9	nano	nop	11042895	25078706
9	switch-u8	fib	770689954	2865413613
9	cellpn-u8	loop	3987886540	17820728401
9	cellpn-u8	sieve	2092861800	8524756449
9	tailpn-u8v	loop	4013903294	15822757317
9	tailpn-u8v	sieve	2085568919	7584913731
9	tailpn-checked	mandel	354997789	2193940501
9	cellpn-raw	fib	445628553	1983096608
9	nano	fib	367706769	1827716537
9	nano	loop	1739254806	5190337795
9	nano	sieve	1187513199	4381147535
9	switch-u8	sieve	2300074064	8899796190
9	cellpn-raw	sieve	1873098553	6054912763
9	tailpn-u8	fib	588977235	2731721089
9	tailpn-u8	mandel	332062233	1570496219
9	cellpn-raw	mandel	334325089	1060656564
9	switch-u8	loop	5065410397	19023733551
9	tailpn-checked	sieve	2168179104	10993812192
9	tailpn-u8	sieve	2117736414	8526130684
9	switch-u8	mandel	502573094	1720074637
9	tailpn-checked	fib	578970178	3222412938
9	tailpn-u8v	fib	565824582	2490923284
9	cellpn-u8	mandel	332801328	1569327218
9	cellpn-raw	loop	3946830160	12219316232
9	nano	mandel	199525332	659985048
