0	goto-raw	sieve	1884021248	4967845148
0	switch-checked	poly	821753571	3973369785
0	cell-u8	loop	3996610079	19817600242
0	tailpn-checked-pad2048	sieve	2141499087	10991262326
0	goto-raw	mandel	327209237	876416903
0	switch-raw	fib	775565854	2132909898
0	tail-u8	sieve	2175682611	9464043218
0	switch-raw	poly	728422551	2080151990
0	tailpn-checked-pad64	fib	579859518	3222168416
0	tailpn-raw	loop	3952498198	12218207829
0	tail-checked	fib	1012403191	3551571568
0	cellpn-raw	poly	587384118	1789073032
0	switch-u8	poly	907442219	3002737753
0	goto-raw	fib	447946540	1609363453
0	cellpn-raw	mandel	324923953	1059695258
0	goto-u8	loop	4825205101	17818661240
0	goto-checked	poly	864697991	3836683746
0	cellpn-u8	sieve	2081830532	8522672148
0	tail-raw	sieve	1916668209	6052504365
0	cellpn-checked	sieve	2250342204	10991684706
0	switch-u8	loop	5026151110	19017264587
0	cellpn-checked	mandel	331782340	2193617995
0	tailpn-checked	fib	594436504	3222126541
0	cell-checked	poly	1028838318	4144210474
0	cellpn-checked	loop	3990008216	24615957636
0	tailpn-u8	loop	3990393161	17816096019
0	tail-u8	loop	3978731749	19816441276
0	cellpn-raw	fib	454893709	1982698850
0	cellpn-u8	fib	545478719	2729186812
0	switch-checked	mandel	510069121	2335167509
0	tailpn-checked-pad64	sieve	2149797544	10991431707
0	cell-u8	sieve	2088772589	9462809393
0	cell-raw	sieve	1850309472	6052128832
0	tailpn-checked-pad2048	loop	4008613736	24618917369
0	goto-raw	poly	589646280	1481332842
0	cellpn-checked	poly	739450618	3836178118
0	tailpn-checked	sieve	2439585294	10992081374
0	tailpn-checked-pad2048	poly	738925527	3836148846
0	goto-u8	poly	773454383	2711713411
0	tail-raw	poly	586937388	1788917841
0	cell-raw	loop	3930135278	12217305834
0	tail-checked	sieve	2628824258	11937671817
0	cellpn-u8	mandel	340040240	1570421929
0	cell-u8	poly	756916081	3022531306
0	tail-u8	poly	751196832	3020655142
0	tailpn-u8	sieve	2120526661	8526467184
0	cell-checked	fib	1027232861	3551869738
0	switch-raw	loop	4628648927	13819106902
0	cellpn-checked	fib	546358257	3222580085
0	tail-checked	mandel	528146830	2370831854
0	switch-raw	sieve	1928659530	6675626308
0	switch-raw	mandel	494765536	1281099882
0	tailpn-checked	loop	3989627755	24616856784
0	tailpn-u8	poly	725205888	2711829491
0	tailpn-checked-pad2048	mandel	335772965	2193995218
0	goto-checked	loop	4627054774	24418097346
0	switch-u8	sieve	2288668125	8898690169
0	goto-u8	fib	624644251	2551258209
0	cellpn-raw	sieve	1850102692	6053565866
0	goto-u8	mandel	468691766	1616355117
0	cellpn-raw	loop	3976646539	12237480776
0	tail-checked	loop	5571681311	26642340202
0	cell-raw	poly	601022772	1789499157
0	goto-checked	fib	650799478	3072882918
0	tail-checked	poly	1027376353	4144873511
0	cell-checked	sieve	2616960826	11931693303
0	switch-checked	loop	4430009340	25621640470
0	tailpn-u8	fib	581884986	2729332354
0	tailpn-checked-pad64	loop	3990832720	24616346607
0	cellpn-u8	loop	3975768321	17820652971
0	tail-u8	fib	714232561	3028222593
0	switch-u8	fib	765341309	2864354423
0	tailpn-checked-pad64	mandel	334413335	2193710942
0	tail-raw	fib	499147017	1982879528
0	tailpn-u8	mandel	334098753	1569224379
0	goto-checked	sieve	2287494629	10839496322
0	tailpn-raw	mandel	324498151	1060725548
0	tail-raw	mandel	326009978	1059579812
0	tailpn-raw	fib	503780278	1982510785
0	switch-checked	sieve	2506439688	11481573637
0	cell-raw	mandel	330583152	1060253517
0	tailpn-raw	sieve	1918301846	6052431467
0	cell-raw	fib	446729825	1982609674
0	cell-u8	fib	666473519	3028168850
0	tail-raw	loop	3945310647	12220041723
0	cell-checked	loop	5528540468	26620479040
0	tailpn-raw	poly	598626153	1789854789
0	cell-checked	mandel	523310287	2369555565
0	tailpn-checked	mandel	342846086	2194023855
0	tail-u8	mandel	375136786	1744574028
0	cell-u8	mandel	360363431	1744714704
0	tailpn-checked	poly	749612636	3837067973
0	goto-checked	mandel	487541203	2178275557
0	tailpn-checked-pad2048	fib	589462096	3223435355
0	cellpn-u8	poly	736689017	2713121952
0	switch-checked	fib	647297706	3313197375
0	goto-u8	sieve	2279263713	8521700770
0	tailpn-checked-pad64	poly	785290772	3836587246
0	switch-u8	mandel	501347503	1720715856
0	goto-raw	loop	4025181782	10025722946
1	tail-checked	sieve	2689324668	11938483377
1	cellpn-checked	mandel	343290866	2194589476
1	tailpn-checked-pad64	fib	590650568	3222969193
1	switch-u8	fib	785995269	2865598221
1	tailpn-checked	mandel	350145563	2194174658
1	goto-checked	loop	4964716813	24436334439
1	cell-checked	poly	1029707673	4144586979
1	goto-u8	poly	1341161663	2716802106
1	switch-checked	fib	672113379	3314502024
1	tail-checked	mandel	527746129	2369686481
1	goto-checked	fib	657763510	3073747331
1	switch-checked	loop	4691384365	25630997215
1	tail-u8	mandel	386235019	1745643854
1	tail-u8	loop	4163466203	19828000313
1	tailpn-checked-pad2048	poly	773382207	3836370359
1	goto-raw	fib	448874339	1609323304
1	cell-raw	poly	665111174	1789939024
1	cell-checked	fib	1030962526	3552744979
1	tailpn-u8	mandel	348198438	1570497662
1	switch-u8	poly	1321470698	3005391188
1	cell-raw	fib	458061735	1983349939
1	tailpn-checked	loop	4214724658	24632918732
1	goto-u8	mandel	474190069	1617816054
1	tailpn-raw	sieve	2001518439	6061547773
1	goto-checked	poly	1100900064	3838573703
1	cellpn-raw	fib	464708666	1983713377
1	cellpn-u8	mandel	341597602	1569650770
1	cellpn-u8	poly	960737156	2717090502
1	tailpn-checked	sieve	2361979895	11006158072
1	cell-checked	mandel	530853308	2369820357
1	tail-u8	sieve	2171555086	9462761205
1	tailpn-u8	poly	725575072	2711772716
1	cellpn-raw	mandel	324938522	1059846642
1	tailpn-checked-pad2048	loop	3991119830	24616288151
1	tailpn-checked-pad64	poly	743638449	3836397287
1	cellpn-u8	sieve	2096067416	8523716367
1	cellpn-raw	poly	595667101	1789055428
1	goto-raw	mandel	327128778	876421152
1	tailpn-checked-pad64	mandel	336721129	2194845034
1	goto-u8	sieve	2192611055	8515576294
1	tailpn-raw	mandel	316904064	1059889406
1	tailpn-u8	loop	3995488484	17819816928
1	tail-raw	sieve	1923808328	6054572908
1	cellpn-raw	sieve	1847262112	6052606547
1	switch-checked	sieve	2508271385	11481981786
1	switch-raw	fib	776407922	2132616787
1	tailpn-checked-pad2048	sieve	2143710248	10991086514
1	switch-checked	mandel	508616538	2334838222
1	cell-checked	sieve	2615623304	11931773032
1	tail-checked	fib	1012730367	3551246550
1	tail-raw	mandel	326417154	1059530406
1	switch-raw	poly	720368997	2079796900
1	switch-raw	loop	4626844662	13816754046
1	cellpn-raw	loop	3943274936	12215422803
1	cell-u8	loop	4011344431	19820167792
1	tail-raw	loop	3948227603	12221173023
1	switch-raw	sieve	1927145018	6675596669
1	tailpn-checked-pad2048	fib	580488357	3222079670
1	tail-u8	poly	739325777	3019281408
1	switch-u8	mandel	494740279	1720008490
1	switch-raw	mandel	495290697	1280851759
1	tailpn-u8	fib	583478289	2729451863
1	tailpn-raw	loop	3945840341	12215865802
1	tailpn-u8	sieve	2118386524	8522317778
1	tail-checked	loop	5510365836	26618867238
1	goto-raw	poly	596530866	1481493366
1	tail-checked	poly	1019977689	4144173455
1	switch-u8	sieve	2285552223	8897344248
1	cell-raw	mandel	330227369	1059629312
1	switch-u8	loop	5040017833	19024438125
1	tail-u8	fib	717331265	3028476126
1	cell-raw	loop	3940519304	12221805406
1	goto-u8	loop	4821532188	17816588009
1	goto-raw	sieve	1882380386	4966853592
1	cell-u8	sieve	2088234770	9462626280
1	tailpn-raw	poly	598478281	1788965305
1	tailpn-raw	fib	503708485	1982826994
1	cell-u8	poly	744204092	3019701548
1	tailpn-checked	fib	596062754	3222658443
1	cellpn-checked	fib	550358940	3222514748
1	cellpn-checked	sieve	2371384245	11001020803
1	cell-u8	mandel	362928832	1744169673
1	tail-raw	fib	503010607	1983397192
1	cellpn-checked	poly	865063397	3837099735
1	cell-checked	loop	5659265804	26635323858
1	goto-raw	loop	4101634715	10032514444
1	cellpn-checked	loop	4146258146	24637862767
1	switch-checked	poly	1158145618	3978335760
1	tailpn-checked-pad64	loop	4080314293	24624670520
1	cell-u8	fib	682028649	3029385613
1	goto-checked	sieve	2375694472	10845984700
1	cellpn-u8	loop	4073726557	17827903304
1	tailpn-checked	poly	742744251	3835679604
1	cell-raw	sieve	1888687765	6056182034
1	tailpn-checked-pad2048	mandel	343967691	2194833681
1	goto-u8	fib	635559825	2550812394
1	cellpn-u8	fib	563391993	2730191494
1	goto-checked	mandel	495492521	2179226777
1	tailpn-checked-pad64	sieve	2225678152	10997372732
1	tail-raw	poly	590166874	1788308434
2	tailpn-raw	poly	638936533	1789330264
2	tailpn-checked-pad2048	sieve	2249481851	11005267737
2	goto-raw	poly	804060422	1485382810
2	tail-u8	poly	971802987	3026493848
2	cellpn-raw	loop	4099648957	12242956410
2	tail-raw	poly	662409776	1791326347
2	goto-u8	loop	4821483500	17818090774
2	tailpn-checked	loop	3990242592	24622960447
2	switch-raw	poly	761803299	2080792167
2	switch-u8	fib	768478629	2864207433
2	cellpn-u8	fib	544488055	2729225673
2	cellpn-u8	sieve	2084992804	8522563172
2	switch-checked	loop	4419352438	25616732112
2	cell-u8	fib	670672159	3028616329
2	cell-u8	loop	3999001396	19821995791
2	tail-checked	mandel	524198296	2369073429
2	tailpn-checked-pad64	poly	742698200	3836046047
2	cell-raw	loop	3923331548	12215842495
2	goto-u8	mandel	466912716	1616017392
2	switch-u8	loop	5019882211	19017091176
2	tailpn-checked	sieve	2144110884	10990790435
2	tail-raw	fib	499421456	1984147848
2	cellpn-checked	poly	738349941	3836082609
2	switch-checked	sieve	2508639048	11481156326
2	goto-raw	mandel	327554722	876455974
2	tail-u8	mandel	377373159	1744593633
2	tailpn-checked-pad64	fib	580581914	3223768889
2	cell-checked	mandel	524614732	2369528550
2	goto-u8	fib	621971425	2550255849
2	switch-checked	mandel	509778416	2335076938
2	cell-raw	sieve	1847835650	6051564338
2	tailpn-u8	poly	724196397	2711776732
2	goto-raw	fib	448888748	1610011324
2	cell-raw	mandel	330158978	1060147222
2	cellpn-u8	mandel	338795317	1569285270
2	tailpn-checked-pad2048	mandel	334856666	2193803220
2	cell-checked	fib	1024454421	3551072369
2	tail-u8	fib	713146850	3028061674
2	switch-checked	poly	825631196	3973028995
2	tail-raw	sieve	1910992940	6051474930
2	cell-u8	poly	735560456	3019160933
2	goto-checked	sieve	2284624973	10837569179
2	tailpn-raw	fib	503970856	1982709966
2	tailpn-u8	fib	585948272	2729371282
2	tail-u8	sieve	2175035428	9462127288
2	switch-raw	fib	774631625	2132492050
2	tailpn-raw	loop	3944270985	12216056500
2	goto-u8	sieve	2189743923	8513673387
2	cellpn-checked	loop	3989717652	24619003461
2	tailpn-checked-pad2048	fib	591886181	3231091131
2	goto-checked	mandel	494504844	2185739361
2	goto-raw	sieve	1908513003	4998890844
2	cellpn-checked	sieve	2275977975	11026955021
2	switch-raw	sieve	1950426308	6705485393
2	tailpn-checked	poly	754248276	3850900178
2	cell-u8	mandel	367756538	1751041739
2	switch-u8	mandel	504130117	1728942577
2	goto-checked	loop	4683528475	24498407472
2	tail-u8	loop	4018701393	19875088069
2	goto-checked	poly	896263374	3854023090
2	cell-u8	sieve	2120611739	9504847284
2	tailpn-checked-pad64	sieve	2174452139	11026676983
2	tail-raw	mandel	330940410	1064604539
2	tail-checked	poly	1059578596	4164109611
2	cellpn-raw	sieve	1859566727	6070399719
2	switch-u8	sieve	2284527767	8899161935
2	cellpn-raw	poly	600717722	1790179188
2	tailpn-checked-pad64	loop	4008294198	24632863710
2	tailpn-u8	sieve	2126462484	8535521265
2	tailpn-checked-pad2048	loop	4002040334	24633839508
2	cell-raw	poly	594880326	1790771189
2	cell-raw	fib	448236550	1984014582
2	cell-checked	sieve	2622844093	11942550979
2	goto-raw	loop	3944405977	10031914783
2	tailpn-u8	loop	4001523718	17834110796
2	tailpn-checked-pad64	mandel	336803289	2196453010
2	switch-raw	mandel	496111712	1282259078
2	tailpn-u8	mandel	335627166	1570143201
2	cellpn-checked	fib	548215954	3223962434
2	cellpn-raw	mandel	325537426	1061003954
2	tail-checked	sieve	2635797438	11950187841
2	tail-checked	loop	5527229290	26623191212
2	switch-u8	poly	878923759	3001812973
2	cell-checked	poly	1025731469	4143934101
2	goto-checked	fib	647597600	3072711854
2	tail-raw	loop	3932636536	12216284975
2	switch-checked	fib	626703005	3311755913
2	tailpn-raw	sieve	1914071028	6051204178
2	cellpn-raw	fib	461029464	1982603644
2	tailpn-checked-pad2048	poly	735483215	3836223163
2	cellpn-checked	mandel	330263194	2193744431
2	switch-raw	loop	4619167947	13817257766
2	tailpn-checked	mandel	340500944	2193817899
2	tail-checked	fib	1012704108	3550898204
2	cellpn-u8	poly	718698583	2711694120
2	tailpn-raw	mandel	320129526	1059689709
2	cellpn-u8	loop	3955532224	17815639947
2	tailpn-checked	fib	593343239	3222000842
2	cell-checked	loop	5517315498	26618095737
2	goto-u8	poly	765869557	2712152597
3	tail-u8	mandel	375001380	1744619678
3	cellpn-u8	loop	3956207717	17815722445
3	tail-raw	loop	3932073316	12215888433
3	switch-checked	fib	625209802	3311805329
3	cellpn-raw	loop	3936038874	12215923099
3	goto-u8	sieve	2187265902	8513872110
3	goto-checked	mandel	487028847	2178508700
3	cellpn-checked	fib	542810918	3222225480
3	cell-u8	fib	667658448	3028064523
3	cellpn-checked	poly	740853156	3835917303
3	cell-raw	fib	445805081	1982724945
3	tailpn-checked	mandel	340218429	2193723233
3	cell-checked	loop	5520381471	26618232817
3	cell-u8	sieve	2085781342	9462939167
3	tailpn-checked-pad2048	mandel	333865472	2193899812
3	tailpn-checked-pad64	fib	577775034	3222199553
3	cell-checked	mandel	521727488	2369371314
3	cellpn-raw	poly	582684176	1788843070
3	cellpn-u8	poly	720041150	2711980240
3	switch-raw	loop	4618763983	13816774455
3	goto-raw	sieve	1880419004	4967112039
3	cellpn-raw	mandel	324999220	1059934278
3	goto-checked	fib	649133489	3072722533
3	switch-checked	loop	4428042474	25617945481
3	tailpn-checked-pad2048	fib	579479920	3222033712
3	tail-checked	poly	1015904811	4144101767
3	tailpn-u8	loop	3978492852	17816040916
3	switch-checked	sieve	2503398029	11480904034
3	switch-u8	sieve	2282239502	8897268099
3	tailpn-checked-pad2048	loop	3988584362	24615941637
3	tailpn-checked-pad2048	sieve	2147498928	10992960425
3	cell-raw	poly	591067860	1790594741
3	cellpn-checked	loop	3996169775	24621506064
3	goto-raw	poly	592615131	1481776802
3	tailpn-checked-pad64	mandel	335945659	2193994504
3	cellpn-checked	sieve	2244703234	10990546174
3	goto-u8	mandel	468744701	1618082027
3	switch-raw	sieve	1924418887	6674784397
3	tail-u8	fib	714817358	3028519416
3	tailpn-raw	sieve	1922093489	6054729473
3	tail-u8	sieve	2201039255	9472685283
3	tail-checked	sieve	2637017332	11937695293
3	cellpn-u8	fib	548317256	2730027762
3	tailpn-raw	loop	3956114213	12218180164
3	tailpn-u8	sieve	2128684957	8524757702
3	cell-raw	loop	3965004840	12229840265
3	cellpn-u8	mandel	348094496	1571190664
3	switch-checked	mandel	513960489	2337212246
3	cellpn-raw	fib	457083704	1983597939
3	tailpn-raw	mandel	320775948	1060198638
3	goto-raw	mandel	329226588	877401518
3	switch-raw	poly	732626703	2080678940
3	goto-checked	sieve	2291448857	10838319979
3	tailpn-raw	fib	507888641	1983292491
3	tail-checked	mandel	531211776	2371857710
3	tailpn-checked-pad64	loop	4043227596	24626727039
3	tail-raw	mandel	328475365	1060271210
3	switch-u8	fib	768798241	2865154366
3	tailpn-checked-pad2048	poly	766320038	3837333901
3	goto-u8	fib	622184760	2551139661
3	goto-raw	loop	3950091932	10024579261
3	switch-raw	fib	776545840	2133377178
3	cell-checked	sieve	2626895679	11934450351
3	cell-raw	sieve	1850649454	6052090962
3	goto-u8	poly	902065142	2711733800
3	goto-raw	fib	449489100	1610274249
3	tailpn-checked	poly	742985710	3836919811
3	tail-raw	poly	592816613	1789305402
3	cell-raw	mandel	329452229	1059876018
3	tail-raw	fib	497053971	1982684805
3	tailpn-checked-pad64	poly	742703562	3836794933
3	switch-u8	loop	5027744516	19022615880
3	tail-u8	poly	760770459	3021049182
3	tailpn-checked	fib	599520810	3225073333
3	tailpn-u8	mandel	336052810	1569825482
3	cellpn-raw	sieve	1863538524	6058481337
3	switch-u8	poly	910865072	3003745681
3	tail-checked	loop	5508825590	26619209883
3	goto-checked	poly	924798580	3836973937
3	tail-u8	loop	3973019578	19817357458
3	cell-u8	poly	775933211	3020418366
3	cell-u8	mandel	360295202	1744481180
3	tailpn-checked-pad64	sieve	2145475638	10992053467
3	tailpn-raw	poly	593320142	1789357197
3	tail-raw	sieve	1912557790	6053049780
3	goto-u8	loop	4846567802	17825187172
3	goto-checked	loop	4619126624	24417085820
3	cell-u8	loop	3992104642	19817092575
3	tailpn-u8	poly	731635249	2712464510
3	tail-checked	fib	1011762036	3551922364
3	cellpn-u8	sieve	2084947898	8523115340
3	switch-checked	poly	836231497	3974980368
3	tailpn-u8	fib	586481232	2729854122
3	tailpn-checked	sieve	2153127408	10992621463
3	switch-raw	mandel	497942604	1281636471
3	cell-checked	fib	1025076724	3551989014
3	switch-u8	mandel	497537636	1720185836
3	cell-checked	poly	1027286366	4144087532
3	tailpn-checked	loop	3992868607	24616518694
3	cellpn-checked	mandel	331585331	2194294212
4	switch-u8	loop	5025776727	19018033538
4	cellpn-checked	loop	3986266177	24616046928
4	tail-u8	mandel	376395758	1744592764
4	goto-raw	poly	590215809	1481346745
4	goto-u8	mandel	466056165	1616234410
4	cell-checked	poly	1031377623	4144232381
4	tail-checked	mandel	525354138	2369325226
4	cellpn-checked	mandel	331470192	2193711119
4	cellpn-raw	fib	504328994	1982993526
4	tailpn-checked-pad64	mandel	335206147	2194112441
4	goto-u8	fib	622260426	2550031688
4	cell-raw	sieve	1848179796	6051895369
4	switch-u8	poly	885684367	3001491839
4	cell-checked	sieve	2617710363	11934708801
4	tailpn-u8	loop	3989006520	17819221504
4	tail-raw	mandel	326579042	1060008739
4	tail-u8	fib	715203373	3028249247
4	tailpn-checked-pad2048	sieve	2139548878	10991096414
4	switch-u8	mandel	495760358	1719855599
4	tailpn-checked-pad2048	poly	737590388	3836276131
4	tailpn-raw	fib	503547070	1982914958
4	tailpn-raw	loop	3945673128	12218000798
4	tailpn-raw	mandel	316935035	1059606034
4	tail-u8	sieve	2172673416	9463700284
4	cellpn-checked	sieve	2246877263	10992338517
4	tailpn-checked-pad64	fib	683028128	3222455439
4	switch-u8	fib	764384952	2864081995
4	tail-checked	sieve	2615291911	11932300429
4	cell-raw	poly	587738171	1789038186
4	cellpn-u8	poly	716520114	2711715835
4	tailpn-u8	mandel	333080625	1569244944
4	tail-checked	poly	1014406897	4144162240
4	cellpn-raw	loop	3946929446	12222333277
4	tail-raw	poly	587885472	1788853334
4	switch-raw	fib	778036921	2132259613
4	tail-checked	fib	1014496044	3551985759
4	cellpn-raw	poly	585607656	1788933640
4	tailpn-u8	poly	722125341	2711814406
4	tailpn-checked-pad2048	loop	3990625915	24617213893
4	goto-checked	poly	877694396	3836786783
4	goto-checked	mandel	487039665	2177956280
4	tail-checked	loop	5512590527	26620706428
4	switch-checked	mandel	507997373	2335568043
4	switch-u8	sieve	2284243337	8899380656
4	goto-u8	poly	865419868	2711499306
4	tailpn-checked-pad64	sieve	2147120901	10991775018
4	switch-checked	sieve	2508930564	11482444451
4	tailpn-checked-pad2048	fib	581286831	3222140711
4	cell-checked	loop	5522113135	26622103701
4	tailpn-raw	sieve	1916863022	6053165446
4	tail-raw	fib	498201305	1982726553
4	cellpn-raw	sieve	1839114789	6052006411
4	cell-raw	mandel	328181251	1059767208
4	cellpn-raw	mandel	322879252	1059740902
4	tailpn-checked	sieve	2150603838	10992070953
4	goto-checked	sieve	2282979313	10840114177
4	switch-raw	sieve	1926925559	6676306467
4	cellpn-checked	poly	772174532	3838858385
4	cell-raw	fib	456985077	1986684305
4	tail-raw	loop	3946583151	12223016675
4	tail-raw	sieve	1908814655	6051966956
4	goto-checked	fib	647323696	3072969147
4	goto-raw	loop	3930418324	10017121564
4	goto-u8	loop	4828028150	17818036469
4	cell-u8	fib	666799003	3028585631
4	cellpn-u8	loop	3980176848	17818426122
4	tailpn-u8	fib	584570935	2729794113
4	switch-raw	poly	718128673	2079993037
4	cellpn-checked	fib	544812981	3222230425
4	goto-checked	loop	4625798398	24417267960
4	switch-raw	loop	4644306165	13821220480
4	switch-checked	poly	826505524	3973564893
4	goto-raw	mandel	328101715	876567230
4	switch-checked	fib	626620736	3311681344
4	tail-u8	poly	738079462	3019622932
4	cell-u8	sieve	2097274693	9463036919
4	cell-u8	mandel	361228693	1744269202
4	switch-raw	mandel	491014971	1281220173
4	goto-raw	sieve	1883216866	4966900862
4	cell-raw	loop	3942935077	12217473152
4	cell-checked	fib	1023405833	3551738531
4	goto-u8	sieve	2185693469	8514260406
4	cell-u8	loop	3988934399	19817217060
4	tailpn-checked-pad64	poly	752395232	3838566809
4	tailpn-checked-pad2048	mandel	334195352	2193920315
4	tailpn-u8	sieve	2118989513	8524100005
4	switch-checked	loop	4428346637	25618413101
4	goto-raw	fib	446011656	1609722383
4	cellpn-u8	mandel	337629964	1569519590
4	cell-checked	mandel	522379820	2369513273
4	cellpn-u8	sieve	2082720430	8522688582
4	tail-u8	loop	3972159835	19817321993
4	tailpn-checked	fib	593900113	3222245273
4	tailpn-checked-pad64	loop	3987454002	24617233349
4	tailpn-checked	loop	3981955627	24617325399
4	tailpn-checked	mandel	342889359	2193879513
4	tailpn-raw	poly	597651594	1790813511
4	cell-u8	poly	737901189	3019659396
4	cellpn-u8	fib	547405861	2730377063
4	tailpn-checked	poly	751259288	3836628088
5	switch-checked	fib	626338115	3311924049
5	tail-u8	loop	3981201209	19817099541
5	cellpn-raw	loop	3938411825	12216423737
5	tailpn-checked-pad2048	poly	736883396	3836721891
5	tailpn-checked-pad64	fib	578421465	3222197296
5	switch-u8	loop	5026863172	19019686825
5	cell-checked	loop	5535491759	26621422809
5	cell-raw	loop	3936296728	12218257243
5	tail-checked	fib	1012167183	3551106239
5	cell-raw	mandel	328749988	1059581006
5	goto-checked	sieve	2285705556	10838015342
5	tailpn-raw	fib	504025938	1982762280
5	tail-checked	loop	5518892022	26618200526
5	cell-u8	fib	669133672	3028420565
5	cell-u8	loop	3989491189	19816189042
5	cell-checked	poly	1024141668	4144071589
5	tail-raw	mandel	327224026	1059797273
5	tailpn-u8	fib	581299151	2729456562
5	cell-checked	sieve	2612088709	11930623594
5	tail-u8	fib	730245435	3029330666
5	switch-raw	poly	724726570	2080267342
5	switch-checked	loop	4426432101	25617127179
5	cell-u8	mandel	362624248	1744623458
5	switch-raw	loop	4635762107	13818634702
5	tail-checked	mandel	526450406	2369519497
5	tailpn-checked	fib	593656619	3222327020
5	tailpn-raw	mandel	317717761	1059799090
5	tail-raw	loop	3942273748	12216969484
5	goto-raw	sieve	1887846346	4967729596
5	tailpn-checked	mandel	341361873	2193727570
5	cellpn-checked	poly	740456479	3836586417
5	cellpn-raw	mandel	326049843	1060122424
5	tail-checked	poly	1017644594	4144154535
5	tailpn-checked-pad64	loop	3997682650	24617153879
5	switch-raw	sieve	1928273163	6675024432
5	cellpn-checked	mandel	331581750	2193725082
5	switch-u8	sieve	2291404514	8898261712
5	cellpn-u8	loop	3975908226	17819506032
5	tailpn-u8	sieve	2122976026	8523771540
5	cellpn-raw	sieve	1849169646	6052146258
5	tailpn-checked	loop	3991376364	24617493641
5	tail-raw	fib	501342663	1983214498
5	goto-checked	fib	651541508	3073509863
5	goto-u8	mandel	468819309	1616495740
5	tail-raw	poly	590812886	1788773698
5	tailpn-checked-pad2048	loop	4011233852	24619028906
5	switch-raw	mandel	502353386	1281258747
5	switch-u8	mandel	496636456	1719838144
5	tail-raw	sieve	1921579439	6053891353
5	goto-u8	poly	789815828	2712061430
5	goto-raw	loop	3943712260	10017737616
5	switch-checked	poly	825544970	3974152465
5	switch-checked	sieve	2526770932	11487005831
5	goto-checked	loop	4656085223	24422037502
5	tailpn-checked-pad64	mandel	337014989	2194525816
5	goto-raw	fib	447669328	1609587156
5	tail-u8	mandel	377039650	1745037911
5	switch-raw	fib	776362714	2132517847
5	tailpn-u8	loop	4004669597	17822618808
5	cell-checked	fib	1035509480	3554821896
5	cellpn-raw	fib	459814688	1983631144
5	cellpn-checked	loop	4028864395	24625998677
5	goto-raw	mandel	328866273	876592680
5	cellpn-u8	sieve	2094814065	8525562592
5	goto-checked	poly	925256573	3839908670
5	cellpn-u8	fib	552111914	2731404277
5	tailpn-checked-pad2048	fib	586250633	3223390147
5	tailpn-raw	loop	3968714580	12222795016
5	cellpn-checked	fib	549811690	3223589912
5	cell-raw	sieve	1856800964	6054020759
5	cellpn-raw	poly	593604472	1790076223
5	goto-u8	fib	625354310	2551328188
5	tailpn-checked-pad64	poly	744866043	3836613194
5	cell-checked	mandel	525738274	2369788036
5	tailpn-checked	poly	753740050	3838027925
5	tailpn-u8	mandel	337532043	1569855594
5	goto-raw	poly	602088676	1482471958
5	tailpn-u8	poly	726101375	2712255522
5	cellpn-checked	sieve	2261811087	10993087839
5	tailpn-checked	sieve	2160629182	10996005891
5	tailpn-checked-pad64	sieve	2156109911	10992861755
5	cell-raw	poly	592373520	1790088107
5	cellpn-u8	poly	721003559	2712232272
5	goto-u8	sieve	2196298491	8515349834
5	tail-u8	poly	740764195	3020345598
5	switch-checked	mandel	510014689	2335284276
5	switch-u8	poly	891860741	3002470942
5	tail-u8	sieve	2193383957	9467877291
5	switch-u8	fib	766833306	2864202691
5	tail-checked	sieve	2623809905	11932533338
5	cell-u8	sieve	2090845968	9463009640
5	goto-checked	mandel	489706564	2178121775
5	goto-u8	loop	4848483328	17821414345
5	tailpn-checked-pad2048	mandel	346304345	2197097951
5	tailpn-checked-pad2048	sieve	2149586822	10991761934
5	tailpn-raw	sieve	1924841096	6053325190
5	tailpn-raw	poly	591989674	1790182479
5	cellpn-u8	mandel	339749388	1569294620
5	cell-raw	fib	448719052	1982894469
5	cell-u8	poly	743763874	3019775250
6	cellpn-raw	fib	456401951	1982982869
6	tail-raw	fib	499913350	1983091515
6	tailpn-u8	loop	3991681362	17817560321
6	tailpn-u8	sieve	2119656661	8523773075
6	cell-checked	mandel	523844794	2369598409
6	goto-raw	fib	448095478	1609765399
6	switch-checked	poly	826255161	3973721195
6	switch-u8	fib	769049767	2865134967
6	cell-raw	poly	590830957	1789278056
6	goto-checked	sieve	2290906480	10839168328
6	cell-checked	poly	1028717506	4144535437
6	cellpn-raw	sieve	1850035704	6054526728
6	tailpn-checked	sieve	2149038724	10991361981
6	tailpn-checked-pad2048	fib	583388046	3222677731
6	switch-raw	mandel	499840077	1281378545
6	goto-checked	mandel	488858520	2177811548
6	cell-u8	mandel	362781357	1744796666
6	tailpn-raw	loop	3965224738	12218259402
6	cellpn-raw	mandel	324625533	1059819953
6	tailpn-checked	loop	3994136660	24617367535
6	tail-raw	sieve	1921096868	6053180638
6	goto-checked	fib	650672084	3073283122
6	tail-u8	sieve	2181678288	9464168625
6	tail-checked	poly	1033264582	4147645046
6	goto-u8	mandel	482123293	1620259235
6	cell-checked	sieve	2624885493	11932410648
6	tailpn-raw	mandel	318858255	1059912595
6	tailpn-checked-pad2048	mandel	336205561	2194183667
6	tailpn-checked-pad64	fib	582606838	3224023918
6	tailpn-u8	poly	728488606	2712498573
6	cellpn-u8	loop	4003263131	17819884677
6	switch-u8	mandel	499523144	1720729467
6	cellpn-u8	mandel	339378152	1569219262
6	tail-checked	mandel	526551082	2369503476
6	switch-checked	loop	4464899708	25620558007
6	tail-checked	loop	5555392548	26619915756
6	goto-raw	sieve	1894572826	4968326137
6	cellpn-checked	poly	744919440	3837009878
6	tailpn-checked-pad64	mandel	336238459	2193727958
6	tailpn-checked-pad64	poly	753929719	3837159779
6	goto-u8	poly	817496807	2715246148
6	tail-raw	poly	588178748	1789306723
6	tailpn-u8	mandel	335625277	1569202635
6	cellpn-checked	mandel	332586578	2193755482
6	cell-u8	poly	740874538	3019737205
6	cellpn-u8	fib	549954840	2729306158
6	goto-u8	loop	4856159803	17822420962
6	goto-raw	poly	595147776	1482434417
6	switch-checked	fib	628094079	3311998914
6	tailpn-checked	mandel	344764454	2193928985
6	cellpn-u8	sieve	2097429553	8523309832
6	switch-raw	poly	735725061	2080547619
6	tailpn-raw	sieve	1924061726	6052195142
6	goto-u8	fib	623607794	2550385025
6	cell-checked	fib	1027747900	3551352835
6	cellpn-raw	loop	3969153627	12221011260
6	cellpn-u8	poly	726735978	2711672632
6	tailpn-raw	fib	505720141	1983015828
6	goto-raw	loop	3941915142	10018881552
6	switch-u8	loop	5035771905	19021124897
6	switch-u8	poly	922254444	3002597170
6	cell-raw	sieve	1853533875	6053570443
6	tail-raw	loop	3947977157	12219471727
6	tailpn-u8	fib	585287839	2729835488
6	tailpn-checked-pad2048	poly	773491514	3838845467
6	cell-checked	loop	5534481919	26621660540
6	tail-checked	fib	1013756632	3551636402
6	tailpn-checked-pad2048	sieve	2145901139	10991367157
6	tail-checked	sieve	2624515206	11932742401
6	tailpn-checked-pad64	loop	3996815513	24618418738
6	cell-u8	fib	669218172	3028666893
6	cell-raw	loop	3936703912	12218927693
6	tailpn-checked	fib	595209346	3222664401
6	goto-checked	loop	4636425501	24420301122
6	cellpn-raw	poly	592873073	1789521368
6	tail-u8	poly	764041274	3021550128
6	tail-u8	fib	716699882	3028371342
6	switch-raw	fib	776162518	2132455664
6	switch-raw	loop	4627861014	13819424407
6	cell-u8	loop	4003250670	19819935544
6	tailpn-raw	poly	600461208	1789397121
6	goto-u8	sieve	2192142804	8515340152
6	switch-checked	sieve	2512465337	11483359264
6	goto-raw	mandel	328494878	876783678
6	cell-u8	sieve	2094776153	9463977896
6	tailpn-checked-pad64	sieve	2151766076	10992680953
6	cell-raw	fib	449443899	1983552488
6	cell-raw	mandel	329504814	1059758609
6	cellpn-checked	sieve	2254370607	10993612320
6	tailpn-checked-pad2048	loop	4022488777	24629116378
6	cellpn-checked	loop	4017421920	24628742356
6	tail-u8	loop	3986067143	19819554380
6	tail-u8	mandel	376367998	1744975870
6	switch-u8	sieve	2297001929	8903659292
6	switch-checked	mandel	510403423	2335458889
6	goto-checked	poly	891198130	3836905677
6	tailpn-checked	poly	750304859	3836778604
6	switch-raw	sieve	1929086603	6675908477
6	cellpn-checked	fib	544544316	3222250159
6	tail-raw	mandel	326489050	1059916848
7	tail-checked	poly	1020474623	4145008925
7	cell-checked	mandel	526242169	2369738597
7	goto-u8	fib	626426127	2550898315
7	goto-raw	loop	3948629939	10021097989
7	cellpn-u8	fib	547020215	2730364559
7	tailpn-checked	sieve	2145629460	10992281663
7	tailpn-raw	mandel	317327449	1059767116
7	goto-u8	loop	4841413195	17827221839
7	tailpn-checked-pad2048	mandel	334516639	2194047913
7	tailpn-checked	mandel	343225099	2194594749
7	cell-raw	poly	651319982	1790344519
7	cellpn-raw	sieve	1850361711	6054521305
7	tailpn-checked	loop	4004973271	24622296446
7	goto-u8	sieve	2195085089	8516418254
7	cellpn-u8	mandel	338525025	1569741009
7	goto-raw	poly	608583395	1490600873
7	goto-u8	mandel	468330692	1616644422
7	cellpn-raw	fib	454054200	1983102984
7	goto-raw	mandel	327123876	876607491
7	cellpn-u8	poly	720907059	2711872884
7	tail-u8	sieve	2180523122	9466391758
7	goto-raw	sieve	1886303104	4970151365
7	tail-raw	loop	3940556957	12219908829
7	cell-u8	sieve	2090454160	9464844739
7	tailpn-raw	poly	640729182	1790607127
7	tailpn-checked-pad2048	fib	583963030	3223254206
7	switch-u8	mandel	497260261	1720698204
7	cellpn-checked	mandel	331482459	2193996490
7	switch-raw	fib	777547637	2134011563
7	tailpn-u8	poly	772880146	2713422988
7	cellpn-raw	mandel	326037865	1061118491
7	tailpn-checked-pad64	sieve	2141864653	10990671085
7	goto-checked	mandel	488921879	2178554390
7	cellpn-checked	poly	758011680	3837350834
7	tail-checked	fib	1013194025	3552606044
7	goto-checked	loop	4627173709	24421322387
7	tail-u8	loop	3983718991	19822219614
7	cellpn-checked	loop	3991116443	24621386130
7	switch-raw	loop	4632086380	13822630063
7	tailpn-checked-pad2048	loop	4003485884	24622851145
7	tail-u8	fib	714434602	3028506847
7	goto-checked	poly	901556464	3837101462
7	tailpn-u8	loop	3991470076	17821523389
7	tailpn-raw	loop	3954047411	12222226353
7	tail-checked	mandel	532027011	2372510749
7	cell-checked	fib	1030411317	3553731112
7	cell-u8	fib	669989644	3029198135
7	tailpn-u8	fib	584916808	2730152730
7	switch-raw	sieve	1931413002	6676679983
7	tail-checked	sieve	2635706072	11938362148
7	tailpn-checked-pad64	mandel	336433526	2194160755
7	cell-checked	loop	5539249042	26626287324
7	cell-u8	loop	4022842116	19825342317
7	tailpn-checked-pad2048	poly	830621442	3839138762
7	switch-checked	poly	960198411	3975368298
7	cellpn-checked	sieve	2256355671	10994379795
7	tail-raw	fib	503186987	1983793818
7	tailpn-checked-pad64	poly	744771644	3837626755
7	goto-raw	fib	447137368	1609936151
7	cell-raw	mandel	328685036	1059725080
7	tail-checked	loop	5526835707	26627609181
7	goto-u8	poly	897755271	2712545654
7	switch-u8	loop	5050026117	19032399700
7	cell-raw	loop	3951084820	12230194872
7	goto-checked	fib	650037796	3074110230
7	tailpn-u8	mandel	337144363	1571288755
7	cell-u8	mandel	361708079	1745502474
7	switch-checked	loop	4438864242	25628030197
7	cell-raw	fib	448305775	1983369510
7	tail-u8	mandel	376173187	1745326915
7	tailpn-checked-pad64	fib	581117405	3223095781
7	tail-u8	poly	746182030	3020627507
7	switch-u8	sieve	2305992166	8908422200
7	cellpn-checked	fib	551854706	3225674044
7	switch-u8	fib	774090539	2870760265
7	tail-raw	mandel	327327634	1060208427
7	tailpn-raw	fib	510655459	1988643590
7	switch-checked	mandel	508945744	2335411208
7	cell-checked	sieve	2614650144	11933898977
7	cell-raw	sieve	1857128085	6054614721
7	cellpn-raw	loop	3940559396	12220718554
7	tailpn-checked-pad64	loop	3999022397	24622410455
7	tail-raw	poly	627094120	1789614460
7	cell-u8	poly	811100257	3022745652
7	cell-checked	poly	1036012744	4145786204
7	switch-checked	fib	627282572	3313050161
7	goto-checked	sieve	2289836405	10840055143
7	switch-checked	sieve	2509933356	11483769052
7	tailpn-checked	poly	743375308	3837713153
7	tailpn-checked-pad2048	sieve	2149525098	10994506289
7	switch-raw	poly	802567781	2081211071
7	tailpn-u8	sieve	2121267946	8525188620
7	switch-raw	mandel	500098259	1281567929
7	switch-u8	poly	954088779	3003308853
7	cellpn-u8	loop	3971161408	17823752424
7	cellpn-raw	poly	608004079	1789569766
7	tailpn-raw	sieve	1921352851	6054381191
7	cellpn-u8	sieve	2087583638	8524306319
7	tailpn-checked	fib	597077078	3223034036
7	tail-raw	sieve	1920372133	6055036564
8	tailpn-checked-pad2048	loop	3997372568	24620229281
8	tailpn-checked-pad64	sieve	2150950129	10992042970
8	switch-u8	sieve	2291630738	8900553026
8	tailpn-checked-pad2048	poly	744629038	3837370648
8	cell-raw	sieve	1849600294	6052858681
8	cellpn-checked	sieve	2253484867	10993940809
8	cellpn-raw	poly	600745206	1790179535
8	goto-checked	sieve	2296177508	10840283262
8	tailpn-raw	poly	599907811	1789697713
8	goto-u8	mandel	468959490	1616669815
8	tailpn-checked-pad2048	mandel	336009099	2194125955
8	switch-checked	loop	4448740987	25621898069
8	switch-checked	mandel	512659117	2335737962
8	tailpn-u8	loop	4007570529	17821991930
8	goto-raw	poly	598173274	1481734216
8	switch-u8	mandel	498879806	1720427896
8	switch-raw	loop	4653074515	13822577147
8	switch-raw	poly	740777675	2080934573
8	cell-raw	fib	449230127	1983303834
8	cell-u8	fib	670970437	3028825373
8	tailpn-u8	mandel	335686948	1569387786
8	switch-checked	fib	628966440	3312230631
8	cellpn-checked	mandel	333105015	2194223290
8	tailpn-checked	sieve	2154630411	10992601257
8	switch-checked	sieve	2516361334	11483429627
8	cell-u8	loop	4014030807	19821065540
8	tailpn-checked	loop	4006084530	24620657299
8	switch-raw	sieve	1939070435	6676893910
8	cellpn-checked	poly	750339068	3837140954
8	tailpn-raw	sieve	1928400156	6054271005
8	goto-u8	loop	4853358375	17822638736
8	goto-u8	poly	840380320	2713198397
8	goto-checked	mandel	489147072	2178215284
8	goto-checked	loop	4646781738	24422117697
8	tailpn-checked	mandel	341351140	2194462749
8	cell-raw	poly	589720424	1789505816
8	tail-u8	poly	754392549	3020030104
8	switch-raw	fib	776682378	2132916549
8	tailpn-checked-pad64	mandel	334154960	2193900454
8	cell-checked	sieve	2613939083	11932710213
8	cellpn-raw	sieve	1850679026	6053627443
8	tail-raw	sieve	1914756938	6053687536
8	switch-u8	fib	766874159	2864413662
8	cellpn-u8	sieve	2091205951	8524850253
8	tailpn-checked	fib	598299422	3223615324
8	cell-u8	poly	840571497	3024286171
8	tailpn-checked-pad2048	sieve	2155804817	10995395766
8	tailpn-raw	fib	505126489	1983367410
8	tailpn-checked-pad64	poly	745244792	3836612795
8	tailpn-checked-pad64	loop	4016339373	24621738423
8	tailpn-u8	fib	586774541	2729876129
8	cell-checked	loop	5548804134	26623714852
8	tailpn-u8	sieve	2127845294	8524222252
8	tail-u8	mandel	378524129	1744895717
8	goto-u8	fib	624090771	2550687673
8	tailpn-raw	loop	3954386264	12218385700
8	cell-raw	mandel	329046026	1059700131
8	tail-checked	sieve	2620311560	11932292583
8	tail-u8	sieve	2184796835	9465152965
8	cellpn-checked	loop	4009406907	24621237736
8	cellpn-raw	loop	3951236619	12220363018
8	goto-raw	fib	450316163	1610092390
8	cell-raw	loop	3972131992	12224213692
8	switch-raw	mandel	511878264	1284405652
8	tail-raw	fib	505799054	1983806798
8	tailpn-checked-pad2048	fib	586006300	3222594837
8	cellpn-u8	mandel	343083100	1570143617
8	tailpn-checked	poly	760332394	3837903679
8	cellpn-u8	poly	723988862	2712600214
8	goto-raw	sieve	1891765480	4968955118
8	cell-checked	fib	1026019215	3551996217
8	tail-checked	fib	1010326686	3551717896
8	cell-u8	mandel	360841150	1744591826
8	cellpn-raw	fib	453323511	1982820505
8	cellpn-u8	fib	544183280	2729381498
8	tail-raw	loop	3953556329	12219793218
8	switch-u8	loop	5051786088	19023760226
8	tail-u8	fib	716730446	3028951827
8	tail-checked	mandel	527140828	2369710581
8	goto-u8	sieve	2197993460	8516353893
8	tailpn-u8	poly	724891736	2712465448
8	cellpn-raw	mandel	325597623	1060047307
8	tail-checked	loop	5537638995	26623651762
8	tail-checked	poly	1022021094	4144896468
8	cell-checked	poly	1029954651	4145136026
8	cellpn-u8	loop	3978163754	17820665851
8	switch-u8	poly	889925310	3002395989
8	tail-u8	loop	3991620871	19819866206
8	goto-raw	mandel	327929249	876593267
8	tailpn-raw	mandel	318236938	1059852607
8	switch-checked	poly	823993699	3973765170
8	goto-raw	loop	3949180125	10020100979
8	goto-checked	fib	651269670	3073405481
8	goto-checked	poly	857309782	3837145823
8	cell-checked	mandel	522546252	2369461306
8	cellpn-checked	fib	546711434	3222458445
8	cell-u8	sieve	2097037484	9464585426
8	tail-raw	mandel	328148240	1060320655
8	tail-raw	poly	589408902	1789331859
8	tailpn-checked-pad64	fib	582112115	3222718040
9	tailpn-raw	poly	588432448	1789232778
9	tailpn-u8	fib	585764317	2730143468
9	goto-checked	loop	4643937034	24421170499
9	cellpn-u8	loop	3979322871	17819705879
9	cellpn-raw	fib	454066933	1982839337
9	switch-checked	poly	830848072	3973706236
9	cellpn-u8	mandel	338951739	1569389742
9	cellpn-checked	sieve	2257738832	10993056341
9	cell-u8	mandel	361932186	1744725382
9	goto-checked	sieve	2297709519	10840729386
9	goto-u8	fib	623455164	2550792729
9	tailpn-checked-pad2048	fib	581949438	3222493656
9	tailpn-checked-pad64	sieve	2157656634	10993095026
9	tailpn-raw	mandel	321513289	1060269609
9	switch-raw	loop	4636907913	13822362249
9	cellpn-checked	loop	4007928558	24620895776
9	cellpn-u8	poly	724670548	2712557822
9	tail-checked	fib	1015659497	3552339938
9	cellpn-raw	sieve	1863672282	6055685401
9	tailpn-checked-pad64	fib	585451468	3223972849
9	cell-checked	sieve	2636285396	11935182251
9	tailpn-checked	sieve	2169534454	10994851447
9	tail-u8	fib	721583105	3029403348
9	tailpn-checked-pad64	poly	744014816	3836928756
9	tailpn-checked-pad2048	sieve	2153532362	10992842629
9	goto-checked	mandel	493276269	2179911902
9	cell-raw	fib	456414349	1984271495
9	cell-raw	poly	599797071	1791291962
9	cell-u8	sieve	2099964653	9465187362
9	tail-checked	loop	5542103416	26627408897
9	switch-u8	poly	932291617	3003380103
9	switch-u8	sieve	2303084569	8901470872
9	switch-checked	sieve	2527381824	11486049318
9	switch-checked	fib	629413703	3312620968
9	cell-checked	mandel	527651587	2370450812
9	switch-raw	poly	741749494	2081519900
9	switch-raw	mandel	504334261	1281915267
9	switch-raw	sieve	1936666066	6677103829
9	switch-u8	mandel	497717651	1720659851
9	cell-u8	fib	670462325	3029122623
9	cellpn-checked	fib	546419027	3222725103
9	cell-checked	loop	5539703298	26623808633
9	tailpn-checked-pad2048	poly	749989179	3838224448
9	tailpn-checked-pad64	mandel	337697148	2194258159
9	goto-checked	poly	900729162	3837654129
9	goto-raw	sieve	1896997918	4970180458
9	tail-raw	poly	593608884	1790065471
9	cellpn-raw	mandel	326799162	1060513763
9	cellpn-checked	poly	745901698	3836899208
9	goto-u8	sieve	2201757070	8517478757
9	switch-u8	fib	770994127	2865995970
9	goto-u8	loop	4862591618	17828201154
9	tail-checked	mandel	527309449	2369784213
9	cellpn-raw	poly	595272535	1789409162
9	cell-raw	loop	3952954658	12225869208
9	tailpn-checked	loop	4001249979	24624532491
9	tailpn-checked	mandel	343096233	2194388327
9	tail-raw	mandel	329784990	1061012737
9	cell-checked	fib	1032081962	3553339459
9	tailpn-u8	mandel	337424707	1569934317
9	cellpn-checked	mandel	336077399	2196426048
9	tail-u8	sieve	2188697355	9468360239
9	cell-raw	sieve	1863578701	6055761095
9	goto-raw	loop	3963322674	10023285660
9	tailpn-u8	poly	727583690	2712878300
9	tailpn-raw	sieve	1935774268	6058320846
9	tail-raw	sieve	1928742987	6056785007
9	tailpn-checked	fib	600374715	3223374917
9	tail-u8	loop	3996012888	19821239904
9	tail-raw	fib	501826894	1983222344
9	tailpn-u8	sieve	2119547376	8523532558
9	cell-u8	poly	739498241	3020037268
9	tailpn-checked-pad2048	mandel	334720962	2193838544
9	tail-checked	poly	1021442321	4144914130
9	switch-u8	loop	5045560435	19024840068
9	tailpn-raw	fib	504342367	1982939717
9	goto-raw	fib	447710890	1609684727
9	tail-checked	sieve	2625055926	11934096077
9	tailpn-raw	loop	3953347935	12219519999
9	switch-checked	loop	4429613344	25619373097
9	cell-raw	mandel	329287898	1059898608
9	tailpn-checked-pad64	loop	3995073864	24618637548
9	cellpn-u8	sieve	2085720432	8523326640
9	goto-raw	mandel	327704784	876595833
9	tailpn-u8	loop	3990752389	17819370808
9	tailpn-checked-pad2048	loop	3999752295	24619271734
9	cellpn-u8	fib	545323240	2729414083
9	goto-u8	poly	776607296	2712241374
9	goto-raw	poly	597451615	1481496209
9	cell-checked	poly	1027591986	4144912767
9	goto-checked	fib	649971850	3073214980
9	cell-u8	loop	4000540935	19819442524
9	tail-u8	mandel	376147092	1744960270
9	tail-u8	poly	743224300	3019772893
9	switch-checked	mandel	509495412	2335319537
9	cellpn-raw	loop	3944359397	12219562610
9	switch-raw	fib	777276053	2133140769
9	tailpn-checked	poly	747014470	3836607869
9	tail-raw	loop	3953555074	12220896770
9	goto-u8	mandel	466175177	1616348140
