line,revision,server_cpus,pass,pipeline,test,rss_kB,peak_rss_kB,memory_method
candidate,9f5dc61af74ac7e1767a6ccbecd71b36d3f4ad9b,1,1,16,mset,22416,22416,ps_sampled
identical,9f5dc61af74ac7e1767a6ccbecd71b36d3f4ad9b,1,1,16,mset,22432,22432,ps_sampled
inline16,source-sha256:e5eeade520f1ad829aeaf727febe09a91d52f3947bea4bcb2943c46681e0f2a5,1,1,16,mset,22400,22400,ps_sampled
reuse,source-sha256:6efe7aa7f642fc32dbf6af2b8710ea2c1260bea6f6d0010bb242a9339dacfdad,1,1,16,mset,22256,22256,ps_sampled
pre208,cea9188d46ae531b3f6eb5ec7d9e1c340c240aaf,1,1,16,mset,22176,22176,ps_sampled
identical,9f5dc61af74ac7e1767a6ccbecd71b36d3f4ad9b,1,2,16,mset,22432,22432,ps_sampled
inline16,source-sha256:e5eeade520f1ad829aeaf727febe09a91d52f3947bea4bcb2943c46681e0f2a5,1,2,16,mset,22400,22400,ps_sampled
reuse,source-sha256:6efe7aa7f642fc32dbf6af2b8710ea2c1260bea6f6d0010bb242a9339dacfdad,1,2,16,mset,22288,22288,ps_sampled
pre208,cea9188d46ae531b3f6eb5ec7d9e1c340c240aaf,1,2,16,mset,22336,22336,ps_sampled
candidate,9f5dc61af74ac7e1767a6ccbecd71b36d3f4ad9b,1,2,16,mset,22416,22416,ps_sampled
inline16,source-sha256:e5eeade520f1ad829aeaf727febe09a91d52f3947bea4bcb2943c46681e0f2a5,1,3,16,mset,22368,22368,ps_sampled
reuse,source-sha256:6efe7aa7f642fc32dbf6af2b8710ea2c1260bea6f6d0010bb242a9339dacfdad,1,3,16,mset,22304,22304,ps_sampled
pre208,cea9188d46ae531b3f6eb5ec7d9e1c340c240aaf,1,3,16,mset,22224,22224,ps_sampled
candidate,9f5dc61af74ac7e1767a6ccbecd71b36d3f4ad9b,1,3,16,mset,22416,22416,ps_sampled
identical,9f5dc61af74ac7e1767a6ccbecd71b36d3f4ad9b,1,3,16,mset,22400,22400,ps_sampled
reuse,source-sha256:6efe7aa7f642fc32dbf6af2b8710ea2c1260bea6f6d0010bb242a9339dacfdad,1,4,16,mset,22416,22416,ps_sampled
pre208,cea9188d46ae531b3f6eb5ec7d9e1c340c240aaf,1,4,16,mset,22192,22192,ps_sampled
candidate,9f5dc61af74ac7e1767a6ccbecd71b36d3f4ad9b,1,4,16,mset,22432,22432,ps_sampled
identical,9f5dc61af74ac7e1767a6ccbecd71b36d3f4ad9b,1,4,16,mset,22448,22448,ps_sampled
inline16,source-sha256:e5eeade520f1ad829aeaf727febe09a91d52f3947bea4bcb2943c46681e0f2a5,1,4,16,mset,22368,22368,ps_sampled
pre208,cea9188d46ae531b3f6eb5ec7d9e1c340c240aaf,1,5,16,mset,22320,22320,ps_sampled
candidate,9f5dc61af74ac7e1767a6ccbecd71b36d3f4ad9b,1,5,16,mset,22416,22416,ps_sampled
identical,9f5dc61af74ac7e1767a6ccbecd71b36d3f4ad9b,1,5,16,mset,22432,22432,ps_sampled
inline16,source-sha256:e5eeade520f1ad829aeaf727febe09a91d52f3947bea4bcb2943c46681e0f2a5,1,5,16,mset,22400,22400,ps_sampled
reuse,source-sha256:6efe7aa7f642fc32dbf6af2b8710ea2c1260bea6f6d0010bb242a9339dacfdad,1,5,16,mset,22416,22416,ps_sampled
pre208,cea9188d46ae531b3f6eb5ec7d9e1c340c240aaf,1,6,16,mset,22336,22336,ps_sampled
reuse,source-sha256:6efe7aa7f642fc32dbf6af2b8710ea2c1260bea6f6d0010bb242a9339dacfdad,1,6,16,mset,22272,22272,ps_sampled
inline16,source-sha256:e5eeade520f1ad829aeaf727febe09a91d52f3947bea4bcb2943c46681e0f2a5,1,6,16,mset,22400,22400,ps_sampled
identical,9f5dc61af74ac7e1767a6ccbecd71b36d3f4ad9b,1,6,16,mset,22432,22432,ps_sampled
candidate,9f5dc61af74ac7e1767a6ccbecd71b36d3f4ad9b,1,6,16,mset,22432,22432,ps_sampled
reuse,source-sha256:6efe7aa7f642fc32dbf6af2b8710ea2c1260bea6f6d0010bb242a9339dacfdad,1,7,16,mset,22432,22432,ps_sampled
inline16,source-sha256:e5eeade520f1ad829aeaf727febe09a91d52f3947bea4bcb2943c46681e0f2a5,1,7,16,mset,22400,22400,ps_sampled
identical,9f5dc61af74ac7e1767a6ccbecd71b36d3f4ad9b,1,7,16,mset,22432,22432,ps_sampled
candidate,9f5dc61af74ac7e1767a6ccbecd71b36d3f4ad9b,1,7,16,mset,22432,22432,ps_sampled
pre208,cea9188d46ae531b3f6eb5ec7d9e1c340c240aaf,1,7,16,mset,22160,22160,ps_sampled
inline16,source-sha256:e5eeade520f1ad829aeaf727febe09a91d52f3947bea4bcb2943c46681e0f2a5,1,8,16,mset,22400,22400,ps_sampled
identical,9f5dc61af74ac7e1767a6ccbecd71b36d3f4ad9b,1,8,16,mset,22416,22416,ps_sampled
candidate,9f5dc61af74ac7e1767a6ccbecd71b36d3f4ad9b,1,8,16,mset,22432,22432,ps_sampled
pre208,cea9188d46ae531b3f6eb5ec7d9e1c340c240aaf,1,8,16,mset,22320,22320,ps_sampled
reuse,source-sha256:6efe7aa7f642fc32dbf6af2b8710ea2c1260bea6f6d0010bb242a9339dacfdad,1,8,16,mset,22256,22256,ps_sampled
identical,9f5dc61af74ac7e1767a6ccbecd71b36d3f4ad9b,1,9,16,mset,22432,22432,ps_sampled
candidate,9f5dc61af74ac7e1767a6ccbecd71b36d3f4ad9b,1,9,16,mset,22416,22416,ps_sampled
pre208,cea9188d46ae531b3f6eb5ec7d9e1c340c240aaf,1,9,16,mset,22320,22320,ps_sampled
reuse,source-sha256:6efe7aa7f642fc32dbf6af2b8710ea2c1260bea6f6d0010bb242a9339dacfdad,1,9,16,mset,22320,22320,ps_sampled
inline16,source-sha256:e5eeade520f1ad829aeaf727febe09a91d52f3947bea4bcb2943c46681e0f2a5,1,9,16,mset,22224,22224,ps_sampled
candidate,9f5dc61af74ac7e1767a6ccbecd71b36d3f4ad9b,1,10,16,mset,22272,22272,ps_sampled
pre208,cea9188d46ae531b3f6eb5ec7d9e1c340c240aaf,1,10,16,mset,22240,22240,ps_sampled
reuse,source-sha256:6efe7aa7f642fc32dbf6af2b8710ea2c1260bea6f6d0010bb242a9339dacfdad,1,10,16,mset,22432,22432,ps_sampled
inline16,source-sha256:e5eeade520f1ad829aeaf727febe09a91d52f3947bea4bcb2943c46681e0f2a5,1,10,16,mset,21616,22368,ps_sampled
identical,9f5dc61af74ac7e1767a6ccbecd71b36d3f4ad9b,1,10,16,mset,22432,22432,ps_sampled
