# The baseline of research/investigations/firn/DESIGN.md: raw output, one line per run. Prefix: srv2 (servers on CPUs 0,1, redis-benchmark on CPUs 2,3 with --threads 2) or srv1 (servers on CPU 0, redis-benchmark on CPUs 1,2,3 with --threads 3), then the pass, the server line and the pipeline depth. The fields after it are redis-benchmark --csv: test, rps, avg, min, p50, p95, p99, max ms.
# Every run: redis-benchmark 7.0.15 -c 50 -r 100000 -d 16 -t set,get, 300,000 requests at -P 1 and 2,000,000 at -P 16. Lines: redis-server 7.0.15 and valkey-server 7.2.13 with --save "" --appendonly no, valkey-io adding --io-threads 2 --io-threads-do-reads yes, dragonfly 2.0.0 with --proactor_threads 2 or 1 and --dbfilename empty, and subset, tests/programs/redis_subset.wf at 32a0cbf87 built at 7017cd945 with WF_DRIVERS 2 or 1 and arguments port 0 - 0. Host: 4 CPUs (Intel Xeon at 2.80 GHz), Linux 6.18. Each server line runs both depths, then stops; the lines interleave within a pass.
srv2,pass 1,redis,P1,"SET","85640.88","0.484","0.072","0.431","0.895","1.343","8.287"
srv2,pass 1,redis,P1,"GET","85592.01","0.494","0.072","0.455","0.855","1.519","8.223"
srv2,pass 1,redis,P16,"SET","499500.47","1.422","0.144","1.367","2.199","3.223","8.815"
srv2,pass 1,redis,P16,"GET","570939.19","1.243","0.144","1.191","1.919","2.791","6.975"
srv2,pass 1,valkey,P1,"SET","79978.67","0.536","0.072","0.479","0.999","1.703","10.351"
srv2,pass 1,valkey,P1,"GET","92279.30","0.453","0.072","0.423","0.799","1.135","14.175"
srv2,pass 1,valkey,P16,"SET","443262.41","1.644","0.184","1.487","2.823","4.127","30.751"
srv2,pass 1,valkey,P16,"GET","570776.25","1.234","0.144","1.191","1.943","3.319","12.407"
srv2,pass 1,valkey-io,P1,"SET","92279.30","0.417","0.072","0.351","0.815","1.591","17.183"
srv2,pass 1,valkey-io,P1,"GET","92137.59","0.420","0.080","0.295","0.727","2.439","111.807"
srv2,pass 1,valkey-io,P16,"SET","469704.09","1.460","0.152","1.311","2.295","4.159","40.959"
srv2,pass 1,valkey-io,P16,"GET","570450.62","1.168","0.144","1.087","1.751","2.743","9.591"
srv2,pass 1,dragonfly,P1,"SET","119904.07","0.300","0.016","0.255","0.591","1.023","5.287"
srv2,pass 1,dragonfly,P1,"GET","108972.03","0.315","0.008","0.263","0.551","1.063","11.551"
srv2,pass 1,dragonfly,P16,"SET","499625.31","1.439","0.104","1.271","2.751","4.055","29.599"
srv2,pass 1,dragonfly,P16,"GET","532907.00","1.380","0.088","1.167","2.535","4.279","53.983"
srv2,pass 1,subset,P1,"SET","99933.38","0.316","0.016","0.247","0.503","1.695","27.967"
srv2,pass 1,subset,P1,"GET","109011.62","0.259","0.024","0.223","0.431","0.687","13.199"
srv2,pass 1,subset,P16,"SET","799360.50","0.936","0.064","0.855","1.711","2.495","10.487"
srv2,pass 1,subset,P16,"GET","888494.06","0.797","0.056","0.751","1.383","1.847","11.167"
srv1,pass 1,redis,P1,"SET","70505.29","0.651","0.056","0.615","1.063","1.615","7.823"
srv1,pass 1,redis,P1,"GET","70538.45","0.643","0.056","0.599","1.095","1.623","10.895"
srv1,pass 1,redis,P16,"SET","469814.44","1.550","0.160","1.503","2.503","3.399","8.935"
srv1,pass 1,redis,P16,"GET","498628.75","1.438","0.120","1.343","2.439","3.495","9.935"
srv1,pass 1,valkey,P1,"SET","66607.46","0.668","0.056","0.607","1.159","1.791","36.927"
srv1,pass 1,valkey,P1,"GET","70555.04","0.643","0.056","0.615","1.039","1.527","5.903"
srv1,pass 1,valkey,P16,"SET","469704.09","1.545","0.280","1.511","2.383","3.247","11.271"
srv1,pass 1,valkey,P16,"GET","532623.12","1.416","0.136","1.367","2.239","3.071","18.079"
srv1,pass 1,dragonfly,P1,"SET","74962.52","0.610","0.072","0.567","0.991","1.303","8.887"
srv1,pass 1,dragonfly,P1,"GET","74943.80","0.613","0.080","0.583","0.903","1.199","7.967"
srv1,pass 1,dragonfly,P16,"SET","362910.53","2.051","0.152","1.999","3.287","4.703","11.351"
srv1,pass 1,dragonfly,P16,"GET","420079.81","1.807","0.216","1.759","2.799","3.879","16.639"
srv1,pass 1,subset,P1,"SET","74943.80","0.612","0.088","0.551","0.935","1.911","25.007"
srv1,pass 1,subset,P1,"GET","85665.33","0.547","0.080","0.519","0.855","1.175","6.775"
srv1,pass 1,subset,P16,"SET","614250.62","1.242","0.136","1.207","1.695","2.319","6.567"
srv1,pass 1,subset,P16,"GET","614628.19","1.174","0.112","1.111","1.719","2.719","9.167"
srv2,pass 2,redis,P1,"SET","85640.88","0.502","0.072","0.455","0.895","1.455","6.623"
srv2,pass 2,redis,P1,"GET","79978.67","0.529","0.072","0.463","0.975","1.855","9.119"
srv2,pass 2,redis,P16,"SET","443754.16","1.582","0.144","1.423","2.879","4.191","40.735"
srv2,pass 2,redis,P16,"GET","614628.19","1.197","0.144","1.167","1.831","2.711","7.015"
srv2,pass 2,valkey,P1,"SET","85689.80","0.489","0.064","0.447","0.855","1.287","5.447"
srv2,pass 2,valkey,P1,"GET","85616.44","0.506","0.064","0.455","0.903","1.511","7.855"
srv2,pass 2,valkey,P16,"SET","470035.25","1.503","0.184","1.431","2.383","3.311","11.815"
srv2,pass 2,valkey,P16,"GET","532623.12","1.317","0.144","1.255","2.095","2.991","8.215"
srv2,pass 2,valkey-io,P1,"SET","99933.38","0.371","0.088","0.319","0.703","1.103","7.263"
srv2,pass 2,valkey-io,P1,"GET","99866.84","0.375","0.080","0.311","0.719","1.231","20.911"
srv2,pass 2,valkey-io,P16,"SET","443852.62","1.546","0.160","1.463","2.287","3.479","13.183"
srv2,pass 2,valkey-io,P16,"GET","499375.78","1.333","0.160","1.247","1.991","3.263","11.327"
srv2,pass 2,dragonfly,P1,"SET","99933.38","0.328","0.016","0.279","0.615","1.063","17.471"
srv2,pass 2,dragonfly,P1,"GET","119856.17","0.288","0.008","0.247","0.543","0.879","14.327"
srv2,pass 2,dragonfly,P16,"SET","570939.19","1.230","0.096","1.111","2.223","3.487","9.575"
srv2,pass 2,dragonfly,P16,"GET","614817.06","1.206","0.120","1.095","2.191","3.575","9.087"
srv2,pass 2,subset,P1,"SET","99900.10","0.295","0.016","0.231","0.455","1.583","36.831"
srv2,pass 2,subset,P1,"GET","108932.46","0.262","0.048","0.239","0.415","0.719","10.471"
srv2,pass 2,subset,P16,"SET","799680.12","0.879","0.032","0.847","1.407","1.991","5.359"
srv2,pass 2,subset,P16,"GET","888099.44","0.818","0.040","0.775","1.359","2.079","13.743"
srv1,pass 2,redis,P1,"SET","74925.07","0.624","0.048","0.567","1.119","2.039","14.431"
srv1,pass 2,redis,P1,"GET","74887.66","0.608","0.032","0.575","0.999","1.407","8.343"
srv1,pass 2,redis,P16,"SET","532339.62","1.419","0.120","1.391","2.207","3.103","11.263"
srv1,pass 2,redis,P16,"GET","570776.25","1.308","0.160","1.279","2.007","2.807","9.615"
srv1,pass 2,valkey,P1,"SET","74962.52","0.627","0.056","0.583","1.063","1.551","7.503"
srv1,pass 2,valkey,P1,"GET","74962.52","0.589","0.040","0.543","1.023","1.503","9.111"
srv1,pass 2,valkey,P16,"SET","484613.53","1.485","0.112","1.407","2.463","3.519","239.359"
srv1,pass 2,valkey,P16,"GET","469814.44","1.544","0.128","1.407","2.775","4.199","14.255"
srv1,pass 2,dragonfly,P1,"SET","66504.10","0.668","0.072","0.599","1.151","1.783","14.063"
srv1,pass 2,dragonfly,P1,"GET","66622.26","0.683","0.080","0.591","1.255","1.911","8.967"
srv1,pass 2,dragonfly,P16,"SET","332557.38","2.231","0.160","2.111","3.767","5.087","22.223"
srv1,pass 2,dragonfly,P16,"GET","362844.69","2.025","0.112","1.919","3.495","4.871","17.455"
srv1,pass 2,subset,P1,"SET","85640.88","0.533","0.080","0.495","0.807","1.455","20.991"
srv1,pass 2,subset,P1,"GET","79957.35","0.579","0.080","0.551","0.903","1.351","9.783"
srv1,pass 2,subset,P16,"SET","532339.62","1.381","0.136","1.247","2.223","3.239","61.567"
srv1,pass 2,subset,P16,"GET","614628.19","1.254","0.200","1.143","2.079","3.071","56.415"
