line,revision,server_cpus,pass,pipeline,test,rps,avg_ms,min_ms,p50_ms,p95_ms,p99_ms,max_ms
candidate,9f5dc61af74ac7e1767a6ccbecd71b36d3f4ad9b,1,1,16,MSET (10 keys),399001.00,1.966,0.048,1.919,3.703,4.263,59.007
identical,9f5dc61af74ac7e1767a6ccbecd71b36d3f4ad9b,1,1,16,MSET (10 keys),387899.12,2.039,0.048,1.975,3.823,4.695,47.967
pre208,cea9188d46ae531b3f6eb5ec7d9e1c340c240aaf,1,1,16,MSET (10 keys),507890.62,1.532,0.032,1.463,2.911,3.839,133.631
identical,9f5dc61af74ac7e1767a6ccbecd71b36d3f4ad9b,1,2,16,MSET (10 keys),393360.66,2.005,0.048,1.951,3.767,4.367,77.311
pre208,cea9188d46ae531b3f6eb5ec7d9e1c340c240aaf,1,2,16,MSET (10 keys),517294.62,1.506,0.032,1.463,2.807,3.287,82.943
candidate,9f5dc61af74ac7e1767a6ccbecd71b36d3f4ad9b,1,2,16,MSET (10 keys),410805.31,1.920,0.048,1.895,3.639,4.143,40.447
pre208,cea9188d46ae531b3f6eb5ec7d9e1c340c240aaf,1,3,16,MSET (10 keys),547761.88,1.425,0.032,1.407,2.663,3.071,11.231
candidate,9f5dc61af74ac7e1767a6ccbecd71b36d3f4ad9b,1,3,16,MSET (10 keys),404805.38,1.942,0.056,1.903,3.703,4.239,45.055
identical,9f5dc61af74ac7e1767a6ccbecd71b36d3f4ad9b,1,3,16,MSET (10 keys),393382.84,1.998,0.048,1.951,3.759,4.383,88.255
candidate,9f5dc61af74ac7e1767a6ccbecd71b36d3f4ad9b,1,4,16,MSET (10 keys),403006.88,1.970,0.056,1.927,3.727,4.263,98.175
pre208,cea9188d46ae531b3f6eb5ec7d9e1c340c240aaf,1,4,16,MSET (10 keys),547761.88,1.421,0.032,1.407,2.655,2.975,6.031
identical,9f5dc61af74ac7e1767a6ccbecd71b36d3f4ad9b,1,4,16,MSET (10 keys),410805.31,1.934,0.048,1.911,3.655,4.159,11.303
pre208,cea9188d46ae531b3f6eb5ec7d9e1c340c240aaf,1,5,16,MSET (10 keys),558716.25,1.417,0.032,1.399,2.647,2.959,7.551
identical,9f5dc61af74ac7e1767a6ccbecd71b36d3f4ad9b,1,5,16,MSET (10 keys),404828.84,1.960,0.048,1.919,3.719,4.263,47.711
candidate,9f5dc61af74ac7e1767a6ccbecd71b36d3f4ad9b,1,5,16,MSET (10 keys),404805.38,1.940,0.048,1.911,3.703,4.231,43.295
identical,9f5dc61af74ac7e1767a6ccbecd71b36d3f4ad9b,1,6,16,MSET (10 keys),423278.12,1.861,0.056,1.839,3.495,3.967,12.383
candidate,9f5dc61af74ac7e1767a6ccbecd71b36d3f4ad9b,1,6,16,MSET (10 keys),404828.84,1.944,0.048,1.895,3.671,4.279,56.575
pre208,cea9188d46ae531b3f6eb5ec7d9e1c340c240aaf,1,6,16,MSET (10 keys),569978.12,1.375,0.032,1.359,2.559,2.847,6.479
