algorithm,count,key_bytes,key_shape,order,pass,iterations,total_ns,ns_per_prepare_release,allocations,allocated_bytes,memcpy_bytes,memmove_bytes
ordered_insert,10,8,rank_at_head,sorted,1,4194304,663454000,158.179760,0,0,0,0
bulk,10,8,rank_at_head,sorted,1,4194304,161533000,38.512468,0,0,0,0
bulk_identical,10,8,rank_at_head,sorted,1,4194304,159262000,37.971020,0,0,0,0
bulk,10,8,rank_at_head,sorted,2,4194304,158285000,37.738085,0,0,0,0
bulk_identical,10,8,rank_at_head,sorted,2,4194304,158199000,37.717581,0,0,0,0
ordered_insert,10,8,rank_at_head,sorted,2,4194304,659264000,157.180786,0,0,0,0
bulk_identical,10,8,rank_at_head,sorted,3,4194304,158059000,37.684202,0,0,0,0
ordered_insert,10,8,rank_at_head,sorted,3,4194304,663677000,158.232927,0,0,0,0
bulk,10,8,rank_at_head,sorted,3,4194304,160946000,38.372517,0,0,0,0
ordered_insert,10,8,rank_at_head,sorted,4,4194304,660296000,157.426834,0,0,0,0
bulk,10,8,rank_at_head,sorted,4,4194304,161806000,38.577557,0,0,0,0
bulk_identical,10,8,rank_at_head,sorted,4,4194304,161838000,38.585186,0,0,0,0
bulk,10,8,rank_at_head,sorted,5,4194304,159301000,37.980318,0,0,0,0
bulk_identical,10,8,rank_at_head,sorted,5,4194304,161340000,38.466454,0,0,0,0
ordered_insert,10,8,rank_at_head,sorted,5,4194304,660397000,157.450914,0,0,0,0
bulk_identical,10,8,rank_at_head,sorted,6,4194304,158547000,37.800550,0,0,0,0
ordered_insert,10,8,rank_at_head,sorted,6,4194304,651141000,155.244112,0,0,0,0
bulk,10,8,rank_at_head,sorted,6,4194304,159171000,37.949324,0,0,0,0
ordered_insert,10,8,rank_at_head,reverse,1,524288,138932000,264.991760,0,0,0,0
bulk,10,8,rank_at_head,reverse,1,524288,101001000,192.644119,0,0,0,0
bulk_identical,10,8,rank_at_head,reverse,1,524288,103215000,196.866989,0,0,0,0
bulk,10,8,rank_at_head,reverse,2,524288,101247000,193.113327,0,0,0,0
bulk_identical,10,8,rank_at_head,reverse,2,524288,101560000,193.710327,0,0,0,0
ordered_insert,10,8,rank_at_head,reverse,2,524288,139759000,266.569138,0,0,0,0
bulk_identical,10,8,rank_at_head,reverse,3,524288,102505000,195.512772,0,0,0,0
ordered_insert,10,8,rank_at_head,reverse,3,524288,141332000,269.569397,0,0,0,0
bulk,10,8,rank_at_head,reverse,3,524288,101316000,193.244934,0,0,0,0
ordered_insert,10,8,rank_at_head,reverse,4,524288,139027000,265.172958,0,0,0,0
bulk,10,8,rank_at_head,reverse,4,524288,100855000,192.365646,0,0,0,0
bulk_identical,10,8,rank_at_head,reverse,4,524288,100585000,191.850662,0,0,0,0
bulk,10,8,rank_at_head,reverse,5,524288,102748000,195.976257,0,0,0,0
bulk_identical,10,8,rank_at_head,reverse,5,524288,101714000,194.004059,0,0,0,0
ordered_insert,10,8,rank_at_head,reverse,5,524288,140686000,268.337250,0,0,0,0
bulk_identical,10,8,rank_at_head,reverse,6,524288,102318000,195.156097,0,0,0,0
ordered_insert,10,8,rank_at_head,reverse,6,524288,139900000,266.838074,0,0,0,0
bulk,10,8,rank_at_head,reverse,6,524288,101628000,193.840027,0,0,0,0
ordered_insert,10,8,rank_at_head,shuffled,1,524288,108895000,207.700729,0,0,0,0
bulk,10,8,rank_at_head,shuffled,1,524288,111536000,212.738037,0,0,0,0
bulk_identical,10,8,rank_at_head,shuffled,1,524288,111175000,212.049484,0,0,0,0
bulk,10,8,rank_at_head,shuffled,2,524288,111484000,212.638855,0,0,0,0
bulk_identical,10,8,rank_at_head,shuffled,2,524288,110699000,211.141586,0,0,0,0
ordered_insert,10,8,rank_at_head,shuffled,2,524288,108799000,207.517624,0,0,0,0
bulk_identical,10,8,rank_at_head,shuffled,3,524288,106439000,203.016281,0,0,0,0
ordered_insert,10,8,rank_at_head,shuffled,3,524288,109643000,209.127426,0,0,0,0
bulk,10,8,rank_at_head,shuffled,3,524288,107261000,204.584122,0,0,0,0
ordered_insert,10,8,rank_at_head,shuffled,4,524288,109005000,207.910538,0,0,0,0
bulk,10,8,rank_at_head,shuffled,4,524288,108748000,207.420349,0,0,0,0
bulk_identical,10,8,rank_at_head,shuffled,4,524288,108492000,206.932068,0,0,0,0
bulk,10,8,rank_at_head,shuffled,5,524288,107063000,204.206467,0,0,0,0
bulk_identical,10,8,rank_at_head,shuffled,5,524288,107361000,204.774857,0,0,0,0
ordered_insert,10,8,rank_at_head,shuffled,5,524288,108719000,207.365036,0,0,0,0
bulk_identical,10,8,rank_at_head,shuffled,6,524288,107892000,205.787659,0,0,0,0
ordered_insert,10,8,rank_at_head,shuffled,6,524288,108983000,207.868576,0,0,0,0
bulk,10,8,rank_at_head,shuffled,6,524288,108173000,206.323624,0,0,0,0
ordered_insert,10,8,rank_at_tail,sorted,1,4194304,654547000,156.056166,0,0,0,0
bulk,10,8,rank_at_tail,sorted,1,4194304,160598000,38.289547,0,0,0,0
bulk_identical,10,8,rank_at_tail,sorted,1,4194304,161617000,38.532495,0,0,0,0
bulk,10,8,rank_at_tail,sorted,2,4194304,158128000,37.700653,0,0,0,0
bulk_identical,10,8,rank_at_tail,sorted,2,4194304,160479000,38.261175,0,0,0,0
ordered_insert,10,8,rank_at_tail,sorted,2,4194304,652214000,155.499935,0,0,0,0
bulk_identical,10,8,rank_at_tail,sorted,3,4194304,158013000,37.673235,0,0,0,0
ordered_insert,10,8,rank_at_tail,sorted,3,4194304,652366000,155.536175,0,0,0,0
bulk,10,8,rank_at_tail,sorted,3,4194304,158083000,37.689924,0,0,0,0
ordered_insert,10,8,rank_at_tail,sorted,4,4194304,666769000,158.970118,0,0,0,0
bulk,10,8,rank_at_tail,sorted,4,4194304,159688000,38.072586,0,0,0,0
bulk_identical,10,8,rank_at_tail,sorted,4,4194304,158734000,37.845135,0,0,0,0
bulk,10,8,rank_at_tail,sorted,5,4194304,159641000,38.061380,0,0,0,0
bulk_identical,10,8,rank_at_tail,sorted,5,4194304,160666000,38.305759,0,0,0,0
ordered_insert,10,8,rank_at_tail,sorted,5,4194304,677840000,161.609650,0,0,0,0
bulk_identical,10,8,rank_at_tail,sorted,6,4194304,160873000,38.355112,0,0,0,0
ordered_insert,10,8,rank_at_tail,sorted,6,4194304,694242000,165.520191,0,0,0,0
bulk,10,8,rank_at_tail,sorted,6,4194304,162009000,38.625956,0,0,0,0
ordered_insert,10,8,rank_at_tail,reverse,1,524288,139483000,266.042709,0,0,0,0
bulk,10,8,rank_at_tail,reverse,1,524288,102828000,196.128845,0,0,0,0
bulk_identical,10,8,rank_at_tail,reverse,1,524288,101992000,194.534302,0,0,0,0
bulk,10,8,rank_at_tail,reverse,2,524288,102143000,194.822311,0,0,0,0
bulk_identical,10,8,rank_at_tail,reverse,2,524288,102055000,194.654465,0,0,0,0
ordered_insert,10,8,rank_at_tail,reverse,2,524288,139949000,266.931534,0,0,0,0
bulk_identical,10,8,rank_at_tail,reverse,3,524288,101636000,193.855286,0,0,0,0
ordered_insert,10,8,rank_at_tail,reverse,3,524288,140174000,267.360687,0,0,0,0
bulk,10,8,rank_at_tail,reverse,3,524288,101234000,193.088531,0,0,0,0
ordered_insert,10,8,rank_at_tail,reverse,4,524288,139874000,266.788483,0,0,0,0
bulk,10,8,rank_at_tail,reverse,4,524288,101578000,193.744659,0,0,0,0
bulk_identical,10,8,rank_at_tail,reverse,4,524288,101906000,194.370270,0,0,0,0
bulk,10,8,rank_at_tail,reverse,5,524288,101086000,192.806244,0,0,0,0
bulk_identical,10,8,rank_at_tail,reverse,5,524288,101605000,193.796158,0,0,0,0
ordered_insert,10,8,rank_at_tail,reverse,5,524288,141049000,269.029617,0,0,0,0
bulk_identical,10,8,rank_at_tail,reverse,6,524288,101594000,193.775177,0,0,0,0
ordered_insert,10,8,rank_at_tail,reverse,6,524288,140582000,268.138885,0,0,0,0
bulk,10,8,rank_at_tail,reverse,6,524288,101230000,193.080902,0,0,0,0
ordered_insert,10,8,rank_at_tail,shuffled,1,524288,110990000,211.696625,0,0,0,0
bulk,10,8,rank_at_tail,shuffled,1,524288,108518000,206.981659,0,0,0,0
bulk_identical,10,8,rank_at_tail,shuffled,1,524288,107718000,205.455780,0,0,0,0
bulk,10,8,rank_at_tail,shuffled,2,524288,107773000,205.560684,0,0,0,0
bulk_identical,10,8,rank_at_tail,shuffled,2,524288,107962000,205.921173,0,0,0,0
ordered_insert,10,8,rank_at_tail,shuffled,2,524288,109557000,208.963394,0,0,0,0
bulk_identical,10,8,rank_at_tail,shuffled,3,524288,108093000,206.171036,0,0,0,0
ordered_insert,10,8,rank_at_tail,shuffled,3,524288,109312000,208.496094,0,0,0,0
bulk,10,8,rank_at_tail,shuffled,3,524288,108016000,206.024170,0,0,0,0
ordered_insert,10,8,rank_at_tail,shuffled,4,524288,108829000,207.574844,0,0,0,0
bulk,10,8,rank_at_tail,shuffled,4,524288,107696000,205.413818,0,0,0,0
bulk_identical,10,8,rank_at_tail,shuffled,4,524288,108436000,206.825256,0,0,0,0
bulk,10,8,rank_at_tail,shuffled,5,524288,108014000,206.020355,0,0,0,0
bulk_identical,10,8,rank_at_tail,shuffled,5,524288,107987000,205.968857,0,0,0,0
ordered_insert,10,8,rank_at_tail,shuffled,5,524288,110876000,211.479187,0,0,0,0
bulk_identical,10,8,rank_at_tail,shuffled,6,524288,110217000,210.222244,0,0,0,0
ordered_insert,10,8,rank_at_tail,shuffled,6,524288,110884000,211.494446,0,0,0,0
bulk,10,8,rank_at_tail,shuffled,6,524288,107182000,204.433441,0,0,0,0
ordered_insert,10,16,rank_at_head,sorted,1,4194304,779991000,185.964346,0,0,0,0
bulk,10,16,rank_at_head,sorted,1,4194304,164505000,39.221048,0,0,0,0
bulk_identical,10,16,rank_at_head,sorted,1,4194304,164892000,39.313316,0,0,0,0
bulk,10,16,rank_at_head,sorted,2,4194304,160782000,38.333416,0,0,0,0
bulk_identical,10,16,rank_at_head,sorted,2,4194304,159070000,37.925243,0,0,0,0
ordered_insert,10,16,rank_at_head,sorted,2,4194304,780011000,185.969114,0,0,0,0
bulk_identical,10,16,rank_at_head,sorted,3,4194304,159500000,38.027763,0,0,0,0
ordered_insert,10,16,rank_at_head,sorted,3,4194304,778133000,185.521364,0,0,0,0
bulk,10,16,rank_at_head,sorted,3,4194304,160729000,38.320780,0,0,0,0
ordered_insert,10,16,rank_at_head,sorted,4,4194304,777159000,185.289145,0,0,0,0
bulk,10,16,rank_at_head,sorted,4,4194304,159137000,37.941217,0,0,0,0
bulk_identical,10,16,rank_at_head,sorted,4,4194304,159924000,38.128853,0,0,0,0
bulk,10,16,rank_at_head,sorted,5,4194304,161706000,38.553715,0,0,0,0
bulk_identical,10,16,rank_at_head,sorted,5,4194304,168279000,40.120840,0,0,0,0
ordered_insert,10,16,rank_at_head,sorted,5,4194304,775365000,184.861422,0,0,0,0
bulk_identical,10,16,rank_at_head,sorted,6,4194304,158898000,37.884235,0,0,0,0
ordered_insert,10,16,rank_at_head,sorted,6,4194304,780670000,186.126232,0,0,0,0
bulk,10,16,rank_at_head,sorted,6,4194304,160621000,38.295031,0,0,0,0
ordered_insert,10,16,rank_at_head,reverse,1,1048576,378842000,361.291885,0,0,0,0
bulk,10,16,rank_at_head,reverse,1,1048576,189219000,180.453300,0,0,0,0
bulk_identical,10,16,rank_at_head,reverse,1,1048576,189537000,180.756569,0,0,0,0
bulk,10,16,rank_at_head,reverse,2,1048576,190229000,181.416512,0,0,0,0
bulk_identical,10,16,rank_at_head,reverse,2,1048576,189219000,180.453300,0,0,0,0
ordered_insert,10,16,rank_at_head,reverse,2,1048576,379718000,362.127304,0,0,0,0
bulk_identical,10,16,rank_at_head,reverse,3,1048576,189843000,181.048393,0,0,0,0
ordered_insert,10,16,rank_at_head,reverse,3,1048576,380406000,362.783432,0,0,0,0
bulk,10,16,rank_at_head,reverse,3,1048576,188439000,179.709435,0,0,0,0
ordered_insert,10,16,rank_at_head,reverse,4,1048576,383702000,365.926743,0,0,0,0
bulk,10,16,rank_at_head,reverse,4,1048576,193058000,184.114456,0,0,0,0
bulk_identical,10,16,rank_at_head,reverse,4,1048576,189200000,180.435181,0,0,0,0
bulk,10,16,rank_at_head,reverse,5,1048576,189743000,180.953026,0,0,0,0
bulk_identical,10,16,rank_at_head,reverse,5,1048576,188757000,180.012703,0,0,0,0
ordered_insert,10,16,rank_at_head,reverse,5,1048576,390140000,372.066498,0,0,0,0
bulk_identical,10,16,rank_at_head,reverse,6,1048576,200439000,191.153526,0,0,0,0
ordered_insert,10,16,rank_at_head,reverse,6,1048576,423129000,403.527260,0,0,0,0
bulk,10,16,rank_at_head,reverse,6,1048576,191719000,182.837486,0,0,0,0
ordered_insert,10,16,rank_at_head,shuffled,1,524288,153642000,293.048859,0,0,0,0
bulk,10,16,rank_at_head,shuffled,1,524288,103346000,197.116852,0,0,0,0
bulk_identical,10,16,rank_at_head,shuffled,1,524288,104527000,199.369431,0,0,0,0
bulk,10,16,rank_at_head,shuffled,2,524288,102009000,194.566727,0,0,0,0
bulk_identical,10,16,rank_at_head,shuffled,2,524288,101819000,194.204330,0,0,0,0
ordered_insert,10,16,rank_at_head,shuffled,2,524288,146995000,280.370712,0,0,0,0
bulk_identical,10,16,rank_at_head,shuffled,3,524288,102251000,195.028305,0,0,0,0
ordered_insert,10,16,rank_at_head,shuffled,3,524288,199836000,381.156921,0,0,0,0
bulk,10,16,rank_at_head,shuffled,3,524288,102686000,195.858002,0,0,0,0
ordered_insert,10,16,rank_at_head,shuffled,4,524288,147364000,281.074524,0,0,0,0
bulk,10,16,rank_at_head,shuffled,4,524288,100984000,192.611694,0,0,0,0
bulk_identical,10,16,rank_at_head,shuffled,4,524288,100720000,192.108154,0,0,0,0
bulk,10,16,rank_at_head,shuffled,5,524288,100695000,192.060471,0,0,0,0
bulk_identical,10,16,rank_at_head,shuffled,5,524288,99708000,190.177917,0,0,0,0
ordered_insert,10,16,rank_at_head,shuffled,5,524288,147590000,281.505585,0,0,0,0
bulk_identical,10,16,rank_at_head,shuffled,6,524288,100621000,191.919327,0,0,0,0
ordered_insert,10,16,rank_at_head,shuffled,6,524288,145161000,276.872635,0,0,0,0
bulk,10,16,rank_at_head,shuffled,6,524288,100648000,191.970825,0,0,0,0
ordered_insert,10,16,rank_at_tail,sorted,1,4194304,782945000,186.668634,0,0,0,0
bulk,10,16,rank_at_tail,sorted,1,4194304,161901000,38.600206,0,0,0,0
bulk_identical,10,16,rank_at_tail,sorted,1,4194304,159598000,38.051128,0,0,0,0
bulk,10,16,rank_at_tail,sorted,2,4194304,160492000,38.264275,0,0,0,0
bulk_identical,10,16,rank_at_tail,sorted,2,4194304,159277000,37.974596,0,0,0,0
ordered_insert,10,16,rank_at_tail,sorted,2,4194304,779746000,185.905933,0,0,0,0
bulk_identical,10,16,rank_at_tail,sorted,3,4194304,161448000,38.492203,0,0,0,0
ordered_insert,10,16,rank_at_tail,sorted,3,4194304,782750000,186.622143,0,0,0,0
bulk,10,16,rank_at_tail,sorted,3,4194304,159812000,38.102150,0,0,0,0
ordered_insert,10,16,rank_at_tail,sorted,4,4194304,776400000,185.108185,0,0,0,0
bulk,10,16,rank_at_tail,sorted,4,4194304,161539000,38.513899,0,0,0,0
bulk_identical,10,16,rank_at_tail,sorted,4,4194304,160847000,38.348913,0,0,0,0
bulk,10,16,rank_at_tail,sorted,5,4194304,158851000,37.873030,0,0,0,0
bulk_identical,10,16,rank_at_tail,sorted,5,4194304,161203000,38.433790,0,0,0,0
ordered_insert,10,16,rank_at_tail,sorted,5,4194304,782826000,186.640263,0,0,0,0
bulk_identical,10,16,rank_at_tail,sorted,6,4194304,161475000,38.498640,0,0,0,0
ordered_insert,10,16,rank_at_tail,sorted,6,4194304,791534000,188.716412,0,0,0,0
bulk,10,16,rank_at_tail,sorted,6,4194304,163695000,39.027929,0,0,0,0
ordered_insert,10,16,rank_at_tail,reverse,1,1048576,378293000,360.768318,0,0,0,0
bulk,10,16,rank_at_tail,reverse,1,1048576,191592000,182.716370,0,0,0,0
bulk_identical,10,16,rank_at_tail,reverse,1,1048576,191187000,182.330132,0,0,0,0
bulk,10,16,rank_at_tail,reverse,2,1048576,189622000,180.837631,0,0,0,0
bulk_identical,10,16,rank_at_tail,reverse,2,1048576,190379000,181.559563,0,0,0,0
ordered_insert,10,16,rank_at_tail,reverse,2,1048576,377885000,360.379219,0,0,0,0
bulk_identical,10,16,rank_at_tail,reverse,3,1048576,189601000,180.817604,0,0,0,0
ordered_insert,10,16,rank_at_tail,reverse,3,1048576,382941000,365.200996,0,0,0,0
bulk,10,16,rank_at_tail,reverse,3,1048576,189506000,180.727005,0,0,0,0
ordered_insert,10,16,rank_at_tail,reverse,4,1048576,379203000,361.636162,0,0,0,0
bulk,10,16,rank_at_tail,reverse,4,1048576,188681000,179.940224,0,0,0,0
bulk_identical,10,16,rank_at_tail,reverse,4,1048576,190583000,181.754112,0,0,0,0
bulk,10,16,rank_at_tail,reverse,5,1048576,191043000,182.192802,0,0,0,0
bulk_identical,10,16,rank_at_tail,reverse,5,1048576,192541000,183.621407,0,0,0,0
ordered_insert,10,16,rank_at_tail,reverse,5,1048576,385094000,367.254257,0,0,0,0
bulk_identical,10,16,rank_at_tail,reverse,6,1048576,191829000,182.942390,0,0,0,0
ordered_insert,10,16,rank_at_tail,reverse,6,1048576,383030000,365.285873,0,0,0,0
bulk,10,16,rank_at_tail,reverse,6,1048576,189221000,180.455208,0,0,0,0
ordered_insert,10,16,rank_at_tail,shuffled,1,524288,146909000,280.206680,0,0,0,0
bulk,10,16,rank_at_tail,shuffled,1,524288,101140000,192.909241,0,0,0,0
bulk_identical,10,16,rank_at_tail,shuffled,1,524288,100387000,191.473007,0,0,0,0
bulk,10,16,rank_at_tail,shuffled,2,524288,100905000,192.461014,0,0,0,0
bulk_identical,10,16,rank_at_tail,shuffled,2,524288,100841000,192.338943,0,0,0,0
ordered_insert,10,16,rank_at_tail,shuffled,2,524288,145307000,277.151108,0,0,0,0
bulk_identical,10,16,rank_at_tail,shuffled,3,524288,100711000,192.090988,0,0,0,0
ordered_insert,10,16,rank_at_tail,shuffled,3,524288,147884000,282.066345,0,0,0,0
bulk,10,16,rank_at_tail,shuffled,3,524288,100587000,191.854477,0,0,0,0
ordered_insert,10,16,rank_at_tail,shuffled,4,524288,145173000,276.895523,0,0,0,0
bulk,10,16,rank_at_tail,shuffled,4,524288,100699000,192.068100,0,0,0,0
bulk_identical,10,16,rank_at_tail,shuffled,4,524288,100729000,192.125320,0,0,0,0
bulk,10,16,rank_at_tail,shuffled,5,524288,100620000,191.917419,0,0,0,0
bulk_identical,10,16,rank_at_tail,shuffled,5,524288,101067000,192.770004,0,0,0,0
ordered_insert,10,16,rank_at_tail,shuffled,5,524288,145304000,277.145386,0,0,0,0
bulk_identical,10,16,rank_at_tail,shuffled,6,524288,100226000,191.165924,0,0,0,0
ordered_insert,10,16,rank_at_tail,shuffled,6,524288,146171000,278.799057,0,0,0,0
bulk,10,16,rank_at_tail,shuffled,6,524288,100028000,190.788269,0,0,0,0
ordered_insert,10,32,rank_at_head,sorted,1,4194304,780275000,186.032057,0,0,0,0
bulk,10,32,rank_at_head,sorted,1,4194304,158422000,37.770748,0,0,0,0
bulk_identical,10,32,rank_at_head,sorted,1,4194304,162042000,38.633823,0,0,0,0
bulk,10,32,rank_at_head,sorted,2,4194304,165015000,39.342642,0,0,0,0
bulk_identical,10,32,rank_at_head,sorted,2,4194304,166346000,39.659977,0,0,0,0
ordered_insert,10,32,rank_at_head,sorted,2,4194304,795826000,189.739704,0,0,0,0
bulk_identical,10,32,rank_at_head,sorted,3,4194304,160542000,38.276196,0,0,0,0
ordered_insert,10,32,rank_at_head,sorted,3,4194304,782669000,186.602831,0,0,0,0
bulk,10,32,rank_at_head,sorted,3,4194304,161996000,38.622856,0,0,0,0
ordered_insert,10,32,rank_at_head,sorted,4,4194304,785414000,187.257290,0,0,0,0
bulk,10,32,rank_at_head,sorted,4,4194304,160822000,38.342953,0,0,0,0
bulk_identical,10,32,rank_at_head,sorted,4,4194304,159656000,38.064957,0,0,0,0
bulk,10,32,rank_at_head,sorted,5,4194304,159374000,37.997723,0,0,0,0
bulk_identical,10,32,rank_at_head,sorted,5,4194304,159808000,38.101196,0,0,0,0
ordered_insert,10,32,rank_at_head,sorted,5,4194304,787657000,187.792063,0,0,0,0
bulk_identical,10,32,rank_at_head,sorted,6,4194304,159156000,37.945747,0,0,0,0
ordered_insert,10,32,rank_at_head,sorted,6,4194304,805073000,191.944361,0,0,0,0
bulk,10,32,rank_at_head,sorted,6,4194304,175957000,41.951418,0,0,0,0
ordered_insert,10,32,rank_at_head,reverse,1,524288,194053000,370.126724,0,0,0,0
bulk,10,32,rank_at_head,reverse,1,524288,89902000,171.474457,0,0,0,0
bulk_identical,10,32,rank_at_head,reverse,1,524288,89668000,171.028137,0,0,0,0
bulk,10,32,rank_at_head,reverse,2,524288,89400000,170.516968,0,0,0,0
bulk_identical,10,32,rank_at_head,reverse,2,524288,89490000,170.688629,0,0,0,0
ordered_insert,10,32,rank_at_head,reverse,2,524288,191336000,364.944458,0,0,0,0
bulk_identical,10,32,rank_at_head,reverse,3,524288,89613000,170.923233,0,0,0,0
ordered_insert,10,32,rank_at_head,reverse,3,524288,194437000,370.859146,0,0,0,0
bulk,10,32,rank_at_head,reverse,3,524288,89389000,170.495987,0,0,0,0
ordered_insert,10,32,rank_at_head,reverse,4,524288,192829000,367.792130,0,0,0,0
bulk,10,32,rank_at_head,reverse,4,524288,89319000,170.362473,0,0,0,0
bulk_identical,10,32,rank_at_head,reverse,4,524288,89487000,170.682907,0,0,0,0
bulk,10,32,rank_at_head,reverse,5,524288,89676000,171.043396,0,0,0,0
bulk_identical,10,32,rank_at_head,reverse,5,524288,89687000,171.064377,0,0,0,0
ordered_insert,10,32,rank_at_head,reverse,5,524288,193661000,369.379044,0,0,0,0
bulk_identical,10,32,rank_at_head,reverse,6,524288,89576000,170.852661,0,0,0,0
ordered_insert,10,32,rank_at_head,reverse,6,524288,194868000,371.681213,0,0,0,0
bulk,10,32,rank_at_head,reverse,6,524288,89702000,171.092987,0,0,0,0
ordered_insert,10,32,rank_at_head,shuffled,1,1048576,327618000,312.440872,0,0,0,0
bulk,10,32,rank_at_head,shuffled,1,1048576,189372000,180.599213,0,0,0,0
bulk_identical,10,32,rank_at_head,shuffled,1,1048576,190311000,181.494713,0,0,0,0
bulk,10,32,rank_at_head,shuffled,2,1048576,192220000,183.315277,0,0,0,0
bulk_identical,10,32,rank_at_head,shuffled,2,1048576,190225000,181.412697,0,0,0,0
ordered_insert,10,32,rank_at_head,shuffled,2,1048576,296996000,283.237457,0,0,0,0
bulk_identical,10,32,rank_at_head,shuffled,3,1048576,189950000,181.150436,0,0,0,0
ordered_insert,10,32,rank_at_head,shuffled,3,1048576,296998000,283.239365,0,0,0,0
bulk,10,32,rank_at_head,shuffled,3,1048576,189790000,180.997849,0,0,0,0
ordered_insert,10,32,rank_at_head,shuffled,4,1048576,296502000,282.766342,0,0,0,0
bulk,10,32,rank_at_head,shuffled,4,1048576,190501000,181.675911,0,0,0,0
bulk_identical,10,32,rank_at_head,shuffled,4,1048576,189360000,180.587769,0,0,0,0
bulk,10,32,rank_at_head,shuffled,5,1048576,189881000,181.084633,0,0,0,0
bulk_identical,10,32,rank_at_head,shuffled,5,1048576,201616000,192.276001,0,0,0,0
ordered_insert,10,32,rank_at_head,shuffled,5,1048576,295325000,281.643867,0,0,0,0
bulk_identical,10,32,rank_at_head,shuffled,6,1048576,190156000,181.346893,0,0,0,0
ordered_insert,10,32,rank_at_head,shuffled,6,1048576,293406000,279.813766,0,0,0,0
bulk,10,32,rank_at_head,shuffled,6,1048576,189199000,180.434227,0,0,0,0
ordered_insert,10,32,rank_at_tail,sorted,1,4194304,965397000,230.168581,0,0,0,0
bulk,10,32,rank_at_tail,sorted,1,4194304,171650000,40.924549,0,0,0,0
bulk_identical,10,32,rank_at_tail,sorted,1,4194304,173036000,41.254997,0,0,0,0
bulk,10,32,rank_at_tail,sorted,2,4194304,171822000,40.965557,0,0,0,0
bulk_identical,10,32,rank_at_tail,sorted,2,4194304,172119000,41.036367,0,0,0,0
ordered_insert,10,32,rank_at_tail,sorted,2,4194304,950347000,226.580381,0,0,0,0
bulk_identical,10,32,rank_at_tail,sorted,3,4194304,172509000,41.129351,0,0,0,0
ordered_insert,10,32,rank_at_tail,sorted,3,4194304,952739000,227.150679,0,0,0,0
bulk,10,32,rank_at_tail,sorted,3,4194304,174638000,41.636944,0,0,0,0
ordered_insert,10,32,rank_at_tail,sorted,4,4194304,962703000,229.526281,0,0,0,0
bulk,10,32,rank_at_tail,sorted,4,4194304,171686000,40.933132,0,0,0,0
bulk_identical,10,32,rank_at_tail,sorted,4,4194304,174093000,41.507006,0,0,0,0
bulk,10,32,rank_at_tail,sorted,5,4194304,174331000,41.563749,0,0,0,0
bulk_identical,10,32,rank_at_tail,sorted,5,4194304,177271000,42.264700,0,0,0,0
ordered_insert,10,32,rank_at_tail,sorted,5,4194304,971911000,231.721640,0,0,0,0
bulk_identical,10,32,rank_at_tail,sorted,6,4194304,176980000,42.195320,0,0,0,0
ordered_insert,10,32,rank_at_tail,sorted,6,4194304,1002213000,238.946199,0,0,0,0
bulk,10,32,rank_at_tail,sorted,6,4194304,184177000,43.911219,0,0,0,0
ordered_insert,10,32,rank_at_tail,reverse,1,1048576,428975000,409.102440,0,0,0,0
bulk,10,32,rank_at_tail,reverse,1,1048576,207170000,197.572708,0,0,0,0
bulk_identical,10,32,rank_at_tail,reverse,1,1048576,232504000,221.733093,0,0,0,0
bulk,10,32,rank_at_tail,reverse,2,1048576,204497000,195.023537,0,0,0,0
bulk_identical,10,32,rank_at_tail,reverse,2,1048576,199391000,190.154076,0,0,0,0
ordered_insert,10,32,rank_at_tail,reverse,2,1048576,424420000,404.758453,0,0,0,0
bulk_identical,10,32,rank_at_tail,reverse,3,1048576,198816000,189.605713,0,0,0,0
ordered_insert,10,32,rank_at_tail,reverse,3,1048576,424613000,404.942513,0,0,0,0
bulk,10,32,rank_at_tail,reverse,3,1048576,200870000,191.564560,0,0,0,0
ordered_insert,10,32,rank_at_tail,reverse,4,1048576,427587000,407.778740,0,0,0,0
bulk,10,32,rank_at_tail,reverse,4,1048576,199634000,190.385818,0,0,0,0
bulk_identical,10,32,rank_at_tail,reverse,4,1048576,199450000,190.210342,0,0,0,0
bulk,10,32,rank_at_tail,reverse,5,1048576,199318000,190.084457,0,0,0,0
bulk_identical,10,32,rank_at_tail,reverse,5,1048576,198794000,189.584732,0,0,0,0
ordered_insert,10,32,rank_at_tail,reverse,5,1048576,422128000,402.572632,0,0,0,0
bulk_identical,10,32,rank_at_tail,reverse,6,1048576,199845000,190.587044,0,0,0,0
ordered_insert,10,32,rank_at_tail,reverse,6,1048576,424671000,404.997826,0,0,0,0
bulk,10,32,rank_at_tail,reverse,6,1048576,200335000,191.054344,0,0,0,0
ordered_insert,10,32,rank_at_tail,shuffled,1,524288,163291000,311.452866,0,0,0,0
bulk,10,32,rank_at_tail,shuffled,1,524288,106042000,202.259064,0,0,0,0
bulk_identical,10,32,rank_at_tail,shuffled,1,524288,105727000,201.658249,0,0,0,0
bulk,10,32,rank_at_tail,shuffled,2,524288,105487000,201.200485,0,0,0,0
bulk_identical,10,32,rank_at_tail,shuffled,2,524288,105051000,200.368881,0,0,0,0
ordered_insert,10,32,rank_at_tail,shuffled,2,524288,161425000,307.893753,0,0,0,0
bulk_identical,10,32,rank_at_tail,shuffled,3,524288,106224000,202.606201,0,0,0,0
ordered_insert,10,32,rank_at_tail,shuffled,3,524288,160116000,305.397034,0,0,0,0
bulk,10,32,rank_at_tail,shuffled,3,524288,105797000,201.791763,0,0,0,0
ordered_insert,10,32,rank_at_tail,shuffled,4,524288,160911000,306.913376,0,0,0,0
bulk,10,32,rank_at_tail,shuffled,4,524288,105563000,201.345444,0,0,0,0
bulk_identical,10,32,rank_at_tail,shuffled,4,524288,105818000,201.831818,0,0,0,0
bulk,10,32,rank_at_tail,shuffled,5,524288,105643000,201.498032,0,0,0,0
bulk_identical,10,32,rank_at_tail,shuffled,5,524288,105272000,200.790405,0,0,0,0
ordered_insert,10,32,rank_at_tail,shuffled,5,524288,159406000,304.042816,0,0,0,0
bulk_identical,10,32,rank_at_tail,shuffled,6,524288,105198000,200.649261,0,0,0,0
ordered_insert,10,32,rank_at_tail,shuffled,6,524288,159325000,303.888321,0,0,0,0
bulk,10,32,rank_at_tail,shuffled,6,524288,105530000,201.282501,0,0,0,0
ordered_insert,10,256,rank_at_head,sorted,1,4194304,938094000,223.659039,0,0,0,0
bulk,10,256,rank_at_head,sorted,1,4194304,177754000,42.379856,0,0,0,0
bulk_identical,10,256,rank_at_head,sorted,1,4194304,179618000,42.824268,0,0,0,0
bulk,10,256,rank_at_head,sorted,2,4194304,178355000,42.523146,0,0,0,0
bulk_identical,10,256,rank_at_head,sorted,2,4194304,212166000,50.584316,0,0,0,0
ordered_insert,10,256,rank_at_head,sorted,2,4194304,927490000,221.130848,0,0,0,0
bulk_identical,10,256,rank_at_head,sorted,3,4194304,175163000,41.762114,0,0,0,0
ordered_insert,10,256,rank_at_head,sorted,3,4194304,945928000,225.526810,0,0,0,0
bulk,10,256,rank_at_head,sorted,3,4194304,179353000,42.761087,0,0,0,0
ordered_insert,10,256,rank_at_head,sorted,4,4194304,938142000,223.670483,0,0,0,0
bulk,10,256,rank_at_head,sorted,4,4194304,176924000,42.181969,0,0,0,0
bulk_identical,10,256,rank_at_head,sorted,4,4194304,176802000,42.152882,0,0,0,0
bulk,10,256,rank_at_head,sorted,5,4194304,175708000,41.892052,0,0,0,0
bulk_identical,10,256,rank_at_head,sorted,5,4194304,176129000,41.992426,0,0,0,0
ordered_insert,10,256,rank_at_head,sorted,5,4194304,916627000,218.540907,0,0,0,0
bulk_identical,10,256,rank_at_head,sorted,6,4194304,176225000,42.015314,0,0,0,0
ordered_insert,10,256,rank_at_head,sorted,6,4194304,927030000,221.021175,0,0,0,0
bulk,10,256,rank_at_head,sorted,6,4194304,177679000,42.361975,0,0,0,0
ordered_insert,10,256,rank_at_head,reverse,1,1048576,429848000,409.934998,0,0,0,0
bulk,10,256,rank_at_head,reverse,1,1048576,185882000,177.270889,0,0,0,0
bulk_identical,10,256,rank_at_head,reverse,1,1048576,187466000,178.781509,0,0,0,0
bulk,10,256,rank_at_head,reverse,2,1048576,187001000,178.338051,0,0,0,0
bulk_identical,10,256,rank_at_head,reverse,2,1048576,186096000,177.474976,0,0,0,0
ordered_insert,10,256,rank_at_head,reverse,2,1048576,427638000,407.827377,0,0,0,0
bulk_identical,10,256,rank_at_head,reverse,3,1048576,187678000,178.983688,0,0,0,0
ordered_insert,10,256,rank_at_head,reverse,3,1048576,435308000,415.142059,0,0,0,0
bulk,10,256,rank_at_head,reverse,3,1048576,187019000,178.355217,0,0,0,0
ordered_insert,10,256,rank_at_head,reverse,4,1048576,430677000,410.725594,0,0,0,0
bulk,10,256,rank_at_head,reverse,4,1048576,194453000,185.444832,0,0,0,0
bulk_identical,10,256,rank_at_head,reverse,4,1048576,195815000,186.743736,0,0,0,0
bulk,10,256,rank_at_head,reverse,5,1048576,188197000,179.478645,0,0,0,0
bulk_identical,10,256,rank_at_head,reverse,5,1048576,196174000,187.086105,0,0,0,0
ordered_insert,10,256,rank_at_head,reverse,5,1048576,434700000,414.562225,0,0,0,0
bulk_identical,10,256,rank_at_head,reverse,6,1048576,189137000,180.375099,0,0,0,0
ordered_insert,10,256,rank_at_head,reverse,6,1048576,446782000,426.084518,0,0,0,0
bulk,10,256,rank_at_head,reverse,6,1048576,221197000,210.949898,0,0,0,0
ordered_insert,10,256,rank_at_head,shuffled,1,524288,185140000,353.126526,0,0,0,0
bulk,10,256,rank_at_head,shuffled,1,524288,102648000,195.785522,0,0,0,0
bulk_identical,10,256,rank_at_head,shuffled,1,524288,100813000,192.285538,0,0,0,0
bulk,10,256,rank_at_head,shuffled,2,524288,101123000,192.876816,0,0,0,0
bulk_identical,10,256,rank_at_head,shuffled,2,524288,101120000,192.871094,0,0,0,0
ordered_insert,10,256,rank_at_head,shuffled,2,524288,175538000,334.812164,0,0,0,0
bulk_identical,10,256,rank_at_head,shuffled,3,524288,100655000,191.984177,0,0,0,0
ordered_insert,10,256,rank_at_head,shuffled,3,524288,174956000,333.702087,0,0,0,0
bulk,10,256,rank_at_head,shuffled,3,524288,100894000,192.440033,0,0,0,0
ordered_insert,10,256,rank_at_head,shuffled,4,524288,173849000,331.590652,0,0,0,0
bulk,10,256,rank_at_head,shuffled,4,524288,100466000,191.623688,0,0,0,0
bulk_identical,10,256,rank_at_head,shuffled,4,524288,100617000,191.911697,0,0,0,0
bulk,10,256,rank_at_head,shuffled,5,524288,100834000,192.325592,0,0,0,0
bulk_identical,10,256,rank_at_head,shuffled,5,524288,100736000,192.138672,0,0,0,0
ordered_insert,10,256,rank_at_head,shuffled,5,524288,174306000,332.462311,0,0,0,0
bulk_identical,10,256,rank_at_head,shuffled,6,524288,106114000,202.396393,0,0,0,0
ordered_insert,10,256,rank_at_head,shuffled,6,524288,173533000,330.987930,0,0,0,0
bulk,10,256,rank_at_head,shuffled,6,524288,100259000,191.228867,0,0,0,0
ordered_insert,10,256,rank_at_tail,sorted,1,2097152,789190000,376.315117,0,0,0,0
bulk,10,256,rank_at_tail,sorted,1,2097152,253507000,120.881557,0,0,0,0
bulk_identical,10,256,rank_at_tail,sorted,1,2097152,198381000,94.595432,0,0,0,0
bulk,10,256,rank_at_tail,sorted,2,2097152,197966000,94.397545,0,0,0,0
bulk_identical,10,256,rank_at_tail,sorted,2,2097152,198959000,94.871044,0,0,0,0
ordered_insert,10,256,rank_at_tail,sorted,2,2097152,778679000,371.303082,0,0,0,0
bulk_identical,10,256,rank_at_tail,sorted,3,2097152,198555000,94.678402,0,0,0,0
ordered_insert,10,256,rank_at_tail,sorted,3,2097152,778929000,371.422291,0,0,0,0
bulk,10,256,rank_at_tail,sorted,3,2097152,198555000,94.678402,0,0,0,0
ordered_insert,10,256,rank_at_tail,sorted,4,2097152,788837000,376.146793,0,0,0,0
bulk,10,256,rank_at_tail,sorted,4,2097152,198665000,94.730854,0,0,0,0
bulk_identical,10,256,rank_at_tail,sorted,4,2097152,198985000,94.883442,0,0,0,0
bulk,10,256,rank_at_tail,sorted,5,2097152,199041000,94.910145,0,0,0,0
bulk_identical,10,256,rank_at_tail,sorted,5,2097152,199090000,94.933510,0,0,0,0
ordered_insert,10,256,rank_at_tail,sorted,5,2097152,784330000,373.997688,0,0,0,0
bulk_identical,10,256,rank_at_tail,sorted,6,2097152,199655000,95.202923,0,0,0,0
ordered_insert,10,256,rank_at_tail,sorted,6,2097152,777346000,370.667458,0,0,0,0
bulk,10,256,rank_at_tail,sorted,6,2097152,200251000,95.487118,0,0,0,0
ordered_insert,10,256,rank_at_tail,reverse,1,262144,132523000,505.535126,0,0,0,0
bulk,10,256,rank_at_tail,reverse,1,262144,132396000,505.050659,0,0,0,0
bulk_identical,10,256,rank_at_tail,reverse,1,262144,131563000,501.873016,0,0,0,0
bulk,10,256,rank_at_tail,reverse,2,262144,132189000,504.261017,0,0,0,0
bulk_identical,10,256,rank_at_tail,reverse,2,262144,131172000,500.381470,0,0,0,0
ordered_insert,10,256,rank_at_tail,reverse,2,262144,132886000,506.919861,0,0,0,0
bulk_identical,10,256,rank_at_tail,reverse,3,262144,132023000,503.627777,0,0,0,0
ordered_insert,10,256,rank_at_tail,reverse,3,262144,133351000,508.693695,0,0,0,0
bulk,10,256,rank_at_tail,reverse,3,262144,132302000,504.692078,0,0,0,0
ordered_insert,10,256,rank_at_tail,reverse,4,262144,132674000,506.111145,0,0,0,0
bulk,10,256,rank_at_tail,reverse,4,262144,165072000,629.699707,0,0,0,0
bulk_identical,10,256,rank_at_tail,reverse,4,262144,132289000,504.642487,0,0,0,0
bulk,10,256,rank_at_tail,reverse,5,262144,131334000,500.999451,0,0,0,0
bulk_identical,10,256,rank_at_tail,reverse,5,262144,132128000,504.028320,0,0,0,0
ordered_insert,10,256,rank_at_tail,reverse,5,262144,134322000,512.397766,0,0,0,0
bulk_identical,10,256,rank_at_tail,reverse,6,262144,131885000,503.101349,0,0,0,0
ordered_insert,10,256,rank_at_tail,reverse,6,262144,132353000,504.886627,0,0,0,0
bulk,10,256,rank_at_tail,reverse,6,262144,131684000,502.334595,0,0,0,0
ordered_insert,10,256,rank_at_tail,shuffled,1,262144,122746000,468.238831,0,0,0,0
bulk,10,256,rank_at_tail,shuffled,1,262144,141474000,539.680481,0,0,0,0
bulk_identical,10,256,rank_at_tail,shuffled,1,262144,141872000,541.198730,0,0,0,0
bulk,10,256,rank_at_tail,shuffled,2,262144,141453000,539.600372,0,0,0,0
bulk_identical,10,256,rank_at_tail,shuffled,2,262144,142711000,544.399261,0,0,0,0
ordered_insert,10,256,rank_at_tail,shuffled,2,262144,125066000,477.088928,0,0,0,0
bulk_identical,10,256,rank_at_tail,shuffled,3,262144,142452000,543.411255,0,0,0,0
ordered_insert,10,256,rank_at_tail,shuffled,3,262144,121206000,462.364197,0,0,0,0
bulk,10,256,rank_at_tail,shuffled,3,262144,141491000,539.745331,0,0,0,0
ordered_insert,10,256,rank_at_tail,shuffled,4,262144,122467000,467.174530,0,0,0,0
bulk,10,256,rank_at_tail,shuffled,4,262144,141162000,538.490295,0,0,0,0
bulk_identical,10,256,rank_at_tail,shuffled,4,262144,141840000,541.076660,0,0,0,0
bulk,10,256,rank_at_tail,shuffled,5,262144,141502000,539.787292,0,0,0,0
bulk_identical,10,256,rank_at_tail,shuffled,5,262144,143029000,545.612335,0,0,0,0
ordered_insert,10,256,rank_at_tail,shuffled,5,262144,122327000,466.640472,0,0,0,0
bulk_identical,10,256,rank_at_tail,shuffled,6,262144,143427000,547.130585,0,0,0,0
ordered_insert,10,256,rank_at_tail,shuffled,6,262144,125134000,477.348328,0,0,0,0
bulk,10,256,rank_at_tail,shuffled,6,262144,142228000,542.556763,0,0,0,0
