# Experiment 8 of research/investigations/io-model/TIME-AND-FILES.md: raw output, one line per run. The fields after each prefix are redis-benchmark --csv: test, rps, avg, min, p50, p95, p99, max ms. A reply list is quoted because its trailing spaces are the empty replies it holds.
# First run, redis-bench.sh at 3b7a263e7, the subset at c97dbdc7c, the baseline lines the subset at 7edc86591
first run,verify,reference,counter=100000,replies="OK 1 2 1  "
first run,verify,subset-2,counter=100000,replies="OK 1 2 1  "
first run,verify,subset-1,counter=100000,replies="OK 1 2 1  "
first run,verify,baseline-2,counter=100000,replies="OK 1 2 1  "
first run,verify,baseline-1,counter=100000,replies="OK 1 2 1  "
first run,verify,reference-aof,counter=100000,replies="OK 1 2 1  "
first run,verify,subset-aof-2,counter=100000,replies="OK 1 2 1  "
first run,verify-expiry,reference,replies="OK OK -1 -2 1 100 1 -1 0 ",left=93,after=" -2 "
first run,verify-expiry,subset-2,replies="OK OK -1 -2 1 100 1 -1 0 ",left=90,after=" -2 "
first run,verify-expiry,reference-aof,replies="OK OK -1 -2 1 100 1 -1 0 ",left=92,after=" -2 "
first run,verify-expiry,subset-aof-2,replies="OK OK -1 -2 1 100 1 -1 0 ",left=91,after=" -2 "
first run,verify-restart,reference-aof,got="  v 2 v ",left=99
first run,verify-restart,subset-aof-2,got="  v 2 v ",left=99
first run,verify-idle,reference,closed after 1.92 s
first run,verify-active,reference,72 keys left after 1.42 s
first run,verify-idle,subset-2,closed after 1.00 s
first run,verify-active,subset-2,0 keys left after 1.06 s
first run,reference,round 1,pipeline 1,"SET","86933.84","0.509","0.064","0.471","0.855","1.399","14.871"
first run,reference,round 1,pipeline 1,"GET","90884.30","0.490","0.072","0.447","0.871","1.295","8.367"
first run,reference,round 1,pipeline 16,"SET","570776.25","1.268","0.304","1.287","1.663","1.951","7.759"
first run,reference,round 1,pipeline 16,"GET","570776.25","1.137","0.192","1.127","1.527","2.095","7.327"
first run,subset-2,round 1,pipeline 1,"SET","117577.89","0.249","0.008","0.223","0.375","0.631","22.767"
first run,subset-2,round 1,pipeline 1,"GET","117591.73","0.239","0.024","0.223","0.367","0.551","10.455"
first run,subset-2,round 1,pipeline 16,"SET","799360.50","0.961","0.064","0.911","1.679","1.999","4.983"
first run,subset-2,round 1,pipeline 16,"GET","999000.94","0.719","0.040","0.679","1.311","1.495","3.559"
first run,subset-1,round 1,pipeline 1,"SET","92988.66","0.491","0.096","0.463","0.791","1.199","23.455"
first run,subset-1,round 1,pipeline 1,"GET","90892.56","0.504","0.040","0.471","0.823","1.231","16.559"
first run,subset-1,round 1,pipeline 16,"SET","570776.25","1.227","0.176","1.151","1.751","3.631","7.271"
first run,subset-1,round 1,pipeline 16,"GET","571102.19","1.174","0.184","1.039","2.007","3.367","64.895"
first run,baseline-2,round 1,pipeline 1,"SET","117591.73","0.241","0.016","0.215","0.375","0.583","26.399"
first run,baseline-2,round 1,pipeline 1,"GET","121138.70","0.233","0.032","0.215","0.359","0.551","6.263"
first run,baseline-2,round 1,pipeline 16,"SET","999000.94","0.683","0.032","0.695","1.095","1.431","5.423"
first run,baseline-2,round 1,pipeline 16,"GET","999000.94","0.600","0.032","0.575","0.935","1.279","3.663"
first run,baseline-1,round 1,pipeline 1,"SET","86926.29","0.528","0.104","0.487","0.879","1.335","32.959"
first run,baseline-1,round 1,pipeline 1,"GET","95219.96","0.473","0.096","0.439","0.831","1.183","9.775"
first run,baseline-1,round 1,pipeline 16,"SET","570450.62","1.183","0.184","1.127","1.775","2.727","11.335"
first run,baseline-1,round 1,pipeline 16,"GET","666222.50","1.106","0.184","1.063","1.567","2.207","11.511"
first run,reference-aof,round 1,pipeline 1,"SET","86918.73","0.520","0.072","0.487","0.855","1.231","24.863"
first run,reference-aof,round 1,pipeline 1,"GET","88817.84","0.492","0.072","0.455","0.847","1.279","10.023"
first run,reference-aof,round 1,pipeline 16,"SET","363108.22","1.955","0.296","1.911","2.783","4.599","12.903"
first run,reference-aof,round 1,pipeline 16,"GET","571102.19","1.180","0.200","1.143","1.711","2.919","8.175"
first run,subset-aof-2,round 1,pipeline 1,"SET","121153.38","0.250","0.016","0.223","0.399","0.687","27.599"
first run,subset-aof-2,round 1,pipeline 1,"GET","121153.38","0.241","0.040","0.215","0.399","0.583","12.487"
first run,subset-aof-2,round 1,pipeline 16,"SET","799360.50","0.938","0.064","0.911","1.591","2.279","4.519"
first run,subset-aof-2,round 1,pipeline 16,"GET","999000.94","0.724","0.080","0.679","1.087","1.399","7.231"
first run,reference,round 2,pipeline 1,"SET","92962.72","0.472","0.064","0.439","0.799","1.271","20.575"
first run,reference,round 2,pipeline 1,"GET","88865.19","0.500","0.064","0.471","0.831","1.327","15.735"
first run,reference,round 2,pipeline 16,"SET","499500.47","1.429","0.208","1.351","2.303","2.927","7.439"
first run,reference,round 2,pipeline 16,"GET","570450.62","1.280","0.248","1.199","2.063","3.015","8.415"
first run,subset-2,round 2,pipeline 1,"SET","117577.89","0.240","0.016","0.215","0.367","0.631","24.735"
first run,subset-2,round 2,pipeline 1,"GET","121138.70","0.239","0.024","0.215","0.399","0.607","23.199"
first run,subset-2,round 2,pipeline 16,"SET","799360.50","0.886","0.048","0.839","1.479","2.087","7.095"
first run,subset-2,round 2,pipeline 16,"GET","999000.94","0.662","0.072","0.631","1.039","1.367","12.207"
first run,subset-1,round 2,pipeline 1,"SET","86926.29","0.525","0.104","0.487","0.911","1.279","22.527"
first run,subset-1,round 2,pipeline 1,"GET","90892.56","0.497","0.104","0.455","0.879","1.271","13.767"
first run,subset-1,round 2,pipeline 16,"SET","571102.19","1.314","0.232","1.263","1.807","2.783","7.783"
first run,subset-1,round 2,pipeline 16,"GET","665779.00","1.113","0.160","1.055","1.671","2.455","6.767"
first run,baseline-2,round 2,pipeline 1,"SET","117591.73","0.246","0.016","0.223","0.367","0.607","25.807"
first run,baseline-2,round 2,pipeline 1,"GET","124953.14","0.227","0.024","0.207","0.351","0.567","11.951"
first run,baseline-2,round 2,pipeline 16,"SET","799360.50","0.881","0.056","0.791","1.551","2.535","26.079"
first run,baseline-2,round 2,pipeline 16,"GET","798722.06","0.806","0.048","0.735","1.455","2.223","14.943"
first run,baseline-1,round 2,pipeline 1,"SET","90884.30","0.510","0.112","0.471","0.839","1.199","22.287"
first run,baseline-1,round 2,pipeline 1,"GET","92997.30","0.491","0.096","0.471","0.751","1.135","10.215"
first run,baseline-1,round 2,pipeline 16,"SET","571102.19","1.188","0.256","1.135","1.639","2.143","3.935"
first run,baseline-1,round 2,pipeline 16,"GET","666222.50","1.164","0.240","1.047","1.927","2.319","3.983"
first run,reference-aof,round 2,pipeline 1,"SET","81599.34","0.552","0.064","0.503","0.967","1.559","11.775"
first run,reference-aof,round 2,pipeline 1,"GET","88865.19","0.494","0.056","0.447","0.895","1.431","10.191"
first run,reference-aof,round 2,pipeline 16,"SET","362581.59","2.063","0.368","1.887","3.855","5.463","19.247"
first run,reference-aof,round 2,pipeline 16,"GET","570776.25","1.233","0.160","1.183","1.935","2.687","7.711"
first run,subset-aof-2,round 2,pipeline 1,"SET","124937.54","0.244","0.016","0.207","0.407","0.783","23.807"
first run,subset-aof-2,round 2,pipeline 1,"GET","121153.38","0.233","0.024","0.215","0.367","0.559","7.983"
first run,subset-aof-2,round 2,pipeline 16,"SET","499500.47","1.429","0.096","1.423","2.159","2.935","7.367"
first run,subset-aof-2,round 2,pipeline 16,"GET","799360.50","0.797","0.024","0.759","1.431","2.463","5.335"
# Rerun after the replay fix, redis-bench.sh and the subset at 32a0cbf87, the baseline lines the subset at 7edc86591
rerun,verify,reference,counter=100000,replies="OK 1 2 1  "
rerun,verify,subset-2,counter=100000,replies="OK 1 2 1  "
rerun,verify,subset-1,counter=100000,replies="OK 1 2 1  "
rerun,verify,baseline-2,counter=100000,replies="OK 1 2 1  "
rerun,verify,baseline-1,counter=100000,replies="OK 1 2 1  "
rerun,verify,reference-aof,counter=100000,replies="OK 1 2 1  "
rerun,verify,subset-aof-2,counter=100000,replies="OK 1 2 1  "
rerun,verify-expiry,reference,replies="OK OK -1 -2 1 100 1 -1 0 ",left=93,after=" -2 "
rerun,verify-expiry,subset-2,replies="OK OK -1 -2 1 100 1 -1 0 ",left=91,after=" -2 "
rerun,verify-expiry,reference-aof,replies="OK OK -1 -2 1 100 1 -1 0 ",left=92,after=" -2 "
rerun,verify-expiry,subset-aof-2,replies="OK OK -1 -2 1 100 1 -1 0 ",left=93,after=" -2 "
rerun,verify-restart,reference-aof,got="  v 2 v v  ",left=99
rerun,verify-restart,subset-aof-2,got="  v 2 v v  ",left=99
rerun,verify-idle,reference,closed after 1.72 s
rerun,verify-active,reference,72 keys left after 1.43 s
rerun,verify-idle,subset-2,closed after 1.00 s
rerun,verify-active,subset-2,0 keys left after 1.10 s
rerun,reference,round 1,pipeline 1,"SET","90859.53","0.491","0.064","0.455","0.823","1.287","15.463"
rerun,reference,round 1,pipeline 1,"GET","97532.43","0.450","0.056","0.423","0.751","1.167","11.943"
rerun,reference,round 1,pipeline 16,"SET","499500.47","1.331","0.152","1.319","1.855","2.855","4.519"
rerun,reference,round 1,pipeline 16,"GET","570776.25","1.240","0.192","1.191","1.999","2.599","15.111"
rerun,subset-2,round 1,pipeline 1,"SET","111061.76","0.267","0.016","0.223","0.423","0.983","30.399"
rerun,subset-2,round 1,pipeline 1,"GET","121153.38","0.235","0.032","0.215","0.367","0.583","11.079"
rerun,subset-2,round 1,pipeline 16,"SET","799360.50","0.813","0.040","0.759","1.375","2.007","10.039"
rerun,subset-2,round 1,pipeline 16,"GET","797448.19","0.859","0.064","0.831","1.383","2.567","9.959"
rerun,subset-1,round 1,pipeline 1,"SET","85041.25","0.531","0.088","0.487","0.911","1.319","20.127"
rerun,subset-1,round 1,pipeline 1,"GET","90859.53","0.507","0.088","0.471","0.871","1.175","18.351"
rerun,subset-1,round 1,pipeline 16,"SET","571102.19","1.257","0.240","1.231","1.687","2.191","7.039"
rerun,subset-1,round 1,pipeline 16,"GET","666222.50","1.137","0.184","1.103","1.527","1.679","3.823"
rerun,baseline-2,round 1,pipeline 1,"SET","114233.50","0.259","0.016","0.215","0.391","0.903","26.383"
rerun,baseline-2,round 1,pipeline 1,"GET","117591.73","0.246","0.024","0.215","0.383","0.775","21.839"
rerun,baseline-2,round 1,pipeline 16,"SET","999000.94","0.747","0.048","0.727","1.159","1.519","4.735"
rerun,baseline-2,round 1,pipeline 16,"GET","798722.06","0.827","0.040","0.831","1.303","1.767","5.319"
rerun,baseline-1,round 1,pipeline 1,"SET","90876.05","0.497","0.096","0.447","0.903","1.351","20.895"
rerun,baseline-1,round 1,pipeline 1,"GET","90867.79","0.486","0.096","0.455","0.831","1.207","13.159"
rerun,baseline-1,round 1,pipeline 16,"SET","571102.19","1.183","0.192","1.127","1.719","2.055","5.351"
rerun,baseline-1,round 1,pipeline 16,"GET","666222.50","1.060","0.184","1.047","1.399","1.711","6.007"
rerun,reference-aof,round 1,pipeline 1,"SET","85048.48","0.518","0.064","0.471","0.903","1.431","14.967"
rerun,reference-aof,round 1,pipeline 1,"GET","90834.77","0.483","0.056","0.439","0.847","1.287","20.431"
rerun,reference-aof,round 1,pipeline 16,"SET","362713.09","1.940","0.296","1.935","2.663","4.015","21.151"
rerun,reference-aof,round 1,pipeline 16,"GET","570450.62","1.262","0.216","1.191","2.167","2.695","6.687"
rerun,subset-aof-2,round 1,pipeline 1,"SET","121153.38","0.245","0.016","0.207","0.367","0.895","25.487"
rerun,subset-aof-2,round 1,pipeline 1,"GET","114207.41","0.255","0.016","0.223","0.399","0.703","21.167"
rerun,subset-aof-2,round 1,pipeline 16,"SET","570450.62","1.185","0.072","1.103","2.039","2.991","13.511"
rerun,subset-aof-2,round 1,pipeline 16,"GET","1041666.69","0.701","0.040","0.647","1.111","2.567","12.183"
rerun,reference,round 2,pipeline 1,"SET","95174.65","0.460","0.056","0.423","0.791","1.303","19.759"
rerun,reference,round 2,pipeline 1,"GET","92971.37","0.479","0.056","0.439","0.807","1.183","63.519"
rerun,reference,round 2,pipeline 16,"SET","499251.12","1.398","0.240","1.375","2.031","3.423","8.103"
rerun,reference,round 2,pipeline 16,"GET","570776.25","1.255","0.208","1.183","2.071","3.095","12.879"
rerun,subset-2,round 2,pipeline 1,"SET","121153.38","0.239","0.016","0.207","0.359","0.687","24.783"
rerun,subset-2,round 2,pipeline 1,"GET","124953.14","0.230","0.032","0.215","0.351","0.519","23.247"
rerun,subset-2,round 2,pipeline 16,"SET","798722.06","0.902","0.056","0.871","1.559","2.263","7.495"
rerun,subset-2,round 2,pipeline 16,"GET","999000.94","0.737","0.040","0.695","1.159","1.871","5.015"
rerun,subset-1,round 2,pipeline 1,"SET","88857.30","0.510","0.104","0.479","0.855","1.303","27.151"
rerun,subset-1,round 2,pipeline 1,"GET","86933.84","0.522","0.104","0.495","0.847","1.167","10.615"
rerun,subset-1,round 2,pipeline 16,"SET","571102.19","1.222","0.200","1.191","1.631","1.991","6.271"
rerun,subset-1,round 2,pipeline 16,"GET","665779.00","1.138","0.216","1.095","1.631","2.007","9.535"
rerun,baseline-2,round 2,pipeline 1,"SET","121153.38","0.240","0.016","0.215","0.351","0.607","26.735"
rerun,baseline-2,round 2,pipeline 1,"GET","124937.54","0.227","0.016","0.207","0.351","0.559","16.319"
rerun,baseline-2,round 2,pipeline 16,"SET","798722.06","0.806","0.048","0.767","1.367","1.679","6.375"
rerun,baseline-2,round 2,pipeline 16,"GET","799360.50","0.768","0.048","0.679","1.439","2.103","46.015"
rerun,baseline-1,round 2,pipeline 1,"SET","85084.66","0.539","0.104","0.503","0.879","1.287","18.399"
rerun,baseline-1,round 2,pipeline 1,"GET","97522.92","0.466","0.104","0.447","0.743","1.039","6.695"
rerun,baseline-1,round 2,pipeline 16,"SET","570776.25","1.266","0.160","1.095","2.359","3.583","15.943"
rerun,baseline-1,round 2,pipeline 16,"GET","571102.19","1.349","0.224","1.175","2.199","3.167","48.543"
rerun,reference-aof,round 2,pipeline 1,"SET","81592.70","0.554","0.072","0.503","0.959","1.471","17.583"
rerun,reference-aof,round 2,pipeline 1,"GET","90843.02","0.495","0.064","0.463","0.807","1.199","8.631"
rerun,reference-aof,round 2,pipeline 16,"SET","399361.03","1.861","0.248","1.871","2.559","3.687","12.679"
rerun,reference-aof,round 2,pipeline 16,"GET","571102.19","1.174","0.152","1.151","1.711","2.431","10.079"
rerun,subset-aof-2,round 2,pipeline 1,"SET","117591.73","0.247","0.016","0.215","0.391","0.743","22.959"
rerun,subset-aof-2,round 2,pipeline 1,"GET","124921.92","0.225","0.040","0.207","0.359","0.535","18.207"
rerun,subset-aof-2,round 2,pipeline 16,"SET","665779.00","1.027","0.048","0.967","1.751","2.535","6.815"
rerun,subset-aof-2,round 2,pipeline 16,"GET","799360.50","0.762","0.048","0.711","1.279","1.767","5.783"
# Attribution of the rerun's one-driver pass under 0.9: six interleaved passes of the one-driver lines, SET and GET without pipelining, the subset at 32a0cbf87 against the baseline at 7edc86591
attribution,redis_baseline,round 1,"SET","88857.30","0.505","0.104","0.471","0.839","1.223","25.663"
attribution,redis_baseline,round 1,"GET","86941.41","0.528","0.040","0.487","0.895","1.271","11.703"
attribution,redis_subset,round 1,"SET","83298.62","0.554","0.104","0.511","0.927","1.375","30.319"
attribution,redis_subset,round 1,"GET","86941.41","0.527","0.040","0.495","0.823","1.159","11.927"
attribution,redis_baseline,round 2,"SET","86926.29","0.521","0.104","0.479","0.871","1.287","21.535"
attribution,redis_baseline,round 2,"GET","90884.30","0.496","0.104","0.455","0.823","1.287","30.431"
attribution,redis_subset,round 2,"SET","86933.84","0.530","0.104","0.487","0.887","1.335","23.855"
attribution,redis_subset,round 2,"GET","90892.56","0.514","0.096","0.487","0.807","1.199","8.607"
attribution,redis_baseline,round 3,"SET","90876.05","0.491","0.096","0.455","0.831","1.207","22.943"
attribution,redis_baseline,round 3,"GET","93005.95","0.501","0.072","0.479","0.815","1.095","19.455"
attribution,redis_subset,round 3,"SET","86933.84","0.533","0.096","0.495","0.831","1.231","31.215"
attribution,redis_subset,round 3,"GET","92971.37","0.493","0.096","0.463","0.831","1.135","9.591"
attribution,redis_baseline,round 4,"SET","97541.95","0.470","0.096","0.447","0.751","1.087","23.343"
attribution,redis_baseline,round 4,"GET","95210.89","0.486","0.040","0.447","0.831","1.255","12.887"
attribution,redis_subset,round 4,"SET","86896.07","0.526","0.048","0.487","0.879","1.231","22.879"
attribution,redis_subset,round 4,"GET","85077.42","0.538","0.104","0.503","0.871","1.399","18.831"
attribution,redis_baseline,round 5,"SET","95210.89","0.481","0.104","0.439","0.823","1.223","19.951"
attribution,redis_baseline,round 5,"GET","95210.89","0.491","0.104","0.471","0.799","1.055","10.255"
attribution,redis_subset,round 5,"SET","86911.18","0.525","0.096","0.479","0.919","1.423","23.663"
attribution,redis_subset,round 5,"GET","83319.45","0.549","0.088","0.511","0.919","1.271","19.951"
attribution,redis_baseline,round 6,"SET","99910.09","0.447","0.096","0.423","0.719","1.111","22.239"
attribution,redis_baseline,round 6,"GET","90876.05","0.498","0.088","0.463","0.855","1.207","13.055"
attribution,redis_subset,round 6,"SET","85026.79","0.538","0.104","0.511","0.847","1.239","23.391"
attribution,redis_subset,round 6,"GET","97513.41","0.473","0.088","0.447","0.743","1.103","45.503"
