# The many-core run of research/investigations/concurrent-map/DESIGN.md, stage (c): raw output of redis-bench.sh scale with SCALE="2 4 8 16" PASSES=3, run by a session on the owner's machine 2026-10-02 01:19:51 to 05:14:17 UTC and pushed unchanged to the branch bench/14900k-scale (ef2be500d). For each server CPU count n the servers ran on CPUs 0 to n-1 and redis-benchmark on the rest with --threads 16; verify-suite lines check each line with the default suite, pilot lines size the runs, and the rest are the line, the pass, the server CPUs and the pipeline depth, then redis-benchmark --csv: test, rps, avg, min, p50, p95, p99, max ms.
# Every run: redis-benchmark 7.0.15 -c 50 -r 100000 -P 16, one test per run. Lines: redis-server 7.0.15 (reference), valkey-server 7.2.13 with I/O threads (valkey-io), dragonfly 2.0.0, garnet-server 2.1.8, firn (whitefootc and apps/firn at c5cdcfc9f, before the bounded wait of 4fbad0e1c) and firn-base (apps/firn at e92a54ed7), each pinned to the server CPUs as redis-bench.sh starts it, Valkey with n I/O threads, Dragonfly with n proactor threads and firn with n drivers. Host: Intel Core i9-14900K, 32 logical CPUs given to WSL2 (Windows 11 10.0.22631, WSL 2.7.13.0, kernel 6.18.40.1-microsoft-standard-WSL2, Ubuntu 24.04.5, MemTotal 65,724,248 kB), Windows power plan High performance; WSL2 maps its CPUs to P- and E-cores as Windows schedules them.
verify-suite,reference,20 tests
verify-suite,valkey-io,20 tests
verify-suite,dragonfly-2,20 tests
verify-suite,garnet-2,20 tests
verify-suite,firn-2,20 tests
verify-suite,firn-base-2,20 tests
pilot,reference,16,set,1061006.62
pilot,reference,16,get,1055404.25
pilot,reference,16,incr,1056809.62
pilot,reference,16,lpush,1056809.62
pilot,reference,16,rpop,1056809.62
pilot,reference,16,sadd,1061006.62
pilot,reference,16,hset,1063829.88
pilot,reference,16,zadd,527702.12
pilot,reference,16,lrange_100,318223.66
pilot,reference,16,mset,317078.16
pilot,firn-2,16,set,1584159.75
pilot,firn-2,16,get,1590451.12
pilot,firn-2,16,incr,1590451.12
pilot,firn-2,16,lpush,3174566.00
pilot,firn-2,16,rpop,3174566.00
pilot,firn-2,16,sadd,1590451.12
pilot,firn-2,16,hset,1587283.00
pilot,firn-2,16,zadd,1059595.75
pilot,firn-2,16,lrange_100,1056809.62
pilot,firn-2,16,mset,1065246.38
reference,pass 1,2 server CPUs,pipeline 16,"SET","1170345.38","0.675","0.104","0.639","0.839","1.191","477.183"
reference,pass 1,2 server CPUs,pipeline 16,"GET","1338107.38","0.592","0.048","0.583","0.735","1.079","27.247"
reference,pass 1,2 server CPUs,pipeline 16,"INCR","1250847.00","0.624","0.096","0.591","0.759","1.103","484.863"
reference,pass 1,2 server CPUs,pipeline 16,"LPUSH","1373528.00","0.576","0.008","0.551","0.711","1.031","459.263"
reference,pass 1,2 server CPUs,pipeline 16,"RPOP","1396693.00","0.567","0.088","0.559","0.719","1.039","9.207"
reference,pass 1,2 server CPUs,pipeline 16,"SADD","1232430.88","0.634","0.032","0.591","0.799","1.127","473.599"
reference,pass 1,2 server CPUs,pipeline 16,"HSET","1227439.62","0.645","0.040","0.631","0.823","1.183","28.463"
reference,pass 1,2 server CPUs,pipeline 16,"ZADD","627258.25","1.267","0.296","1.191","1.735","2.319","484.607"
reference,pass 1,2 server CPUs,pipeline 16,"LRANGE_100 (first 100 elements)","316528.84","2.454","0.136","2.119","3.607","3.879","487.935"
reference,pass 1,2 server CPUs,pipeline 16,"MSET (10 keys)","424923.03","1.850","0.408","1.751","2.823","3.455","534.527"
valkey-io,pass 1,2 server CPUs,pipeline 16,"SET","1530343.00","0.509","0.032","0.455","0.775","0.959","662.527"
valkey-io,pass 1,2 server CPUs,pipeline 16,"GET","1773903.12","0.444","0.144","0.423","0.703","0.879","14.311"
valkey-io,pass 1,2 server CPUs,pipeline 16,"INCR","1733620.12","0.448","0.096","0.423","0.735","0.887","14.183"
valkey-io,pass 1,2 server CPUs,pipeline 16,"LPUSH","1828843.00","0.427","0.024","0.391","0.655","0.823","559.615"
valkey-io,pass 1,2 server CPUs,pipeline 16,"RPOP","1784717.75","0.441","0.080","0.407","0.687","0.847","580.095"
valkey-io,pass 1,2 server CPUs,pipeline 16,"SADD","1860540.38","0.421","0.032","0.399","0.703","0.839","13.671"
valkey-io,pass 1,2 server CPUs,pipeline 16,"HSET","1585830.38","0.490","0.144","0.463","0.823","0.983","12.399"
valkey-io,pass 1,2 server CPUs,pipeline 16,"ZADD","701835.38","1.130","0.208","1.039","1.759","2.183","583.679"
valkey-io,pass 1,2 server CPUs,pipeline 16,"LRANGE_100 (first 100 elements)","321756.94","2.403","0.192","2.335","3.343","3.543","582.143"
valkey-io,pass 1,2 server CPUs,pipeline 16,"MSET (10 keys)","442561.97","1.721","0.096","1.831","2.327","2.743","582.655"
dragonfly-2,pass 1,2 server CPUs,pipeline 16,"SET","1467947.50","0.533","0.088","0.495","0.679","0.855","691.199"
dragonfly-2,pass 1,2 server CPUs,pipeline 16,"GET","1733777.50","0.449","0.064","0.431","0.671","0.767","16.463"
dragonfly-2,pass 1,2 server CPUs,pipeline 16,"INCR","1589260.12","0.496","0.056","0.487","0.679","0.847","15.887"
dragonfly-2,pass 1,2 server CPUs,pipeline 16,"LPUSH","1403795.62","0.565","0.112","0.519","0.975","1.167","616.447"
dragonfly-2,pass 1,2 server CPUs,pipeline 16,"RPOP","1590729.88","0.498","0.056","0.519","0.751","0.927","680.959"
dragonfly-2,pass 1,2 server CPUs,pipeline 16,"SADD","1495488.50","0.520","0.176","0.543","0.847","1.047","15.615"
dragonfly-2,pass 1,2 server CPUs,pipeline 16,"HSET","1339009.38","0.589","0.144","0.431","0.975","1.199","715.263"
dragonfly-2,pass 1,2 server CPUs,pipeline 16,"ZADD","1128931.25","0.695","0.112","0.343","1.191","9.591","52.991"
dragonfly-2,pass 1,2 server CPUs,pipeline 16,"LRANGE_100 (first 100 elements)","222388.91","3.402","0.448","2.615","3.975","27.055","809.471"
dragonfly-2,pass 1,2 server CPUs,pipeline 16,"MSET (10 keys)","352070.09","2.254","0.168","2.191","2.543","2.839","747.007"
garnet-2,pass 1,2 server CPUs,pipeline 16,"SET","2234358.25","0.347","0.000","0.311","0.575","1.279","15.879"
garnet-2,pass 1,2 server CPUs,pipeline 16,"GET","2246401.00","0.344","0.000","0.303","0.455","0.799","740.863"
garnet-2,pass 1,2 server CPUs,pipeline 16,"INCR","2311703.50","0.335","0.008","0.327","0.423","0.703","8.711"
garnet-2,pass 1,2 server CPUs,pipeline 16,"LPUSH","1730637.88","0.456","0.000","0.415","0.543","0.727","830.975"
garnet-2,pass 1,2 server CPUs,pipeline 16,"RPOP","2030639.62","0.386","0.000","0.383","0.519","0.647","12.655"
garnet-2,pass 1,2 server CPUs,pipeline 16,"SADD","1733777.50","0.457","0.008","0.431","0.631","0.839","143.487"
garnet-2,pass 1,2 server CPUs,pipeline 16,"HSET","1554002.50","0.505","0.008","0.455","0.647","0.847","751.615"
garnet-2,pass 1,2 server CPUs,pipeline 16,"ZADD","507773.31","1.555","0.040","1.479","1.799","2.063","752.639"
garnet-2,pass 1,2 server CPUs,pipeline 16,"LRANGE_100 (first 100 elements)","1448016.38","0.490","0.016","0.455","0.775","1.447","15.767"
garnet-2,pass 1,2 server CPUs,pipeline 16,"MSET (10 keys)","811050.06","0.968","0.024","0.935","1.607","1.935","743.935"
firn-2,pass 1,2 server CPUs,pipeline 16,"SET","3165681.75","0.240","0.008","0.199","0.391","0.463","11.359"
firn-2,pass 1,2 server CPUs,pipeline 16,"GET","3633242.75","0.212","0.008","0.207","0.279","0.335","13.655"
firn-2,pass 1,2 server CPUs,pipeline 16,"INCR","3052203.00","0.255","0.008","0.263","0.351","0.399","5.247"
firn-2,pass 1,2 server CPUs,pipeline 16,"LPUSH","3172980.25","0.243","0.008","0.239","0.303","0.359","107.007"
firn-2,pass 1,2 server CPUs,pipeline 16,"RPOP","3462534.25","0.220","0.008","0.199","0.303","0.351","747.007"
firn-2,pass 1,2 server CPUs,pipeline 16,"SADD","2724932.00","0.280","0.008","0.279","0.351","0.407","68.159"
firn-2,pass 1,2 server CPUs,pipeline 16,"HSET","2719116.00","0.285","0.008","0.279","0.351","0.423","22.895"
firn-2,pass 1,2 server CPUs,pipeline 16,"ZADD","995860.94","0.788","0.024","0.735","1.103","1.263","755.199"
firn-2,pass 1,2 server CPUs,pipeline 16,"LRANGE_100 (first 100 elements)","1407517.00","0.514","0.040","0.503","0.831","0.983","4.759"
firn-2,pass 1,2 server CPUs,pipeline 16,"MSET (10 keys)","1245781.12","0.621","0.016","0.623","0.999","1.159","23.711"
firn-base-2,pass 1,2 server CPUs,pipeline 16,"SET","2303674.25","0.332","0.024","0.279","0.455","0.511","748.543"
firn-base-2,pass 1,2 server CPUs,pipeline 16,"GET","2933962.25","0.267","0.016","0.223","0.407","0.463","3.639"
firn-base-2,pass 1,2 server CPUs,pipeline 16,"INCR","2461365.00","0.312","0.024","0.311","0.375","0.423","18.895"
firn-base-2,pass 1,2 server CPUs,pipeline 16,"LPUSH","2671819.25","0.294","0.000","0.295","0.471","0.535","104.959"
firn-base-2,pass 1,2 server CPUs,pipeline 16,"RPOP","3044174.50","0.258","0.016","0.247","0.335","0.407","759.295"
firn-base-2,pass 1,2 server CPUs,pipeline 16,"SADD","2631020.50","0.296","0.000","0.295","0.375","0.463","76.479"
firn-base-2,pass 1,2 server CPUs,pipeline 16,"HSET","2456462.25","0.314","0.024","0.319","0.535","0.591","33.055"
firn-base-2,pass 1,2 server CPUs,pipeline 16,"ZADD","996719.62","0.787","0.008","0.743","1.191","1.351","747.007"
firn-base-2,pass 1,2 server CPUs,pipeline 16,"LRANGE_100 (first 100 elements)","1448181.75","0.495","0.056","0.503","0.743","0.807","4.143"
firn-base-2,pass 1,2 server CPUs,pipeline 16,"MSET (10 keys)","863013.75","0.915","0.048","0.879","1.343","1.559","548.351"
reference,pass 2,2 server CPUs,pipeline 16,"SET","1225102.75","0.645","0.064","0.631","0.823","1.183","21.903"
reference,pass 2,2 server CPUs,pipeline 16,"GET","1338013.50","0.588","0.040","0.575","0.743","1.071","20.223"
reference,pass 2,2 server CPUs,pipeline 16,"INCR","1237545.38","0.637","0.040","0.591","0.767","1.087","658.943"
reference,pass 2,2 server CPUs,pipeline 16,"LPUSH","1401265.38","0.563","0.016","0.535","0.687","0.999","665.087"
reference,pass 2,2 server CPUs,pipeline 16,"RPOP","1388041.50","0.571","0.056","0.543","0.695","1.015","672.255"
reference,pass 2,2 server CPUs,pipeline 16,"SADD","1361882.75","0.578","0.072","0.567","0.719","1.055","40.095"
reference,pass 2,2 server CPUs,pipeline 16,"HSET","1247783.00","0.634","0.040","0.623","0.799","1.167","31.103"
reference,pass 2,2 server CPUs,pipeline 16,"ZADD","621069.31","1.270","0.096","1.183","1.719","2.287","680.447"
reference,pass 2,2 server CPUs,pipeline 16,"LRANGE_100 (first 100 elements)","309703.22","2.504","0.232","2.263","3.551","3.823","687.615"
reference,pass 2,2 server CPUs,pipeline 16,"MSET (10 keys)","428900.81","1.837","0.072","1.775","2.863","3.471","27.711"
valkey-io,pass 2,2 server CPUs,pipeline 16,"SET","1558445.62","0.500","0.080","0.447","0.775","0.935","689.151"
valkey-io,pass 2,2 server CPUs,pipeline 16,"GET","1773903.12","0.435","0.104","0.415","0.703","0.863","16.383"
valkey-io,pass 2,2 server CPUs,pipeline 16,"INCR","1666849.25","0.468","0.032","0.415","0.743","0.871","692.223"
valkey-io,pass 2,2 server CPUs,pipeline 16,"LPUSH","1879925.00","0.417","0.080","0.391","0.655","0.823","13.695"
valkey-io,pass 2,2 server CPUs,pipeline 16,"RPOP","1796077.38","0.439","0.056","0.399","0.711","0.839","696.319"
valkey-io,pass 2,2 server CPUs,pipeline 16,"SADD","1860540.38","0.416","0.072","0.391","0.695","0.823","15.951"
valkey-io,pass 2,2 server CPUs,pipeline 16,"HSET","1619677.50","0.481","0.128","0.455","0.767","0.951","27.999"
valkey-io,pass 2,2 server CPUs,pipeline 16,"ZADD","697446.75","1.136","0.176","1.039","1.783","2.199","699.391"
valkey-io,pass 2,2 server CPUs,pipeline 16,"LRANGE_100 (first 100 elements)","320796.50","2.403","0.520","2.327","3.351","3.599","701.951"
valkey-io,pass 2,2 server CPUs,pipeline 16,"MSET (10 keys)","441766.66","1.722","0.320","1.823","2.319","2.775","633.855"
dragonfly-2,pass 2,2 server CPUs,pipeline 16,"SET","1452469.38","0.537","0.088","0.495","0.679","0.847","829.951"
dragonfly-2,pass 2,2 server CPUs,pipeline 16,"GET","1695276.50","0.466","0.072","0.447","0.671","0.791","10.127"
dragonfly-2,pass 2,2 server CPUs,pipeline 16,"INCR","1589127.75","0.493","0.072","0.479","0.671","0.847","11.439"
dragonfly-2,pass 2,2 server CPUs,pipeline 16,"LPUSH","1398384.88","0.562","0.080","0.423","0.999","1.207","694.783"
dragonfly-2,pass 2,2 server CPUs,pipeline 16,"RPOP","1589999.62","0.493","0.144","0.511","0.775","0.959","683.519"
dragonfly-2,pass 2,2 server CPUs,pipeline 16,"SADD","1494434.62","0.519","0.120","0.559","0.831","1.031","23.007"
dragonfly-2,pass 2,2 server CPUs,pipeline 16,"HSET","1362865.50","0.579","0.152","0.575","0.959","1.175","714.239"
dragonfly-2,pass 2,2 server CPUs,pipeline 16,"ZADD","1129031.38","0.695","0.080","0.343","1.159","10.295","94.655"
dragonfly-2,pass 2,2 server CPUs,pipeline 16,"LRANGE_100 (first 100 elements)","223246.28","3.386","0.592","2.599","3.943","27.231","819.199"
dragonfly-2,pass 2,2 server CPUs,pipeline 16,"MSET (10 keys)","351605.25","2.260","0.352","2.191","2.543","2.839","797.695"
garnet-2,pass 2,2 server CPUs,pipeline 16,"SET","2302558.25","0.338","0.008","0.311","0.455","1.007","17.871"
garnet-2,pass 2,2 server CPUs,pipeline 16,"GET","1958282.75","0.396","0.008","0.359","0.487","0.839","740.863"
garnet-2,pass 2,2 server CPUs,pipeline 16,"INCR","2178950.25","0.350","0.008","0.335","0.463","0.855","9.911"
garnet-2,pass 2,2 server CPUs,pipeline 16,"LPUSH","1730402.00","0.457","0.000","0.407","0.567","0.743","814.591"
garnet-2,pass 2,2 server CPUs,pipeline 16,"RPOP","2003934.75","0.393","0.008","0.383","0.535","0.719","16.527"
garnet-2,pass 2,2 server CPUs,pipeline 16,"SADD","1618506.12","0.480","0.008","0.423","0.607","0.791","785.407"
garnet-2,pass 2,2 server CPUs,pipeline 16,"HSET","1692050.12","0.467","0.008","0.447","0.647","0.815","36.799"
garnet-2,pass 2,2 server CPUs,pipeline 16,"ZADD","516876.09","1.534","0.040","1.463","1.775","2.055","815.103"
garnet-2,pass 2,2 server CPUs,pipeline 16,"LRANGE_100 (first 100 elements)","1333655.25","0.540","0.024","0.503","0.759","1.831","9.143"
garnet-2,pass 2,2 server CPUs,pipeline 16,"MSET (10 keys)","805581.06","0.983","0.024","1.063","1.703","2.039","849.407"
firn-2,pass 2,2 server CPUs,pipeline 16,"SET","3303774.75","0.235","0.016","0.223","0.375","0.439","11.743"
firn-2,pass 2,2 server CPUs,pipeline 16,"GET","3465037.00","0.214","0.000","0.215","0.279","0.335","13.207"
firn-2,pass 2,2 server CPUs,pipeline 16,"INCR","3051226.75","0.251","0.008","0.231","0.359","0.423","8.311"
firn-2,pass 2,2 server CPUs,pipeline 16,"LPUSH","2852047.50","0.273","0.008","0.247","0.351","0.407","850.943"
firn-2,pass 2,2 server CPUs,pipeline 16,"RPOP","3541725.75","0.218","0.008","0.247","0.343","0.391","16.063"
firn-2,pass 2,2 server CPUs,pipeline 16,"SADD","2934413.25","0.266","0.048","0.255","0.319","0.375","78.207"
firn-2,pass 2,2 server CPUs,pipeline 16,"HSET","2625780.00","0.294","0.008","0.287","0.367","0.471","28.975"
firn-2,pass 2,2 server CPUs,pipeline 16,"ZADD","988121.88","0.790","0.024","0.735","1.143","1.279","856.575"
firn-2,pass 2,2 server CPUs,pipeline 16,"LRANGE_100 (first 100 elements)","1369665.00","0.525","0.040","0.511","0.767","0.903","3.759"
firn-2,pass 2,2 server CPUs,pipeline 16,"MSET (10 keys)","1243478.62","0.619","0.024","0.775","1.087","1.287","19.951"
firn-base-2,pass 2,2 server CPUs,pipeline 16,"SET","2343720.75","0.335","0.016","0.295","0.391","0.455","857.599"
firn-base-2,pass 2,2 server CPUs,pipeline 16,"GET","2825795.50","0.276","0.008","0.271","0.471","0.519","19.871"
firn-base-2,pass 2,2 server CPUs,pipeline 16,"INCR","2461365.00","0.315","0.032","0.311","0.431","0.495","20.735"
firn-base-2,pass 2,2 server CPUs,pipeline 16,"LPUSH","2517832.00","0.312","0.008","0.287","0.423","0.479","873.983"
firn-base-2,pass 2,2 server CPUs,pipeline 16,"RPOP","3384700.00","0.227","0.008","0.223","0.391","0.439","14.295"
firn-base-2,pass 2,2 server CPUs,pipeline 16,"SADD","2631020.50","0.296","0.008","0.287","0.359","0.455","74.175"
firn-base-2,pass 2,2 server CPUs,pipeline 16,"HSET","2456462.25","0.313","0.016","0.311","0.471","0.527","16.831"
firn-base-2,pass 2,2 server CPUs,pipeline 16,"ZADD","989044.19","0.798","0.024","0.743","1.063","1.223","842.239"
firn-base-2,pass 2,2 server CPUs,pipeline 16,"LRANGE_100 (first 100 elements)","1490740.38","0.481","0.032","0.415","0.775","0.855","5.247"
firn-base-2,pass 2,2 server CPUs,pipeline 16,"MSET (10 keys)","832332.38","0.951","0.048","0.887","1.159","1.415","842.751"
reference,pass 3,2 server CPUs,pipeline 16,"SET","1225181.75","0.640","0.032","0.623","0.815","1.167","38.719"
reference,pass 3,2 server CPUs,pipeline 16,"GET","1242864.25","0.633","0.088","0.591","0.759","1.103","842.239"
reference,pass 3,2 server CPUs,pipeline 16,"INCR","1314785.38","0.602","0.080","0.591","0.767","1.087","23.999"
reference,pass 3,2 server CPUs,pipeline 16,"LPUSH","1356604.12","0.580","0.032","0.551","0.703","1.031","797.183"
reference,pass 3,2 server CPUs,pipeline 16,"RPOP","1371747.50","0.576","0.032","0.551","0.703","1.039","748.031"
reference,pass 3,2 server CPUs,pipeline 16,"SADD","1361882.75","0.580","0.064","0.567","0.719","1.047","32.207"
reference,pass 3,2 server CPUs,pipeline 16,"HSET","1164195.88","0.679","0.048","0.631","0.807","1.175","845.311"
reference,pass 3,2 server CPUs,pipeline 16,"ZADD","642633.81","1.230","0.136","1.183","1.735","2.303","43.455"
reference,pass 3,2 server CPUs,pipeline 16,"LRANGE_100 (first 100 elements)","313624.69","2.478","0.192","2.151","3.591","3.863","860.159"
reference,pass 3,2 server CPUs,pipeline 16,"MSET (10 keys)","422381.72","1.864","0.512","1.751","2.847","3.447","712.191"
valkey-io,pass 3,2 server CPUs,pipeline 16,"SET","1651600.38","0.474","0.040","0.455","0.727","0.935","15.727"
valkey-io,pass 3,2 server CPUs,pipeline 16,"GET","1774068.00","0.442","0.128","0.423","0.695","0.879","12.887"
valkey-io,pass 3,2 server CPUs,pipeline 16,"INCR","1652274.62","0.476","0.096","0.423","0.711","0.879","794.111"
valkey-io,pass 3,2 server CPUs,pipeline 16,"LPUSH","1927289.25","0.410","0.024","0.391","0.663","0.807","11.959"
valkey-io,pass 3,2 server CPUs,pipeline 16,"RPOP","1767084.12","0.443","0.064","0.407","0.687","0.839","793.599"
valkey-io,pass 3,2 server CPUs,pipeline 16,"SADD","1860721.88","0.419","0.112","0.399","0.663","0.831","8.719"
valkey-io,pass 3,2 server CPUs,pipeline 16,"HSET","1517238.12","0.515","0.160","0.463","0.639","0.951","795.135"
valkey-io,pass 3,2 server CPUs,pipeline 16,"ZADD","725253.94","1.089","0.280","1.031","1.775","2.191","20.575"
valkey-io,pass 3,2 server CPUs,pipeline 16,"LRANGE_100 (first 100 elements)","317678.56","2.430","0.584","2.319","3.023","3.431","797.183"
valkey-io,pass 3,2 server CPUs,pipeline 16,"MSET (10 keys)","451598.97","1.675","0.336","1.823","2.263","2.527","15.087"
dragonfly-2,pass 3,2 server CPUs,pipeline 16,"SET","1484454.25","0.529","0.088","0.487","0.679","0.847","798.207"
dragonfly-2,pass 3,2 server CPUs,pipeline 16,"GET","1695276.50","0.458","0.080","0.439","0.687","0.791","11.391"
dragonfly-2,pass 3,2 server CPUs,pipeline 16,"INCR","1520145.25","0.519","0.088","0.471","0.679","0.839","797.695"
dragonfly-2,pass 3,2 server CPUs,pipeline 16,"LPUSH","1436347.25","0.552","0.144","0.535","0.951","1.135","13.359"
dragonfly-2,pass 3,2 server CPUs,pipeline 16,"RPOP","1669872.50","0.472","0.112","0.479","0.719","0.903","791.551"
dragonfly-2,pass 3,2 server CPUs,pipeline 16,"SADD","1525491.50","0.515","0.104","0.559","0.831","1.023","10.319"
dragonfly-2,pass 3,2 server CPUs,pipeline 16,"HSET","1356459.75","0.581","0.112","0.583","0.935","1.143","780.287"
dragonfly-2,pass 3,2 server CPUs,pipeline 16,"ZADD","1104512.88","0.703","0.152","0.343","1.223","9.079","76.479"
dragonfly-2,pass 3,2 server CPUs,pipeline 16,"LRANGE_100 (first 100 elements)","223234.50","3.386","0.352","2.591","3.935","26.831","1018.367"
dragonfly-2,pass 3,2 server CPUs,pipeline 16,"MSET (10 keys)","353726.28","2.241","0.224","2.183","2.503","2.679","827.903"
garnet-2,pass 3,2 server CPUs,pipeline 16,"SET","2153122.50","0.363","0.008","0.303","0.487","0.983","823.295"
garnet-2,pass 3,2 server CPUs,pipeline 16,"GET","2461047.50","0.311","0.000","0.303","0.479","0.767","8.079"
garnet-2,pass 3,2 server CPUs,pipeline 16,"INCR","2311983.50","0.334","0.008","0.327","0.415","0.687","13.119"
garnet-2,pass 3,2 server CPUs,pipeline 16,"LPUSH","1764873.88","0.446","0.008","0.407","0.503","0.687","821.247"
garnet-2,pass 3,2 server CPUs,pipeline 16,"RPOP","2004040.12","0.391","0.000","0.383","0.535","0.663","15.303"
garnet-2,pass 3,2 server CPUs,pipeline 16,"SADD","1612489.25","0.483","0.008","0.423","0.599","0.855","829.439"
garnet-2,pass 3,2 server CPUs,pipeline 16,"HSET","1692050.12","0.466","0.008","0.447","0.639","0.887","49.279"
garnet-2,pass 3,2 server CPUs,pipeline 16,"ZADD","522097.06","1.522","0.040","1.447","1.759","1.999","820.735"
garnet-2,pass 3,2 server CPUs,pipeline 16,"LRANGE_100 (first 100 elements)","1448016.38","0.494","0.024","0.455","0.815","1.439","17.743"
garnet-2,pass 3,2 server CPUs,pipeline 16,"MSET (10 keys)","833472.00","0.937","0.024","1.007","1.631","1.975","821.759"
firn-2,pass 3,2 server CPUs,pipeline 16,"SET","3166209.00","0.245","0.024","0.223","0.359","0.431","10.215"
firn-2,pass 3,2 server CPUs,pipeline 16,"GET","3317473.50","0.229","0.008","0.231","0.359","0.399","6.959"
firn-2,pass 3,2 server CPUs,pipeline 16,"INCR","3179314.50","0.243","0.016","0.247","0.311","0.375","9.975"
firn-2,pass 3,2 server CPUs,pipeline 16,"LPUSH","3024597.00","0.257","0.024","0.223","0.383","0.439","837.119"
firn-2,pass 3,2 server CPUs,pipeline 16,"RPOP","3807957.00","0.202","0.008","0.199","0.255","0.311","13.431"
firn-2,pass 3,2 server CPUs,pipeline 16,"SADD","2933962.25","0.267","0.024","0.271","0.383","0.439","81.151"
firn-2,pass 3,2 server CPUs,pipeline 16,"HSET","2625418.00","0.295","0.024","0.295","0.399","0.471","26.911"
firn-2,pass 3,2 server CPUs,pipeline 16,"ZADD","1024094.06","0.768","0.024","0.703","0.911","1.199","901.119"
firn-2,pass 3,2 server CPUs,pipeline 16,"LRANGE_100 (first 100 elements)","1369517.00","0.532","0.048","0.511","0.935","1.063","20.015"
firn-2,pass 3,2 server CPUs,pipeline 16,"MSET (10 keys)","1245538.38","0.627","0.088","0.599","0.959","1.071","7.367"
firn-base-2,pass 3,2 server CPUs,pipeline 16,"SET","2422880.50","0.324","0.040","0.279","0.391","0.447","842.751"
firn-base-2,pass 3,2 server CPUs,pipeline 16,"GET","2725321.25","0.282","0.024","0.279","0.335","0.399","10.343"
firn-base-2,pass 3,2 server CPUs,pipeline 16,"INCR","2543027.75","0.305","0.016","0.311","0.535","0.575","20.927"
firn-base-2,pass 3,2 server CPUs,pipeline 16,"LPUSH","2719891.50","0.289","0.000","0.279","0.455","0.519","106.815"
firn-base-2,pass 3,2 server CPUs,pipeline 16,"RPOP","3134858.25","0.248","0.000","0.223","0.383","0.423","897.023"
firn-base-2,pass 3,2 server CPUs,pipeline 16,"SADD","2724932.00","0.282","0.016","0.279","0.439","0.487","76.543"
firn-base-2,pass 3,2 server CPUs,pipeline 16,"HSET","2456462.25","0.313","0.008","0.319","0.431","0.487","29.759"
firn-base-2,pass 3,2 server CPUs,pipeline 16,"ZADD","1005229.81","0.789","0.032","0.743","1.207","1.343","887.807"
firn-base-2,pass 3,2 server CPUs,pipeline 16,"LRANGE_100 (first 100 elements)","1490740.38","0.486","0.056","0.487","0.575","0.647","7.199"
firn-base-2,pass 3,2 server CPUs,pipeline 16,"MSET (10 keys)","896169.38","0.875","0.056","0.879","1.231","1.391","17.711"
verify-suite,reference,20 tests
verify-suite,valkey-io,20 tests
verify-suite,dragonfly-4,20 tests
verify-suite,garnet-4,20 tests
verify-suite,firn-4,20 tests
verify-suite,firn-base-4,20 tests
pilot,reference,16,set,1059595.75
pilot,reference,16,get,1059595.75
pilot,reference,16,incr,1055404.25
pilot,reference,16,lpush,1059595.75
pilot,reference,16,rpop,1059595.75
pilot,reference,16,sadd,1059595.75
pilot,reference,16,hset,1055404.25
pilot,reference,16,zadd,635419.50
pilot,reference,16,lrange_100,317462.94
pilot,reference,16,mset,397612.78
pilot,firn-4,16,set,3162008.25
pilot,firn-4,16,get,3174566.00
pilot,firn-4,16,incr,3162008.25
pilot,firn-4,16,lpush,3174566.00
pilot,firn-4,16,rpop,3174566.00
pilot,firn-4,16,sadd,3174566.00
pilot,firn-4,16,hset,3174566.00
pilot,firn-4,16,zadd,1058188.50
pilot,firn-4,16,lrange_100,1065246.38
pilot,firn-4,16,mset,1059595.75
reference,pass 1,4 server CPUs,pipeline 16,"SET","1203810.62","0.657","0.056","0.623","0.791","1.151","988.159"
reference,pass 1,4 server CPUs,pipeline 16,"GET","1316428.25","0.600","0.128","0.567","0.719","1.039","913.407"
reference,pass 1,4 server CPUs,pipeline 16,"INCR","1264045.38","0.628","0.056","0.599","0.743","1.095","991.231"
reference,pass 1,4 server CPUs,pipeline 16,"LPUSH","1386122.38","0.570","0.048","0.543","0.679","0.991","960.511"
reference,pass 1,4 server CPUs,pipeline 16,"RPOP","1374320.88","0.576","0.080","0.543","0.687","1.015","945.663"
reference,pass 1,4 server CPUs,pipeline 16,"SADD","1359266.50","0.579","0.008","0.567","0.711","1.047","42.047"
reference,pass 1,4 server CPUs,pipeline 16,"HSET","1219189.62","0.650","0.080","0.615","0.775","1.151","967.167"
reference,pass 1,4 server CPUs,pipeline 16,"ZADD","611670.12","1.300","0.088","1.199","1.711","2.303","970.239"
reference,pass 1,4 server CPUs,pipeline 16,"LRANGE_100 (first 100 elements)","317754.84","2.447","0.360","2.103","3.511","3.775","902.655"
reference,pass 1,4 server CPUs,pipeline 16,"MSET (10 keys)","419572.75","1.880","0.304","1.751","2.847","3.399","1008.639"
valkey-io,pass 1,4 server CPUs,pipeline 16,"SET","1971942.12","0.383","0.096","0.383","0.535","0.719","978.943"
valkey-io,pass 1,4 server CPUs,pipeline 16,"GET","2342709.50","0.317","0.096","0.343","0.463","0.607","5.927"
valkey-io,pass 1,4 server CPUs,pipeline 16,"INCR","2166996.75","0.345","0.080","0.359","0.471","0.615","997.887"
valkey-io,pass 1,4 server CPUs,pipeline 16,"LPUSH","2537792.25","0.297","0.056","0.335","0.423","0.575","8.503"
valkey-io,pass 1,4 server CPUs,pipeline 16,"RPOP","2328960.00","0.324","0.048","0.343","0.431","0.599","845.823"
valkey-io,pass 1,4 server CPUs,pipeline 16,"SADD","2496219.25","0.295","0.072","0.327","0.415","0.551","16.991"
valkey-io,pass 1,4 server CPUs,pipeline 16,"HSET","2010173.62","0.372","0.104","0.391","0.519","0.663","938.495"
valkey-io,pass 1,4 server CPUs,pipeline 16,"ZADD","804706.75","0.952","0.152","1.023","1.423","1.671","6.239"
valkey-io,pass 1,4 server CPUs,pipeline 16,"LRANGE_100 (first 100 elements)","327575.03","2.318","0.128","2.239","2.999","3.199","942.079"
valkey-io,pass 1,4 server CPUs,pipeline 16,"MSET (10 keys)","454355.97","1.614","0.224","1.591","1.911","2.135","942.079"
dragonfly-4,pass 1,4 server CPUs,pipeline 16,"SET","2917207.00","0.265","0.048","0.263","0.351","0.423","22.479"
dragonfly-4,pass 1,4 server CPUs,pipeline 16,"GET","3173509.00","0.242","0.048","0.239","0.327","0.399","3.599"
dragonfly-4,pass 1,4 server CPUs,pipeline 16,"INCR","2770250.00","0.279","0.032","0.255","0.351","0.431","943.103"
dragonfly-4,pass 1,4 server CPUs,pipeline 16,"LPUSH","1730009.00","0.453","0.048","0.479","0.911","1.455","4.391"
dragonfly-4,pass 1,4 server CPUs,pipeline 16,"RPOP","2315511.75","0.337","0.048","0.191","0.607","1.279","940.543"
dragonfly-4,pass 1,4 server CPUs,pipeline 16,"SADD","2273230.75","0.339","0.040","0.207","0.687","1.727","18.111"
dragonfly-4,pass 1,4 server CPUs,pipeline 16,"HSET","1775319.25","0.436","0.032","0.399","0.959","1.703","943.103"
dragonfly-4,pass 1,4 server CPUs,pipeline 16,"ZADD","909683.50","0.783","0.048","0.767","1.743","2.487","5.479"
dragonfly-4,pass 1,4 server CPUs,pipeline 16,"LRANGE_100 (first 100 elements)","244551.66","3.164","0.200","2.463","3.783","25.135","1007.615"
dragonfly-4,pass 1,4 server CPUs,pipeline 16,"MSET (10 keys)","475617.28","1.666","0.192","1.599","1.863","2.015","943.615"
garnet-4,pass 1,4 server CPUs,pipeline 16,"SET","4334983.50","0.169","0.008","0.151","0.287","0.655","13.655"
garnet-4,pass 1,4 server CPUs,pipeline 16,"GET","3746906.75","0.197","0.008","0.167","0.255","0.383","913.919"
garnet-4,pass 1,4 server CPUs,pipeline 16,"INCR","4462438.00","0.167","0.000","0.159","0.255","0.367","12.207"
garnet-4,pass 1,4 server CPUs,pipeline 16,"LPUSH","2672006.75","0.293","0.008","0.271","0.383","0.527","251.519"
garnet-4,pass 1,4 server CPUs,pipeline 16,"RPOP","2922949.50","0.266","0.008","0.239","0.359","0.455","1029.119"
garnet-4,pass 1,4 server CPUs,pipeline 16,"SADD","2820792.25","0.276","0.008","0.263","0.391","0.487","142.463"
garnet-4,pass 1,4 server CPUs,pipeline 16,"HSET","2508217.00","0.311","0.008","0.279","0.407","0.527","932.863"
garnet-4,pass 1,4 server CPUs,pipeline 16,"ZADD","533899.75","1.484","0.056","1.455","1.847","2.079","67.391"
garnet-4,pass 1,4 server CPUs,pipeline 16,"LRANGE_100 (first 100 elements)","2690017.00","0.185","0.016","0.159","0.391","0.839","4.687"
garnet-4,pass 1,4 server CPUs,pipeline 16,"MSET (10 keys)","1036871.25","0.575","0.024","0.535","1.143","1.751","16.847"
firn-4,pass 1,4 server CPUs,pipeline 16,"SET","6320858.50","0.088","0.000","0.079","0.175","0.239","28.063"
firn-4,pass 1,4 server CPUs,pipeline 16,"GET","6348075.50","0.085","0.000","0.079","0.175","0.239","4.031"
firn-4,pass 1,4 server CPUs,pipeline 16,"INCR","5461942.00","0.102","0.000","0.087","0.175","0.231","945.663"
firn-4,pass 1,4 server CPUs,pipeline 16,"LPUSH","5077276.00","0.147","0.008","0.143","0.215","0.263","110.271"
firn-4,pass 1,4 server CPUs,pipeline 16,"RPOP","6093218.50","0.120","0.000","0.119","0.175","0.215","4.639"
firn-4,pass 1,4 server CPUs,pipeline 16,"SADD","4117466.50","0.183","0.008","0.183","0.279","0.343","134.783"
firn-4,pass 1,4 server CPUs,pipeline 16,"HSET","3555277.50","0.216","0.008","0.191","0.311","0.423","962.559"
firn-4,pass 1,4 server CPUs,pipeline 16,"ZADD","1126532.25","0.698","0.032","0.551","1.687","2.159","10.487"
firn-4,pass 1,4 server CPUs,pipeline 16,"LRANGE_100 (first 100 elements)","1547948.62","0.445","0.016","0.399","0.895","1.183","4.367"
firn-4,pass 1,4 server CPUs,pipeline 16,"MSET (10 keys)","1243414.12","0.626","0.040","0.567","0.775","0.927","971.775"
firn-base-4,pass 1,4 server CPUs,pipeline 16,"SET","4214607.50","0.178","0.008","0.175","0.231","0.287","27.295"
firn-base-4,pass 1,4 server CPUs,pipeline 16,"GET","4480160.00","0.164","0.008","0.167","0.231","0.287","5.575"
firn-base-4,pass 1,4 server CPUs,pipeline 16,"INCR","4100736.00","0.185","0.016","0.183","0.271","0.319","20.175"
firn-base-4,pass 1,4 server CPUs,pipeline 16,"LPUSH","3924871.00","0.194","0.008","0.167","0.255","0.311","952.831"
firn-base-4,pass 1,4 server CPUs,pipeline 16,"RPOP","4760660.00","0.160","0.000","0.159","0.231","0.279","10.903"
firn-base-4,pass 1,4 server CPUs,pipeline 16,"SADD","4480687.00","0.169","0.008","0.167","0.239","0.287","44.927"
firn-base-4,pass 1,4 server CPUs,pipeline 16,"HSET","4231345.00","0.181","0.008","0.175","0.263","0.319","6.999"
firn-base-4,pass 1,4 server CPUs,pipeline 16,"ZADD","1184761.25","0.667","0.056","0.591","0.927","1.255","961.023"
firn-base-4,pass 1,4 server CPUs,pipeline 16,"LRANGE_100 (first 100 elements)","1825094.12","0.340","0.040","0.335","0.511","0.623","3.895"
firn-base-4,pass 1,4 server CPUs,pipeline 16,"MSET (10 keys)","1104608.88","0.705","0.064","0.671","1.111","1.519","7.463"
reference,pass 2,4 server CPUs,pipeline 16,"SET","1195052.50","0.663","0.072","0.631","0.791","1.159","969.727"
reference,pass 2,4 server CPUs,pipeline 16,"GET","1291480.50","0.613","0.080","0.583","0.735","1.055","973.823"
reference,pass 2,4 server CPUs,pipeline 16,"INCR","1274489.88","0.623","0.016","0.591","0.743","1.071","997.375"
reference,pass 2,4 server CPUs,pipeline 16,"LPUSH","1396181.00","0.567","0.032","0.535","0.679","0.975","1011.711"
reference,pass 2,4 server CPUs,pipeline 16,"RPOP","1361014.62","0.581","0.040","0.551","0.695","1.007","965.631"
reference,pass 2,4 server CPUs,pipeline 16,"SADD","1299321.25","0.608","0.024","0.575","0.719","1.047","1046.015"
reference,pass 2,4 server CPUs,pipeline 16,"HSET","1197008.62","0.659","0.152","0.623","0.783","1.159","1040.383"
reference,pass 2,4 server CPUs,pipeline 16,"ZADD","649926.94","1.221","0.192","1.183","1.679","2.263","19.087"
reference,pass 2,4 server CPUs,pipeline 16,"LRANGE_100 (first 100 elements)","314324.78","2.469","0.288","2.455","3.479","3.751","1090.559"
reference,pass 2,4 server CPUs,pipeline 16,"MSET (10 keys)","422290.00","1.867","0.336","1.743","2.815","3.359","1060.863"
valkey-io,pass 2,4 server CPUs,pipeline 16,"SET","2197747.75","0.339","0.072","0.375","0.487","0.631","9.511"
valkey-io,pass 2,4 server CPUs,pipeline 16,"GET","2198580.25","0.336","0.072","0.351","0.463","0.599","1067.007"
valkey-io,pass 2,4 server CPUs,pipeline 16,"INCR","2369877.75","0.317","0.072","0.351","0.455","0.591","3.127"
valkey-io,pass 2,4 server CPUs,pipeline 16,"LPUSH","2333954.00","0.324","0.040","0.335","0.439","0.607","1061.887"
valkey-io,pass 2,4 server CPUs,pipeline 16,"RPOP","2537961.25","0.296","0.056","0.335","0.415","0.567","8.015"
valkey-io,pass 2,4 server CPUs,pipeline 16,"SADD","2408471.75","0.310","0.064","0.319","0.407","0.543","1058.815"
valkey-io,pass 2,4 server CPUs,pipeline 16,"HSET","2206859.00","0.342","0.096","0.375","0.487","0.655","3.711"
valkey-io,pass 2,4 server CPUs,pipeline 16,"ZADD","754367.75","1.015","0.104","1.015","1.423","1.719","1058.815"
valkey-io,pass 2,4 server CPUs,pipeline 16,"LRANGE_100 (first 100 elements)","328923.66","2.317","0.104","2.231","2.983","3.159","1035.775"
valkey-io,pass 2,4 server CPUs,pipeline 16,"MSET (10 keys)","460510.38","1.599","0.328","1.567","1.879","2.167","1068.031"
dragonfly-4,pass 2,4 server CPUs,pipeline 16,"SET","2917655.75","0.263","0.040","0.255","0.351","0.423","28.655"
dragonfly-4,pass 2,4 server CPUs,pipeline 16,"GET","2885095.25","0.268","0.040","0.247","0.327","0.391","951.295"
dragonfly-4,pass 2,4 server CPUs,pipeline 16,"INCR","2917880.00","0.267","0.032","0.263","0.359","0.423","3.383"
dragonfly-4,pass 2,4 server CPUs,pipeline 16,"LPUSH","1673025.88","0.468","0.032","0.471","0.903","1.495","1005.567"
dragonfly-4,pass 2,4 server CPUs,pipeline 16,"RPOP","2496219.25","0.311","0.048","0.191","0.583","1.239","24.911"
dragonfly-4,pass 2,4 server CPUs,pipeline 16,"SADD","2143288.00","0.361","0.040","0.207","0.687","1.831","1017.855"
dragonfly-4,pass 2,4 server CPUs,pipeline 16,"HSET","1879925.00","0.410","0.032","0.375","0.943","1.775","9.311"
dragonfly-4,pass 2,4 server CPUs,pipeline 16,"ZADD","938041.81","0.826","0.056","0.751","1.703","2.415","1021.439"
dragonfly-4,pass 2,4 server CPUs,pipeline 16,"LRANGE_100 (first 100 elements)","245307.23","3.154","0.408","2.455","3.767","25.023","1092.607"
dragonfly-4,pass 2,4 server CPUs,pipeline 16,"MSET (10 keys)","478787.22","1.651","0.224","1.583","1.823","1.951","1019.391"
garnet-4,pass 2,4 server CPUs,pipeline 16,"SET","3880559.75","0.188","0.000","0.151","0.271","0.663","1021.439"
garnet-4,pass 2,4 server CPUs,pipeline 16,"GET","4913556.00","0.141","0.000","0.135","0.255","0.359","24.367"
garnet-4,pass 2,4 server CPUs,pipeline 16,"INCR","4462438.00","0.162","0.008","0.151","0.231","0.367","27.935"
garnet-4,pass 2,4 server CPUs,pipeline 16,"LPUSH","2494258.00","0.309","0.008","0.263","0.407","0.559","1017.855"
garnet-4,pass 2,4 server CPUs,pipeline 16,"RPOP","3311439.50","0.232","0.000","0.223","0.375","0.495","47.871"
garnet-4,pass 2,4 server CPUs,pipeline 16,"SADD","2873994.75","0.268","0.008","0.255","0.407","0.519","135.935"
garnet-4,pass 2,4 server CPUs,pipeline 16,"HSET","2579550.50","0.303","0.008","0.271","0.423","0.559","1011.711"
garnet-4,pass 2,4 server CPUs,pipeline 16,"ZADD","533877.31","1.479","0.048","1.447","1.871","2.231","75.775"
garnet-4,pass 2,4 server CPUs,pipeline 16,"LRANGE_100 (first 100 elements)","2838765.50","0.154","0.016","0.119","0.383","0.727","8.575"
garnet-4,pass 2,4 server CPUs,pipeline 16,"MSET (10 keys)","1080944.75","0.558","0.024","0.519","1.111","1.719","21.295"
firn-4,pass 2,4 server CPUs,pipeline 16,"SET","6320858.50","0.091","0.000","0.087","0.183","0.287","33.663"
firn-4,pass 2,4 server CPUs,pipeline 16,"GET","6345960.50","0.089","0.000","0.079","0.183","0.279","18.527"
firn-4,pass 2,4 server CPUs,pipeline 16,"INCR","5416718.50","0.110","0.000","0.087","0.183","0.271","1003.519"
firn-4,pass 2,4 server CPUs,pipeline 16,"LPUSH","5077276.00","0.148","0.000","0.143","0.223","0.287","106.175"
firn-4,pass 2,4 server CPUs,pipeline 16,"RPOP","6093218.50","0.119","0.000","0.119","0.167","0.215","7.583"
firn-4,pass 2,4 server CPUs,pipeline 16,"SADD","4231345.00","0.181","0.016","0.175","0.263","0.327","113.215"
firn-4,pass 2,4 server CPUs,pipeline 16,"HSET","3471368.75","0.221","0.008","0.191","0.335","0.423","971.263"
firn-4,pass 2,4 server CPUs,pipeline 16,"ZADD","1126632.25","0.700","0.032","0.559","1.647","2.135","8.623"
firn-4,pass 2,4 server CPUs,pipeline 16,"LRANGE_100 (first 100 elements)","1502287.00","0.450","0.024","0.407","0.903","1.191","5.119"
firn-4,pass 2,4 server CPUs,pipeline 16,"MSET (10 keys)","1267838.38","0.612","0.032","0.519","0.967","1.551","1022.463"
firn-base-4,pass 2,4 server CPUs,pipeline 16,"SET","4334983.50","0.172","0.000","0.175","0.239","0.303","19.599"
firn-base-4,pass 2,4 server CPUs,pipeline 16,"GET","4760065.00","0.154","0.008","0.151","0.231","0.279","1.951"
firn-base-4,pass 2,4 server CPUs,pipeline 16,"INCR","3992856.00","0.190","0.016","0.191","0.287","0.335","20.863"
firn-base-4,pass 2,4 server CPUs,pipeline 16,"LPUSH","3779246.00","0.201","0.008","0.175","0.247","0.319","1077.247"
firn-base-4,pass 2,4 server CPUs,pipeline 16,"RPOP","4760065.00","0.159","0.000","0.159","0.247","0.303","8.367"
firn-base-4,pass 2,4 server CPUs,pipeline 16,"SADD","4615873.00","0.161","0.000","0.159","0.215","0.271","40.351"
firn-base-4,pass 2,4 server CPUs,pipeline 16,"HSET","3799601.00","0.201","0.016","0.183","0.255","0.319","1022.975"
firn-base-4,pass 2,4 server CPUs,pipeline 16,"ZADD","1268685.38","0.612","0.008","0.591","0.959","1.271","6.015"
firn-base-4,pass 2,4 server CPUs,pipeline 16,"LRANGE_100 (first 100 elements)","1892650.25","0.337","0.032","0.335","0.511","0.623","2.327"
firn-base-4,pass 2,4 server CPUs,pipeline 16,"MSET (10 keys)","1129232.00","0.698","0.080","0.663","1.167","1.543","4.359"
reference,pass 3,4 server CPUs,pipeline 16,"SET","1241911.25","0.635","0.072","0.599","0.783","1.127","1026.047"
reference,pass 3,4 server CPUs,pipeline 16,"GET","1333664.75","0.592","0.064","0.559","0.695","1.023","1040.895"
reference,pass 3,4 server CPUs,pipeline 16,"INCR","1305940.88","0.603","0.024","0.567","0.727","1.055","1033.215"
reference,pass 3,4 server CPUs,pipeline 16,"LPUSH","1395107.38","0.567","0.048","0.535","0.695","0.983","1033.215"
reference,pass 3,4 server CPUs,pipeline 16,"RPOP","1357813.00","0.580","0.008","0.543","0.695","1.007","1032.191"
reference,pass 3,4 server CPUs,pipeline 16,"SADD","1310946.75","0.605","0.048","0.575","0.727","1.055","1036.287"
reference,pass 3,4 server CPUs,pipeline 16,"HSET","1245986.75","0.633","0.072","0.599","0.767","1.111","1043.455"
reference,pass 3,4 server CPUs,pipeline 16,"ZADD","649960.19","1.215","0.160","1.167","1.735","2.247","30.319"
reference,pass 3,4 server CPUs,pipeline 16,"LRANGE_100 (first 100 elements)","312038.28","2.498","0.120","2.183","3.471","3.743","1084.415"
reference,pass 3,4 server CPUs,pipeline 16,"MSET (10 keys)","426139.56","1.846","0.304","1.703","2.775","3.295","1042.431"
valkey-io,pass 3,4 server CPUs,pipeline 16,"SET","2135651.00","0.354","0.064","0.383","0.527","0.703","9.063"
valkey-io,pass 3,4 server CPUs,pipeline 16,"GET","2260148.50","0.333","0.064","0.343","0.455","0.607","1095.679"
valkey-io,pass 3,4 server CPUs,pipeline 16,"INCR","2369729.75","0.313","0.064","0.343","0.455","0.607","5.343"
valkey-io,pass 3,4 server CPUs,pipeline 16,"LPUSH","2332953.50","0.326","0.032","0.327","0.447","0.615","1070.079"
valkey-io,pass 3,4 server CPUs,pipeline 16,"RPOP","2455669.50","0.308","0.048","0.343","0.439","0.615","4.319"
valkey-io,pass 3,4 server CPUs,pipeline 16,"SADD","2326115.75","0.318","0.064","0.327","0.431","0.591","1119.231"
valkey-io,pass 3,4 server CPUs,pipeline 16,"HSET","2114850.25","0.354","0.080","0.383","0.527","0.695","10.439"
valkey-io,pass 3,4 server CPUs,pipeline 16,"ZADD","773907.31","0.999","0.120","0.983","1.415","1.679","1135.615"
valkey-io,pass 3,4 server CPUs,pipeline 16,"LRANGE_100 (first 100 elements)","332266.59","2.284","0.136","2.199","2.967","3.199","1142.783"
valkey-io,pass 3,4 server CPUs,pipeline 16,"MSET (10 keys)","462975.22","1.555","0.248","1.543","1.847","2.119","1171.455"
dragonfly-4,pass 3,4 server CPUs,pipeline 16,"SET","2917655.75","0.268","0.040","0.263","0.351","0.431","39.455"
dragonfly-4,pass 3,4 server CPUs,pipeline 16,"GET","3173509.00","0.241","0.032","0.239","0.319","0.391","5.239"
dragonfly-4,pass 3,4 server CPUs,pipeline 16,"INCR","2733134.75","0.280","0.032","0.255","0.343","0.423","1128.447"
dragonfly-4,pass 3,4 server CPUs,pipeline 16,"LPUSH","1663455.75","0.473","0.040","0.479","0.895","1.471","1134.591"
dragonfly-4,pass 3,4 server CPUs,pipeline 16,"RPOP","2456461.00","0.317","0.032","0.191","0.591","1.175","21.775"
dragonfly-4,pass 3,4 server CPUs,pipeline 16,"SADD","2101782.00","0.371","0.040","0.215","0.695","1.767","1119.231"
dragonfly-4,pass 3,4 server CPUs,pipeline 16,"HSET","1857014.75","0.418","0.040","0.399","0.943","1.735","7.831"
dragonfly-4,pass 3,4 server CPUs,pipeline 16,"ZADD","913084.94","0.840","0.056","0.751","1.711","2.391","1140.735"
dragonfly-4,pass 3,4 server CPUs,pipeline 16,"LRANGE_100 (first 100 elements)","244570.39","3.153","0.176","2.447","3.767","24.911","1255.423"
dragonfly-4,pass 3,4 server CPUs,pipeline 16,"MSET (10 keys)","476991.12","1.652","0.232","1.575","1.823","1.959","1121.279"
garnet-4,pass 3,4 server CPUs,pipeline 16,"SET","4597057.50","0.154","0.008","0.143","0.247","0.535","15.759"
garnet-4,pass 3,4 server CPUs,pipeline 16,"GET","3855749.00","0.189","0.008","0.159","0.231","0.335","1127.423"
garnet-4,pass 3,4 server CPUs,pipeline 16,"INCR","4597614.50","0.161","0.008","0.151","0.223","0.351","13.055"
garnet-4,pass 3,4 server CPUs,pipeline 16,"LPUSH","2719503.00","0.288","0.008","0.271","0.359","0.511","261.887"
garnet-4,pass 3,4 server CPUs,pipeline 16,"RPOP","3074889.00","0.253","0.000","0.223","0.343","0.447","1135.615"
garnet-4,pass 3,4 server CPUs,pipeline 16,"SADD","2986656.25","0.259","0.008","0.247","0.383","0.503","132.863"
garnet-4,pass 3,4 server CPUs,pipeline 16,"HSET","2599972.50","0.298","0.008","0.255","0.423","0.559","1147.903"
garnet-4,pass 3,4 server CPUs,pipeline 16,"ZADD","551283.81","1.443","0.048","1.407","1.855","2.175","64.159"
garnet-4,pass 3,4 server CPUs,pipeline 16,"LRANGE_100 (first 100 elements)","2093508.00","0.242","0.016","0.159","0.487","1.087","1105.919"
garnet-4,pass 3,4 server CPUs,pipeline 16,"MSET (10 keys)","1015992.94","0.571","0.024","0.519","1.295","1.695","15.471"
firn-4,pass 3,4 server CPUs,pipeline 16,"SET","6321911.50","0.091","0.000","0.079","0.183","0.271","38.783"
firn-4,pass 3,4 server CPUs,pipeline 16,"GET","6347018.00","0.089","0.000","0.079","0.183","0.279","24.111"
firn-4,pass 3,4 server CPUs,pipeline 16,"INCR","5161059.50","0.117","0.000","0.087","0.183","0.279","1100.799"
firn-4,pass 3,4 server CPUs,pipeline 16,"LPUSH","5076599.00","0.148","0.008","0.143","0.207","0.271","111.551"
firn-4,pass 3,4 server CPUs,pipeline 16,"RPOP","6093218.50","0.119","0.008","0.119","0.175","0.215","5.111"
firn-4,pass 3,4 server CPUs,pipeline 16,"SADD","4228057.50","0.178","0.008","0.175","0.271","0.335","35.487"
firn-4,pass 3,4 server CPUs,pipeline 16,"HSET","3352235.00","0.227","0.008","0.199","0.319","0.399","1112.063"
firn-4,pass 3,4 server CPUs,pipeline 16,"ZADD","1126332.38","0.696","0.024","0.367","2.111","2.695","8.903"
firn-4,pass 3,4 server CPUs,pipeline 16,"LRANGE_100 (first 100 elements)","1548323.75","0.443","0.024","0.399","0.895","1.175","4.351"
firn-4,pass 3,4 server CPUs,pipeline 16,"MSET (10 keys)","1200335.25","0.640","0.032","0.431","1.255","1.447","1078.271"
firn-base-4,pass 3,4 server CPUs,pipeline 16,"SET","4214607.50","0.178","0.016","0.175","0.247","0.303","38.175"
firn-base-4,pass 3,4 server CPUs,pipeline 16,"GET","4480687.00","0.164","0.008","0.167","0.231","0.279","4.671"
firn-base-4,pass 3,4 server CPUs,pipeline 16,"INCR","3992436.25","0.189","0.008","0.183","0.263","0.335","21.311"
firn-base-4,pass 3,4 server CPUs,pipeline 16,"LPUSH","3750226.50","0.206","0.008","0.175","0.263","0.327","1155.071"
firn-base-4,pass 3,4 server CPUs,pipeline 16,"RPOP","4760660.00","0.160","0.000","0.159","0.239","0.303","12.743"
firn-base-4,pass 3,4 server CPUs,pipeline 16,"SADD","4480160.00","0.166","0.008","0.159","0.231","0.295","45.503"
firn-base-4,pass 3,4 server CPUs,pipeline 16,"HSET","4117021.50","0.182","0.008","0.183","0.239","0.311","8.103"
firn-base-4,pass 3,4 server CPUs,pipeline 16,"ZADD","1132358.88","0.688","0.032","0.591","0.951","1.279","1207.295"
firn-base-4,pass 3,4 server CPUs,pipeline 16,"LRANGE_100 (first 100 elements)","1824833.62","0.357","0.040","0.343","0.559","0.727","9.967"
firn-base-4,pass 3,4 server CPUs,pipeline 16,"MSET (10 keys)","1081220.38","0.720","0.080","0.679","1.207","1.591","16.911"
verify-suite,reference,20 tests
verify-suite,valkey-io,20 tests
verify-suite,dragonfly-8,20 tests
verify-suite,garnet-8,20 tests
verify-suite,firn-8,20 tests
verify-suite,firn-base-8,20 tests
pilot,reference,16,set,427476.41
pilot,reference,16,get,1056809.62
pilot,reference,16,incr,1061006.62
pilot,reference,16,lpush,1059595.75
pilot,reference,16,rpop,1059595.75
pilot,reference,16,sadd,1059595.75
pilot,reference,16,hset,1059595.75
pilot,reference,16,zadd,632401.62
pilot,reference,16,lrange_100,317716.12
pilot,reference,16,mset,387190.41
pilot,firn-8,16,set,3161968.25
pilot,firn-8,16,get,3174566.00
pilot,firn-8,16,incr,3162008.25
pilot,firn-8,16,lpush,3162008.25
pilot,firn-8,16,rpop,3174566.00
pilot,firn-8,16,sadd,3174566.00
pilot,firn-8,16,hset,3174566.00
pilot,firn-8,16,zadd,795225.56
pilot,firn-8,16,lrange_100,1056809.62
pilot,firn-8,16,mset,1058188.50
reference,pass 1,8 server CPUs,pipeline 16,"SET","1228187.75","0.641","0.048","0.607","0.775","1.135","1102.847"
reference,pass 1,8 server CPUs,pipeline 16,"GET","1318204.75","0.597","0.088","0.559","0.703","1.031","1099.775"
reference,pass 1,8 server CPUs,pipeline 16,"INCR","1325651.12","0.594","0.096","0.559","0.719","1.015","1099.775"
reference,pass 1,8 server CPUs,pipeline 16,"LPUSH","1425559.25","0.554","0.072","0.519","0.679","0.943","1090.559"
reference,pass 1,8 server CPUs,pipeline 16,"RPOP","1450236.00","0.542","0.032","0.535","0.687","0.967","22.783"
reference,pass 1,8 server CPUs,pipeline 16,"SADD","1354433.62","0.584","0.056","0.551","0.695","1.007","1101.823"
reference,pass 1,8 server CPUs,pipeline 16,"HSET","1233040.88","0.643","0.056","0.607","0.767","1.135","1117.183"
reference,pass 1,8 server CPUs,pipeline 16,"ZADD","610734.06","1.282","0.064","1.151","1.719","2.199","1105.919"
reference,pass 1,8 server CPUs,pipeline 16,"LRANGE_100 (first 100 elements)","321667.16","2.413","0.776","2.471","3.367","3.639","1102.847"
reference,pass 1,8 server CPUs,pipeline 16,"MSET (10 keys)","421072.12","1.869","0.288","1.727","2.831","3.351","1108.991"
valkey-io,pass 1,8 server CPUs,pipeline 16,"SET","2105990.50","0.344","0.016","0.319","0.567","0.727","19.503"
valkey-io,pass 1,8 server CPUs,pipeline 16,"GET","2214170.25","0.325","0.016","0.279","0.503","0.647","1196.031"
valkey-io,pass 1,8 server CPUs,pipeline 16,"INCR","2094045.88","0.345","0.016","0.295","0.535","0.687","1108.991"
valkey-io,pass 1,8 server CPUs,pipeline 16,"LPUSH","2407315.75","0.309","0.008","0.279","0.511","0.647","3.535"
valkey-io,pass 1,8 server CPUs,pipeline 16,"RPOP","2210316.25","0.317","0.016","0.287","0.527","0.663","16.007"
valkey-io,pass 1,8 server CPUs,pipeline 16,"SADD","2538130.50","0.277","0.016","0.255","0.471","0.607","4.663"
valkey-io,pass 1,8 server CPUs,pipeline 16,"HSET","1976588.88","0.369","0.016","0.319","0.567","0.727","1261.567"
valkey-io,pass 1,8 server CPUs,pipeline 16,"ZADD","777601.00","0.956","0.056","0.895","1.535","1.919","8.591"
valkey-io,pass 1,8 server CPUs,pipeline 16,"LRANGE_100 (first 100 elements)","317869.66","2.346","0.144","2.175","3.287","3.823","1055.743"
valkey-io,pass 1,8 server CPUs,pipeline 16,"MSET (10 keys)","423501.62","1.702","0.136","1.551","2.495","2.871","1188.863"
dragonfly-8,pass 1,8 server CPUs,pipeline 16,"SET","3700012.75","0.196","0.024","0.175","0.351","0.439","44.095"
dragonfly-8,pass 1,8 server CPUs,pipeline 16,"GET","3430109.75","0.215","0.032","0.183","0.335","0.415","1103.871"
dragonfly-8,pass 1,8 server CPUs,pipeline 16,"INCR","3792894.25","0.194","0.024","0.183","0.343","0.423","3.423"
dragonfly-8,pass 1,8 server CPUs,pipeline 16,"LPUSH","1754884.50","0.439","0.016","0.447","0.647","1.103","1107.967"
dragonfly-8,pass 1,8 server CPUs,pipeline 16,"RPOP","2456302.75","0.312","0.016","0.327","0.599","1.007","6.831"
dragonfly-8,pass 1,8 server CPUs,pipeline 16,"SADD","2069582.25","0.360","0.024","0.343","0.583","1.103","1148.927"
dragonfly-8,pass 1,8 server CPUs,pipeline 16,"HSET","1927484.38","0.390","0.024","0.423","0.615","1.151","3.711"
dragonfly-8,pass 1,8 server CPUs,pipeline 16,"ZADD","911695.81","0.791","0.040","0.751","0.983","3.071","1205.247"
dragonfly-8,pass 1,8 server CPUs,pipeline 16,"LRANGE_100 (first 100 elements)","250984.17","3.098","0.456","2.439","3.511","24.127","1265.663"
dragonfly-8,pass 1,8 server CPUs,pipeline 16,"MSET (10 keys)","449146.59","1.768","0.136","1.687","1.975","2.111","1232.895"
garnet-8,pass 1,8 server CPUs,pipeline 16,"SET","3455389.50","0.189","0.000","0.103","0.695","0.751","1227.775"
garnet-8,pass 1,8 server CPUs,pipeline 16,"GET","4116576.75","0.155","0.008","0.095","0.495","0.783","7.599"
garnet-8,pass 1,8 server CPUs,pipeline 16,"INCR","5618853.00","0.093","0.000","0.071","0.247","0.711","15.775"
garnet-8,pass 1,8 server CPUs,pipeline 16,"LPUSH","2661250.50","0.286","0.008","0.255","0.399","0.647","403.711"
garnet-8,pass 1,8 server CPUs,pipeline 16,"RPOP","2664717.50","0.289","0.008","0.255","0.399","0.551","1292.287"
garnet-8,pass 1,8 server CPUs,pipeline 16,"SADD","2929468.00","0.259","0.008","0.247","0.391","0.527","73.855"
garnet-8,pass 1,8 server CPUs,pipeline 16,"HSET","2499002.75","0.304","0.016","0.263","0.423","0.543","1230.847"
garnet-8,pass 1,8 server CPUs,pipeline 16,"ZADD","529298.38","1.491","0.080","1.383","2.159","2.671","45.087"
garnet-8,pass 1,8 server CPUs,pipeline 16,"LRANGE_100 (first 100 elements)","2196350.50","0.170","0.016","0.119","0.279","0.455","1272.831"
garnet-8,pass 1,8 server CPUs,pipeline 16,"MSET (10 keys)","975439.56","0.492","0.032","0.431","1.055","1.743","6.415"
firn-8,pass 1,8 server CPUs,pipeline 16,"SET","6595451.50","0.068","0.000","0.063","0.143","0.191","33.631"
firn-8,pass 1,8 server CPUs,pipeline 16,"GET","6622879.00","0.068","0.000","0.063","0.143","0.191","4.767"
firn-8,pass 1,8 server CPUs,pipeline 16,"INCR","5728277.50","0.079","0.000","0.063","0.143","0.191","1122.303"
firn-8,pass 1,8 server CPUs,pipeline 16,"LPUSH","5232227.50","0.139","0.000","0.119","0.271","0.359","116.031"
firn-8,pass 1,8 server CPUs,pipeline 16,"RPOP","6347018.00","0.113","0.000","0.095","0.247","0.335","8.559"
firn-8,pass 1,8 server CPUs,pipeline 16,"SADD","4616432.50","0.160","0.008","0.143","0.311","0.423","78.335"
firn-8,pass 1,8 server CPUs,pipeline 16,"HSET","4008713.00","0.185","0.008","0.167","0.375","0.495","35.103"
firn-8,pass 1,8 server CPUs,pipeline 16,"ZADD","911695.81","0.863","0.024","0.679","1.615","2.167","1204.223"
firn-8,pass 1,8 server CPUs,pipeline 16,"LRANGE_100 (first 100 elements)","1408142.25","0.471","0.016","0.415","1.055","1.439","17.551"
firn-8,pass 1,8 server CPUs,pipeline 16,"MSET (10 keys)","1103334.12","0.666","0.024","0.647","1.039","1.255","21.807"
firn-base-8,pass 1,8 server CPUs,pipeline 16,"SET","2339311.50","0.327","0.000","0.287","0.503","0.759","1214.463"
firn-base-8,pass 1,8 server CPUs,pipeline 16,"GET","2820792.25","0.270","0.008","0.255","0.455","0.663","3.503"
firn-base-8,pass 1,8 server CPUs,pipeline 16,"INCR","2304111.75","0.333","0.016","0.295","0.503","0.751","1213.439"
firn-base-8,pass 1,8 server CPUs,pipeline 16,"LPUSH","2408079.75","0.324","0.008","0.295","0.559","0.863","107.455"
firn-base-8,pass 1,8 server CPUs,pipeline 16,"RPOP","2313121.75","0.334","0.000","0.295","0.527","0.831","1213.439"
firn-base-8,pass 1,8 server CPUs,pipeline 16,"SADD","2581823.00","0.296","0.008","0.279","0.487","0.743","57.247"
firn-base-8,pass 1,8 server CPUs,pipeline 16,"HSET","2278260.75","0.338","0.016","0.295","0.503","0.767","1216.511"
firn-base-8,pass 1,8 server CPUs,pipeline 16,"ZADD","977737.69","0.804","0.040","0.727","1.543","2.039","20.383"
firn-base-8,pass 1,8 server CPUs,pipeline 16,"LRANGE_100 (first 100 elements)","1236276.75","0.543","0.032","0.503","0.983","1.479","6.607"
firn-base-8,pass 1,8 server CPUs,pipeline 16,"MSET (10 keys)","716081.44","1.084","0.064","0.927","1.919","2.463","1218.559"
reference,pass 2,8 server CPUs,pipeline 16,"SET","1234260.38","0.642","0.128","0.607","0.759","1.127","1215.487"
reference,pass 2,8 server CPUs,pipeline 16,"GET","1324806.12","0.594","0.104","0.559","0.695","1.023","1214.463"
reference,pass 2,8 server CPUs,pipeline 16,"INCR","1319382.12","0.600","0.096","0.567","0.703","1.031","1235.967"
reference,pass 2,8 server CPUs,pipeline 16,"LPUSH","1486663.50","0.533","0.024","0.519","0.671","0.935","25.087"
reference,pass 2,8 server CPUs,pipeline 16,"RPOP","1382851.75","0.572","0.040","0.535","0.679","0.975","1273.855"
reference,pass 2,8 server CPUs,pipeline 16,"SADD","1335020.12","0.593","0.064","0.559","0.695","1.015","1262.591"
reference,pass 2,8 server CPUs,pipeline 16,"HSET","1230730.50","0.642","0.024","0.599","0.767","1.111","1175.551"
reference,pass 2,8 server CPUs,pipeline 16,"ZADD","668023.81","1.171","0.216","1.135","1.671","2.167","24.303"
reference,pass 2,8 server CPUs,pipeline 16,"LRANGE_100 (first 100 elements)","318364.41","2.441","0.216","2.463","3.399","3.679","1260.543"
reference,pass 2,8 server CPUs,pipeline 16,"MSET (10 keys)","433166.34","1.827","0.296","1.679","2.727","3.183","1267.711"
valkey-io,pass 2,8 server CPUs,pipeline 16,"SET","2077168.25","0.347","0.016","0.319","0.583","0.743","19.983"
valkey-io,pass 2,8 server CPUs,pipeline 16,"GET","2104685.00","0.344","0.016","0.287","0.527","0.679","1340.415"
valkey-io,pass 2,8 server CPUs,pipeline 16,"INCR","2333442.75","0.308","0.016","0.287","0.519","0.671","3.511"
valkey-io,pass 2,8 server CPUs,pipeline 16,"LPUSH","2283726.25","0.327","0.008","0.271","0.487","0.631","1355.775"
valkey-io,pass 2,8 server CPUs,pipeline 16,"RPOP","2378992.00","0.310","0.008","0.279","0.527","0.663","3.119"
valkey-io,pass 2,8 server CPUs,pipeline 16,"SADD","2305561.75","0.306","0.008","0.263","0.479","0.615","1264.639"
valkey-io,pass 2,8 server CPUs,pipeline 16,"HSET","2114968.00","0.340","0.016","0.311","0.567","0.727","3.519"
valkey-io,pass 2,8 server CPUs,pipeline 16,"ZADD","720967.06","1.046","0.040","0.887","1.511","1.903","1217.535"
valkey-io,pass 2,8 server CPUs,pipeline 16,"LRANGE_100 (first 100 elements)","318516.34","2.348","0.120","2.175","3.263","3.767","1229.823"
valkey-io,pass 2,8 server CPUs,pipeline 16,"MSET (10 keys)","419430.97","1.715","0.080","1.551","2.567","2.919","1230.847"
dragonfly-8,pass 2,8 server CPUs,pipeline 16,"SET","3700012.75","0.198","0.032","0.183","0.359","0.439","26.111"
dragonfly-8,pass 2,8 server CPUs,pipeline 16,"GET","3390725.50","0.215","0.024","0.175","0.335","0.415","1232.895"
dragonfly-8,pass 2,8 server CPUs,pipeline 16,"INCR","3793273.00","0.194","0.024","0.175","0.343","0.423","3.639"
dragonfly-8,pass 2,8 server CPUs,pipeline 16,"LPUSH","1764596.12","0.439","0.016","0.439","0.647","1.095","1239.039"
dragonfly-8,pass 2,8 server CPUs,pipeline 16,"RPOP","2456144.50","0.314","0.024","0.327","0.599","1.015","7.383"
dragonfly-8,pass 2,8 server CPUs,pipeline 16,"SADD","2057065.88","0.353","0.016","0.359","0.575","1.079","1259.519"
dragonfly-8,pass 2,8 server CPUs,pipeline 16,"HSET","1927289.25","0.387","0.024","0.423","0.615","1.135","4.431"
dragonfly-8,pass 2,8 server CPUs,pipeline 16,"ZADD","905553.25","0.718","0.040","0.735","0.959","3.055","4.519"
dragonfly-8,pass 2,8 server CPUs,pipeline 16,"LRANGE_100 (first 100 elements)","250394.45","3.109","0.216","2.447","3.519","24.175","1381.375"
dragonfly-8,pass 2,8 server CPUs,pipeline 16,"MSET (10 keys)","444368.41","1.780","0.144","1.695","1.983","2.119","1286.143"
garnet-8,pass 2,8 server CPUs,pipeline 16,"SET","4461857.00","0.132","0.000","0.079","0.407","0.727","36.671"
garnet-8,pass 2,8 server CPUs,pipeline 16,"GET","4013358.75","0.153","0.008","0.087","0.391","0.783","1240.063"
garnet-8,pass 2,8 server CPUs,pipeline 16,"INCR","4597614.50","0.126","0.000","0.079","0.375","0.743","8.263"
garnet-8,pass 2,8 server CPUs,pipeline 16,"LPUSH","2809426.50","0.274","0.008","0.247","0.375","0.591","421.375"
garnet-8,pass 2,8 server CPUs,pipeline 16,"RPOP","2811217.00","0.271","0.008","0.231","0.359","0.495","1298.431"
garnet-8,pass 2,8 server CPUs,pipeline 16,"SADD","3046365.50","0.249","0.008","0.239","0.391","0.519","73.407"
garnet-8,pass 2,8 server CPUs,pipeline 16,"HSET","2873994.75","0.267","0.008","0.255","0.407","0.527","16.591"
garnet-8,pass 2,8 server CPUs,pipeline 16,"ZADD","495134.09","1.595","0.072","1.375","2.151","2.735","1248.255"
garnet-8,pass 2,8 server CPUs,pipeline 16,"LRANGE_100 (first 100 elements)","2981831.25","0.130","0.016","0.111","0.263","0.415","7.919"
garnet-8,pass 2,8 server CPUs,pipeline 16,"MSET (10 keys)","873273.62","0.566","0.024","0.447","1.079","1.775","1272.831"
firn-8,pass 2,8 server CPUs,pipeline 16,"SET","6896334.50","0.067","0.000","0.063","0.143","0.183","28.207"
firn-8,pass 2,8 server CPUs,pipeline 16,"GET","6925068.50","0.066","0.000","0.063","0.135","0.183","20.111"
firn-8,pass 2,8 server CPUs,pipeline 16,"INCR","6596681.50","0.068","0.000","0.063","0.143","0.191","8.303"
firn-8,pass 2,8 server CPUs,pipeline 16,"LPUSH","5418265.50","0.136","0.008","0.119","0.263","0.351","112.703"
firn-8,pass 2,8 server CPUs,pipeline 16,"RPOP","5242885.00","0.136","0.000","0.095","0.239","0.335","1264.639"
firn-8,pass 2,8 server CPUs,pipeline 16,"SADD","4352696.50","0.170","0.008","0.151","0.343","0.463","113.663"
firn-8,pass 2,8 server CPUs,pipeline 16,"HSET","4008713.00","0.185","0.008","0.167","0.375","0.495","8.407"
firn-8,pass 2,8 server CPUs,pipeline 16,"ZADD","1030086.38","0.760","0.016","0.687","1.551","2.039","7.207"
firn-8,pass 2,8 server CPUs,pipeline 16,"LRANGE_100 (first 100 elements)","1407829.38","0.468","0.016","0.407","1.047","1.431","22.095"
firn-8,pass 2,8 server CPUs,pipeline 16,"MSET (10 keys)","1127833.00","0.662","0.024","0.647","1.023","1.231","5.343"
firn-base-8,pass 2,8 server CPUs,pipeline 16,"SET","2509499.50","0.306","0.000","0.263","0.471","0.679","1366.015"
firn-base-8,pass 2,8 server CPUs,pipeline 16,"GET","3046609.25","0.248","0.016","0.231","0.423","0.591","4.455"
firn-base-8,pass 2,8 server CPUs,pipeline 16,"INCR","2758167.75","0.276","0.008","0.263","0.455","0.647","20.655"
firn-base-8,pass 2,8 server CPUs,pipeline 16,"LPUSH","2505885.00","0.304","0.008","0.263","0.479","0.703","1137.663"
firn-base-8,pass 2,8 server CPUs,pipeline 16,"RPOP","2873994.75","0.269","0.008","0.255","0.431","0.623","11.799"
firn-base-8,pass 2,8 server CPUs,pipeline 16,"SADD","2675196.75","0.282","0.008","0.239","0.431","0.631","1235.967"
firn-base-8,pass 2,8 server CPUs,pipeline 16,"HSET","2769523.75","0.275","0.008","0.263","0.447","0.639","20.479"
firn-base-8,pass 2,8 server CPUs,pipeline 16,"ZADD","977737.69","0.801","0.032","0.719","1.527","2.007","37.311"
firn-base-8,pass 2,8 server CPUs,pipeline 16,"LRANGE_100 (first 100 elements)","1299756.88","0.509","0.024","0.471","0.911","1.303","9.823"
firn-base-8,pass 2,8 server CPUs,pipeline 16,"MSET (10 keys)","757156.50","1.012","0.048","0.935","1.927","2.447","6.479"
reference,pass 3,8 server CPUs,pipeline 16,"SET","1232536.38","0.641","0.056","0.607","0.767","1.127","1246.207"
reference,pass 3,8 server CPUs,pipeline 16,"GET","1324115.38","0.596","0.112","0.559","0.703","1.039","1249.279"
reference,pass 3,8 server CPUs,pipeline 16,"INCR","1330672.00","0.594","0.016","0.559","0.703","1.039","1242.111"
reference,pass 3,8 server CPUs,pipeline 16,"LPUSH","1431097.25","0.553","0.024","0.519","0.655","0.943","1242.111"
reference,pass 3,8 server CPUs,pipeline 16,"RPOP","1397051.50","0.566","0.024","0.527","0.679","0.975","1248.255"
reference,pass 3,8 server CPUs,pipeline 16,"SADD","1396795.38","0.566","0.088","0.551","0.703","1.015","13.799"
reference,pass 3,8 server CPUs,pipeline 16,"HSET","1257835.38","0.631","0.120","0.591","0.751","1.095","1260.543"
reference,pass 3,8 server CPUs,pipeline 16,"ZADD","615222.75","1.291","0.048","1.151","1.647","2.191","1233.919"
reference,pass 3,8 server CPUs,pipeline 16,"LRANGE_100 (first 100 elements)","316599.97","2.449","0.176","2.431","3.439","3.703","1223.679"
reference,pass 3,8 server CPUs,pipeline 16,"MSET (10 keys)","423445.09","1.859","0.272","1.711","2.799","3.295","1191.935"
valkey-io,pass 3,8 server CPUs,pipeline 16,"SET","1996928.25","0.363","0.016","0.311","0.559","0.727","1238.015"
valkey-io,pass 3,8 server CPUs,pipeline 16,"GET","2342853.50","0.304","0.016","0.279","0.503","0.655","2.519"
valkey-io,pass 3,8 server CPUs,pipeline 16,"INCR","2163660.25","0.326","0.016","0.287","0.511","0.663","1276.927"
valkey-io,pass 3,8 server CPUs,pipeline 16,"LPUSH","2446428.75","0.302","0.008","0.279","0.503","0.639","3.423"
valkey-io,pass 3,8 server CPUs,pipeline 16,"RPOP","2174981.50","0.345","0.008","0.287","0.527","0.671","1254.399"
valkey-io,pass 3,8 server CPUs,pipeline 16,"SADD","2538299.50","0.277","0.016","0.255","0.463","0.599","9.271"
valkey-io,pass 3,8 server CPUs,pipeline 16,"HSET","1978025.75","0.364","0.016","0.311","0.559","0.727","1247.231"
valkey-io,pass 3,8 server CPUs,pipeline 16,"ZADD","793903.44","0.954","0.040","0.895","1.511","1.919","3.423"
valkey-io,pass 3,8 server CPUs,pipeline 16,"LRANGE_100 (first 100 elements)","320269.91","2.338","0.192","2.175","3.119","3.583","1257.471"
valkey-io,pass 3,8 server CPUs,pipeline 16,"MSET (10 keys)","422360.62","1.694","0.136","1.543","2.479","2.839","1275.903"
dragonfly-8,pass 3,8 server CPUs,pipeline 16,"SET","3215017.00","0.227","0.024","0.183","0.359","0.447","1298.431"
dragonfly-8,pass 3,8 server CPUs,pipeline 16,"GET","3808337.50","0.188","0.024","0.175","0.327","0.407","4.543"
dragonfly-8,pass 3,8 server CPUs,pipeline 16,"INCR","3793273.00","0.193","0.024","0.183","0.343","0.423","3.887"
dragonfly-8,pass 3,8 server CPUs,pipeline 16,"LPUSH","1763530.00","0.441","0.016","0.447","0.647","1.095","1253.375"
dragonfly-8,pass 3,8 server CPUs,pipeline 16,"RPOP","2456302.75","0.315","0.024","0.327","0.599","1.023","6.191"
dragonfly-8,pass 3,8 server CPUs,pipeline 16,"SADD","2084302.62","0.359","0.016","0.343","0.575","1.087","1268.735"
dragonfly-8,pass 3,8 server CPUs,pipeline 16,"HSET","1811536.50","0.413","0.024","0.423","0.607","1.135","1266.687"
dragonfly-8,pass 3,8 server CPUs,pipeline 16,"ZADD","1030308.75","0.718","0.040","0.735","0.967","3.015","4.407"
dragonfly-8,pass 3,8 server CPUs,pipeline 16,"LRANGE_100 (first 100 elements)","244241.05","3.185","0.384","2.447","3.519","24.255","1367.039"
dragonfly-8,pass 3,8 server CPUs,pipeline 16,"MSET (10 keys)","465274.53","1.703","0.184","1.695","1.983","2.127","21.055"
garnet-8,pass 3,8 server CPUs,pipeline 16,"SET","4105120.75","0.133","0.008","0.079","0.367","0.727","1240.063"
garnet-8,pass 3,8 server CPUs,pipeline 16,"GET","5439783.00","0.091","0.008","0.071","0.223","0.591","14.087"
garnet-8,pass 3,8 server CPUs,pipeline 16,"INCR","5619685.00","0.087","0.000","0.071","0.207","0.527","8.527"
garnet-8,pass 3,8 server CPUs,pipeline 16,"LPUSH","2488628.00","0.307","0.008","0.247","0.399","0.599","1242.111"
garnet-8,pass 3,8 server CPUs,pipeline 16,"RPOP","2986422.25","0.256","0.008","0.239","0.391","0.527","18.863"
garnet-8,pass 3,8 server CPUs,pipeline 16,"SADD","2929242.50","0.260","0.008","0.247","0.399","0.527","73.919"
garnet-8,pass 3,8 server CPUs,pipeline 16,"HSET","2424412.75","0.317","0.008","0.271","0.447","0.583","1458.175"
garnet-8,pass 3,8 server CPUs,pipeline 16,"ZADD","529357.06","1.487","0.088","1.399","2.127","2.727","47.487"
garnet-8,pass 3,8 server CPUs,pipeline 16,"LRANGE_100 (first 100 elements)","2312917.75","0.152","0.016","0.103","0.231","0.335","1231.871"
garnet-8,pass 3,8 server CPUs,pipeline 16,"MSET (10 keys)","994772.56","0.498","0.032","0.439","1.039","1.711","5.855"
firn-8,pass 3,8 server CPUs,pipeline 16,"SET","6596598.00","0.068","0.000","0.063","0.143","0.191","26.911"
firn-8,pass 3,8 server CPUs,pipeline 16,"GET","6621728.00","0.067","0.000","0.063","0.143","0.191","4.463"
firn-8,pass 3,8 server CPUs,pipeline 16,"INCR","5488011.50","0.086","0.000","0.063","0.143","0.183","1413.119"
firn-8,pass 3,8 server CPUs,pipeline 16,"LPUSH","5056518.00","0.143","0.000","0.127","0.279","0.367","113.151"
firn-8,pass 3,8 server CPUs,pipeline 16,"RPOP","6347018.00","0.111","0.000","0.095","0.239","0.335","9.223"
firn-8,pass 3,8 server CPUs,pipeline 16,"SADD","4479633.50","0.163","0.008","0.143","0.319","0.431","75.455"
firn-8,pass 3,8 server CPUs,pipeline 16,"HSET","3524685.50","0.212","0.008","0.167","0.375","0.511","1305.599"
firn-8,pass 3,8 server CPUs,pipeline 16,"ZADD","1029864.06","0.761","0.024","0.631","1.823","2.567","8.575"
firn-8,pass 3,8 server CPUs,pipeline 16,"LRANGE_100 (first 100 elements)","1408142.25","0.462","0.016","0.407","1.039","1.415","13.695"
firn-8,pass 3,8 server CPUs,pipeline 16,"MSET (10 keys)","993760.56","0.662","0.024","0.647","1.039","1.247","18.687"
firn-base-8,pass 3,8 server CPUs,pipeline 16,"SET","2917843.25","0.260","0.000","0.247","0.431","0.623","46.143"
firn-base-8,pass 3,8 server CPUs,pipeline 16,"GET","3311439.50","0.227","0.008","0.215","0.375","0.519","3.215"
firn-base-8,pass 3,8 server CPUs,pipeline 16,"INCR","2602476.75","0.297","0.016","0.255","0.447","0.631","1326.079"
firn-base-8,pass 3,8 server CPUs,pipeline 16,"LPUSH","2809218.25","0.276","0.008","0.255","0.471","0.703","104.255"
firn-base-8,pass 3,8 server CPUs,pipeline 16,"RPOP","2929017.50","0.264","0.000","0.247","0.431","0.631","12.095"
firn-base-8,pass 3,8 server CPUs,pipeline 16,"SADD","3046365.50","0.250","0.008","0.231","0.407","0.583","75.647"
firn-base-8,pass 3,8 server CPUs,pipeline 16,"HSET","2929242.50","0.262","0.016","0.247","0.423","0.599","21.295"
firn-base-8,pass 3,8 server CPUs,pipeline 16,"ZADD","859394.81","0.917","0.048","0.727","1.551","2.031","1346.559"
firn-base-8,pass 3,8 server CPUs,pipeline 16,"LRANGE_100 (first 100 elements)","1333795.50","0.489","0.040","0.455","0.871","1.199","5.415"
firn-base-8,pass 3,8 server CPUs,pipeline 16,"MSET (10 keys)","701058.44","1.108","0.056","0.951","1.943","2.463","1344.511"
verify-suite,reference,20 tests
verify-suite,valkey-io,20 tests
verify-suite,dragonfly-16,20 tests
verify-suite,garnet-16,20 tests
verify-suite,firn-16,20 tests
verify-suite,firn-base-16,20 tests
pilot,reference,16,set,1059595.75
pilot,reference,16,get,1059595.75
pilot,reference,16,incr,1059595.75
pilot,reference,16,lpush,1061006.62
pilot,reference,16,rpop,1061006.62
pilot,reference,16,sadd,1055404.25
pilot,reference,16,hset,1061006.62
pilot,reference,16,zadd,635419.50
pilot,reference,16,lrange_100,317716.12
pilot,reference,16,mset,395257.50
pilot,firn-16,16,set,3161968.25
pilot,firn-16,16,get,3174566.00
pilot,firn-16,16,incr,3174566.00
pilot,firn-16,16,lpush,3174566.00
pilot,firn-16,16,rpop,3161968.25
pilot,firn-16,16,sadd,3161968.25
pilot,firn-16,16,hset,3174566.00
pilot,firn-16,16,zadd,794432.69
pilot,firn-16,16,lrange_100,1061006.62
pilot,firn-16,16,mset,635926.56
reference,pass 1,16 server CPUs,pipeline 16,"SET","1255372.38","0.631","0.088","0.591","0.735","1.095","1448.959"
reference,pass 1,16 server CPUs,pipeline 16,"GET","1353230.88","0.585","0.112","0.551","0.671","0.999","1379.327"
reference,pass 1,16 server CPUs,pipeline 16,"INCR","1341224.50","0.588","0.104","0.551","0.679","1.007","1380.351"
reference,pass 1,16 server CPUs,pipeline 16,"LPUSH","1422615.62","0.554","0.048","0.511","0.655","0.919","1508.351"
reference,pass 1,16 server CPUs,pipeline 16,"RPOP","1486644.62","0.530","0.088","0.519","0.663","0.967","22.831"
reference,pass 1,16 server CPUs,pipeline 16,"SADD","1360181.88","0.583","0.048","0.543","0.679","1.007","1376.255"
reference,pass 1,16 server CPUs,pipeline 16,"HSET","1263006.38","0.624","0.064","0.583","0.735","1.087","1390.591"
reference,pass 1,16 server CPUs,pipeline 16,"ZADD","639340.06","1.240","0.160","1.095","1.655","2.055","1387.519"
reference,pass 1,16 server CPUs,pipeline 16,"LRANGE_100 (first 100 elements)","322592.50","2.404","0.336","2.535","3.191","3.439","1394.687"
reference,pass 1,16 server CPUs,pipeline 16,"MSET (10 keys)","461596.91","1.695","0.264","1.639","2.607","3.103","29.807"
valkey-io,pass 1,16 server CPUs,pipeline 16,"SET","1311975.12","0.560","0.008","0.535","0.791","0.903","1390.591"
valkey-io,pass 1,16 server CPUs,pipeline 16,"GET","1389560.38","0.523","0.008","0.503","0.743","0.847","1402.879"
valkey-io,pass 1,16 server CPUs,pipeline 16,"INCR","1376903.88","0.529","0.008","0.511","0.751","0.847","1391.615"
valkey-io,pass 1,16 server CPUs,pipeline 16,"LPUSH","1699826.00","0.423","0.008","0.407","0.631","0.759","1391.615"
valkey-io,pass 1,16 server CPUs,pipeline 16,"RPOP","1703723.75","0.439","0.008","0.431","0.663","0.799","19.951"
valkey-io,pass 1,16 server CPUs,pipeline 16,"SADD","1478304.12","0.490","0.016","0.471","0.703","0.799","1394.687"
valkey-io,pass 1,16 server CPUs,pipeline 16,"HSET","1302609.00","0.563","0.016","0.535","0.799","0.903","1468.415"
valkey-io,pass 1,16 server CPUs,pipeline 16,"ZADD","692015.12","1.073","0.032","1.103","1.575","1.775","16.975"
valkey-io,pass 1,16 server CPUs,pipeline 16,"LRANGE_100 (first 100 elements)","279408.34","2.754","0.128","2.527","3.943","8.671","1445.887"
valkey-io,pass 1,16 server CPUs,pipeline 16,"MSET (10 keys)","386151.22","1.618","0.056","1.751","2.527","2.927","19.039"
dragonfly-16,pass 1,16 server CPUs,pipeline 16,"SET","3992385.75","0.186","0.032","0.183","0.287","0.343","15.375"
dragonfly-16,pass 1,16 server CPUs,pipeline 16,"GET","4117466.50","0.178","0.032","0.175","0.271","0.319","3.159"
dragonfly-16,pass 1,16 server CPUs,pipeline 16,"INCR","4008291.25","0.183","0.032","0.183","0.279","0.327","3.247"
dragonfly-16,pass 1,16 server CPUs,pipeline 16,"LPUSH","1542924.25","0.504","0.024","0.471","0.607","0.975","1422.335"
dragonfly-16,pass 1,16 server CPUs,pipeline 16,"RPOP","1881844.50","0.410","0.016","0.383","0.471","0.791","1402.879"
dragonfly-16,pass 1,16 server CPUs,pipeline 16,"SADD","1805550.00","0.424","0.024","0.431","0.535","0.895","4.479"
dragonfly-16,pass 1,16 server CPUs,pipeline 16,"HSET","1541613.00","0.499","0.024","0.471","0.583","0.983","1444.863"
dragonfly-16,pass 1,16 server CPUs,pipeline 16,"ZADD","951892.12","0.792","0.040","0.767","0.967","3.095","4.895"
dragonfly-16,pass 1,16 server CPUs,pipeline 16,"LRANGE_100 (first 100 elements)","252075.48","3.112","0.256","2.463","3.343","23.935","1495.039"
dragonfly-16,pass 1,16 server CPUs,pipeline 16,"MSET (10 keys)","332221.16","2.395","0.168","2.239","2.535","2.679","1433.599"
garnet-16,pass 1,16 server CPUs,pipeline 16,"SET","5835686.50","0.087","0.008","0.079","0.167","0.311","18.351"
garnet-16,pass 1,16 server CPUs,pipeline 16,"GET","6093218.50","0.081","0.008","0.079","0.159","0.199","9.375"
garnet-16,pass 1,16 server CPUs,pipeline 16,"INCR","5858936.00","0.080","0.008","0.071","0.151","0.215","13.439"
garnet-16,pass 1,16 server CPUs,pipeline 16,"LPUSH","2215715.50","0.347","0.032","0.287","0.535","0.783","1435.647"
garnet-16,pass 1,16 server CPUs,pipeline 16,"RPOP","2408202.25","0.320","0.040","0.279","0.599","0.847","22.127"
garnet-16,pass 1,16 server CPUs,pipeline 16,"SADD","2060026.62","0.375","0.048","0.303","0.663","0.927","1412.095"
garnet-16,pass 1,16 server CPUs,pipeline 16,"HSET","2207242.50","0.348","0.048","0.303","0.639","0.911","248.191"
garnet-16,pass 1,16 server CPUs,pipeline 16,"ZADD","382859.44","2.080","0.160","1.703","3.319","6.231","1362.943"
garnet-16,pass 1,16 server CPUs,pipeline 16,"LRANGE_100 (first 100 elements)","2828094.25","0.128","0.016","0.127","0.239","0.295","5.135"
garnet-16,pass 1,16 server CPUs,pipeline 16,"MSET (10 keys)","882312.38","0.466","0.032","0.367","0.767","0.951","1389.567"
firn-16,pass 1,16 server CPUs,pipeline 16,"SET","6896334.50","0.067","0.000","0.063","0.135","0.183","58.783"
firn-16,pass 1,16 server CPUs,pipeline 16,"GET","6923809.50","0.066","0.000","0.063","0.135","0.183","1.599"
firn-16,pass 1,16 server CPUs,pipeline 16,"INCR","6923809.50","0.066","0.000","0.063","0.135","0.183","12.071"
firn-16,pass 1,16 server CPUs,pipeline 16,"LPUSH","4479106.50","0.164","0.008","0.135","0.359","0.519","112.191"
firn-16,pass 1,16 server CPUs,pipeline 16,"RPOP","4381482.00","0.163","0.000","0.111","0.327","0.479","1409.023"
firn-16,pass 1,16 server CPUs,pipeline 16,"SADD","4214554.00","0.172","0.008","0.143","0.375","0.535","24.527"
firn-16,pass 1,16 server CPUs,pipeline 16,"HSET","3905957.00","0.188","0.008","0.159","0.415","0.583","13.287"
firn-16,pass 1,16 server CPUs,pipeline 16,"ZADD","783851.38","1.003","0.024","0.791","1.855","2.519","1401.855"
firn-16,pass 1,16 server CPUs,pipeline 16,"LRANGE_100 (first 100 elements)","1241185.38","0.545","0.016","0.455","1.279","1.823","32.143"
firn-16,pass 1,16 server CPUs,pipeline 16,"MSET (10 keys)","781236.75","0.988","0.128","0.879","1.807","2.567","9.103"
firn-base-16,pass 1,16 server CPUs,pipeline 16,"SET","607273.00","1.305","0.008","1.063","2.599","3.703","1509.375"
firn-base-16,pass 1,16 server CPUs,pipeline 16,"GET","669339.69","1.185","0.016","0.983","2.231","3.167","1573.887"
firn-base-16,pass 1,16 server CPUs,pipeline 16,"INCR","651037.38","1.215","0.032","0.975","2.455","3.519","1531.903"
firn-base-16,pass 1,16 server CPUs,pipeline 16,"LPUSH","544818.56","1.459","0.008","1.159","3.063","4.183","1529.855"
firn-base-16,pass 1,16 server CPUs,pipeline 16,"RPOP","624062.62","1.271","0.008","1.047","2.615","3.719","1479.679"
firn-base-16,pass 1,16 server CPUs,pipeline 16,"SADD","651046.38","1.216","0.008","0.967","2.495","3.583","1414.143"
firn-base-16,pass 1,16 server CPUs,pipeline 16,"HSET","603214.44","1.318","0.008","1.063","2.671","3.799","1419.263"
firn-base-16,pass 1,16 server CPUs,pipeline 16,"ZADD","363751.53","2.185","0.064","1.999","3.503","4.183","1421.311"
firn-base-16,pass 1,16 server CPUs,pipeline 16,"LRANGE_100 (first 100 elements)","485975.81","1.550","0.032","1.255","3.087","4.087","1416.191"
firn-base-16,pass 1,16 server CPUs,pipeline 16,"MSET (10 keys)","347627.56","2.264","0.112","2.071","3.439","4.039","1421.311"
reference,pass 2,16 server CPUs,pipeline 16,"SET","1246301.00","0.633","0.088","0.591","0.759","1.103","1416.191"
reference,pass 2,16 server CPUs,pipeline 16,"GET","1316837.75","0.602","0.056","0.559","0.711","1.039","1405.951"
reference,pass 2,16 server CPUs,pipeline 16,"INCR","1396744.12","0.566","0.112","0.559","0.703","1.031","19.231"
reference,pass 2,16 server CPUs,pipeline 16,"LPUSH","1402451.88","0.564","0.048","0.527","0.655","0.967","1392.639"
reference,pass 2,16 server CPUs,pipeline 16,"RPOP","1383693.00","0.571","0.064","0.535","0.655","0.975","1398.783"
reference,pass 2,16 server CPUs,pipeline 16,"SADD","1325217.62","0.595","0.040","0.559","0.695","1.031","1361.919"
reference,pass 2,16 server CPUs,pipeline 16,"HSET","1223693.38","0.643","0.024","0.599","0.743","1.095","1845.247"
reference,pass 2,16 server CPUs,pipeline 16,"ZADD","691964.88","1.145","0.064","1.119","1.687","2.095","37.503"
reference,pass 2,16 server CPUs,pipeline 16,"LRANGE_100 (first 100 elements)","321298.12","2.421","0.432","2.575","3.215","3.487","1301.503"
reference,pass 2,16 server CPUs,pipeline 16,"MSET (10 keys)","468742.00","1.677","0.408","1.631","2.551","3.031","23.551"
valkey-io,pass 2,16 server CPUs,pipeline 16,"SET","1334070.50","0.549","0.016","0.527","0.775","0.879","1416.191"
valkey-io,pass 2,16 server CPUs,pipeline 16,"GET","1424317.62","0.510","0.008","0.487","0.735","0.831","1473.535"
valkey-io,pass 2,16 server CPUs,pipeline 16,"INCR","1386374.50","0.523","0.008","0.495","0.743","0.847","1454.079"
valkey-io,pass 2,16 server CPUs,pipeline 16,"LPUSH","1834302.75","0.408","0.008","0.407","0.631","0.759","19.855"
valkey-io,pass 2,16 server CPUs,pipeline 16,"RPOP","1566236.00","0.485","0.008","0.431","0.695","0.831","1469.439"
valkey-io,pass 2,16 server CPUs,pipeline 16,"SADD","1446849.62","0.503","0.008","0.471","0.719","0.831","1454.079"
valkey-io,pass 2,16 server CPUs,pipeline 16,"HSET","1291874.62","0.568","0.016","0.543","0.807","0.919","1460.223"
valkey-io,pass 2,16 server CPUs,pipeline 16,"ZADD","691914.62","1.057","0.032","1.095","1.567","1.767","5.095"
valkey-io,pass 2,16 server CPUs,pipeline 16,"LRANGE_100 (first 100 elements)","266322.50","2.888","0.064","2.519","4.119","10.687","1513.471"
valkey-io,pass 2,16 server CPUs,pipeline 16,"MSET (10 keys)","406278.00","1.659","0.064","1.735","2.527","7.367","29.055"
dragonfly-16,pass 2,16 server CPUs,pipeline 16,"SET","3382689.75","0.218","0.040","0.183","0.287","0.351","1463.295"
dragonfly-16,pass 2,16 server CPUs,pipeline 16,"GET","4117021.50","0.178","0.032","0.175","0.271","0.327","3.231"
dragonfly-16,pass 2,16 server CPUs,pipeline 16,"INCR","4116576.75","0.180","0.032","0.175","0.279","0.327","3.311"
dragonfly-16,pass 2,16 server CPUs,pipeline 16,"LPUSH","1539183.88","0.508","0.032","0.471","0.615","0.983","1481.727"
dragonfly-16,pass 2,16 server CPUs,pipeline 16,"RPOP","2049677.75","0.375","0.024","0.375","0.471","0.783","8.191"
dragonfly-16,pass 2,16 server CPUs,pipeline 16,"SADD","1709788.75","0.446","0.024","0.423","0.527","0.887","1429.503"
dragonfly-16,pass 2,16 server CPUs,pipeline 16,"HSET","1540490.88","0.500","0.032","0.471","0.583","0.983","1462.271"
dragonfly-16,pass 2,16 server CPUs,pipeline 16,"ZADD","976462.19","0.774","0.040","0.751","0.943","3.023","4.911"
dragonfly-16,pass 2,16 server CPUs,pipeline 16,"LRANGE_100 (first 100 elements)","244424.66","3.207","0.296","2.455","3.335","23.919","1599.487"
dragonfly-16,pass 2,16 server CPUs,pipeline 16,"MSET (10 keys)","331441.97","2.393","0.136","2.239","2.535","2.679","1487.871"
garnet-16,pass 2,16 server CPUs,pipeline 16,"SET","5834789.00","0.087","0.008","0.079","0.175","0.311","19.183"
garnet-16,pass 2,16 server CPUs,pipeline 16,"GET","6093218.50","0.077","0.008","0.071","0.151","0.199","10.839"
garnet-16,pass 2,16 server CPUs,pipeline 16,"INCR","6092244.00","0.077","0.008","0.071","0.151","0.215","12.519"
garnet-16,pass 2,16 server CPUs,pipeline 16,"LPUSH","2165954.25","0.358","0.032","0.295","0.591","0.831","1583.103"
garnet-16,pass 2,16 server CPUs,pipeline 16,"RPOP","2487128.50","0.309","0.040","0.263","0.591","0.815","27.791"
garnet-16,pass 2,16 server CPUs,pipeline 16,"SADD","2289484.75","0.335","0.024","0.247","0.583","0.791","1568.767"
garnet-16,pass 2,16 server CPUs,pipeline 16,"HSET","2273366.25","0.340","0.048","0.279","0.679","0.911","46.303"
garnet-16,pass 2,16 server CPUs,pipeline 16,"ZADD","387245.09","2.044","0.064","1.527","4.047","6.759","1584.127"
garnet-16,pass 2,16 server CPUs,pipeline 16,"LRANGE_100 (first 100 elements)","2994374.50","0.128","0.016","0.119","0.239","0.295","5.287"
garnet-16,pass 2,16 server CPUs,pipeline 16,"MSET (10 keys)","1088604.88","0.384","0.032","0.359","0.735","0.911","3.479"
firn-16,pass 2,16 server CPUs,pipeline 16,"SET","6596598.00","0.068","0.000","0.063","0.143","0.191","101.631"
firn-16,pass 2,16 server CPUs,pipeline 16,"GET","5313082.00","0.089","0.000","0.063","0.143","0.191","1418.239"
firn-16,pass 2,16 server CPUs,pipeline 16,"INCR","6923809.50","0.065","0.000","0.063","0.135","0.183","20.079"
firn-16,pass 2,16 server CPUs,pipeline 16,"LPUSH","4615873.00","0.161","0.008","0.135","0.359","0.511","126.527"
firn-16,pass 2,16 server CPUs,pipeline 16,"RPOP","5418197.00","0.134","0.000","0.111","0.319","0.471","19.279"
firn-16,pass 2,16 server CPUs,pipeline 16,"SADD","3584999.25","0.201","0.008","0.143","0.383","0.535","1583.103"
firn-16,pass 2,16 server CPUs,pipeline 16,"HSET","3905957.00","0.187","0.008","0.159","0.415","0.575","14.751"
firn-16,pass 2,16 server CPUs,pipeline 16,"ZADD","906973.69","0.864","0.032","0.767","1.783","2.431","43.039"
firn-16,pass 2,16 server CPUs,pipeline 16,"LRANGE_100 (first 100 elements)","1053718.38","0.644","0.016","0.463","1.311","1.863","1576.959"
firn-16,pass 2,16 server CPUs,pipeline 16,"MSET (10 keys)","802178.12","0.964","0.128","0.871","1.679","2.303","5.471"
firn-base-16,pass 2,16 server CPUs,pipeline 16,"SET","604823.94","1.310","0.008","1.063","2.599","3.703","1637.375"
firn-base-16,pass 2,16 server CPUs,pipeline 16,"GET","731916.69","1.082","0.032","0.927","2.095","2.991","1495.039"
firn-base-16,pass 2,16 server CPUs,pipeline 16,"INCR","639078.00","1.238","0.024","0.991","2.503","3.599","1526.783"
firn-base-16,pass 2,16 server CPUs,pipeline 16,"LPUSH","545091.38","1.457","0.008","1.159","3.039","4.159","1527.807"
firn-base-16,pass 2,16 server CPUs,pipeline 16,"RPOP","625812.38","1.269","0.016","1.015","2.567","3.647","1534.975"
firn-base-16,pass 2,16 server CPUs,pipeline 16,"SADD","633079.69","1.254","0.008","1.007","2.511","3.607","1582.079"
firn-base-16,pass 2,16 server CPUs,pipeline 16,"HSET","598824.19","1.327","0.016","1.063","2.647","3.775","1696.767"
firn-base-16,pass 2,16 server CPUs,pipeline 16,"ZADD","384511.78","2.057","0.072","1.991","3.471","4.143","30.543"
firn-base-16,pass 2,16 server CPUs,pipeline 16,"LRANGE_100 (first 100 elements)","479099.91","1.575","0.024","1.311","3.159","4.167","1036.287"
firn-base-16,pass 2,16 server CPUs,pipeline 16,"MSET (10 keys)","376250.88","2.085","0.088","2.039","3.399","3.991","6.183"
reference,pass 3,16 server CPUs,pipeline 16,"SET","1226560.00","0.647","0.072","0.599","0.759","1.111","1908.735"
reference,pass 3,16 server CPUs,pipeline 16,"GET","1301407.50","0.607","0.040","0.559","0.711","1.039","1498.111"
reference,pass 3,16 server CPUs,pipeline 16,"INCR","1308290.38","0.604","0.048","0.559","0.703","1.031","1595.391"
reference,pass 3,16 server CPUs,pipeline 16,"LPUSH","1394137.25","0.567","0.032","0.527","0.663","0.975","1554.431"
reference,pass 3,16 server CPUs,pipeline 16,"RPOP","1351413.38","0.585","0.048","0.543","0.679","1.007","1555.455"
reference,pass 3,16 server CPUs,pipeline 16,"SADD","1391150.62","0.567","0.016","0.559","0.687","1.039","39.167"
reference,pass 3,16 server CPUs,pipeline 16,"HSET","1245538.75","0.637","0.136","0.599","0.735","1.095","1559.551"
reference,pass 3,16 server CPUs,pipeline 16,"ZADD","619884.25","1.265","0.104","1.095","1.687","2.055","1607.679"
reference,pass 3,16 server CPUs,pipeline 16,"LRANGE_100 (first 100 elements)","321176.53","2.413","0.216","2.535","3.111","3.359","1568.767"
reference,pass 3,16 server CPUs,pipeline 16,"MSET (10 keys)","428233.44","1.836","0.368","1.623","2.567","2.991","1544.191"
valkey-io,pass 3,16 server CPUs,pipeline 16,"SET","1340385.50","0.544","0.008","0.519","0.759","0.871","1549.311"
valkey-io,pass 3,16 server CPUs,pipeline 16,"GET","1522330.50","0.477","0.008","0.487","0.727","0.831","20.047"
valkey-io,pass 3,16 server CPUs,pipeline 16,"INCR","1380846.75","0.527","0.008","0.503","0.751","0.847","1564.671"
valkey-io,pass 3,16 server CPUs,pipeline 16,"LPUSH","1701572.25","0.442","0.016","0.407","0.639","0.759","1618.943"
valkey-io,pass 3,16 server CPUs,pipeline 16,"RPOP","1742852.00","0.429","0.008","0.423","0.663","0.791","17.071"
valkey-io,pass 3,16 server CPUs,pipeline 16,"SADD","1434324.88","0.504","0.008","0.471","0.711","0.807","1682.431"
valkey-io,pass 3,16 server CPUs,pipeline 16,"HSET","1307751.50","0.560","0.008","0.535","0.791","0.895","1603.583"
valkey-io,pass 3,16 server CPUs,pipeline 16,"ZADD","608023.50","1.230","0.024","1.103","1.607","1.855","1651.711"
valkey-io,pass 3,16 server CPUs,pipeline 16,"LRANGE_100 (first 100 elements)","282746.62","2.683","0.104","2.487","3.911","8.487","1672.191"
valkey-io,pass 3,16 server CPUs,pipeline 16,"MSET (10 keys)","369742.72","1.847","0.064","1.759","2.583","7.471","1607.679"
dragonfly-16,pass 3,16 server CPUs,pipeline 16,"SET","3992385.75","0.184","0.032","0.183","0.279","0.335","54.431"
dragonfly-16,pass 3,16 server CPUs,pipeline 16,"GET","4231345.00","0.174","0.024","0.175","0.263","0.319","3.295"
dragonfly-16,pass 3,16 server CPUs,pipeline 16,"INCR","3410151.50","0.216","0.032","0.183","0.279","0.327","1669.119"
dragonfly-16,pass 3,16 server CPUs,pipeline 16,"LPUSH","1655000.50","0.470","0.024","0.471","0.607","0.967","3.367"
dragonfly-16,pass 3,16 server CPUs,pipeline 16,"RPOP","1878676.62","0.408","0.024","0.375","0.471","0.791","1687.551"
dragonfly-16,pass 3,16 server CPUs,pipeline 16,"SADD","1827199.75","0.417","0.016","0.423","0.519","0.887","11.847"
dragonfly-16,pass 3,16 server CPUs,pipeline 16,"HSET","1540304.00","0.499","0.024","0.463","0.583","0.975","1717.247"
dragonfly-16,pass 3,16 server CPUs,pipeline 16,"ZADD","832666.56","0.909","0.040","0.767","0.959","3.087","1688.575"
dragonfly-16,pass 3,16 server CPUs,pipeline 16,"LRANGE_100 (first 100 elements)","251876.00","3.106","0.288","2.455","3.327","23.855","1521.663"
dragonfly-16,pass 3,16 server CPUs,pipeline 16,"MSET (10 keys)","330208.56","2.395","0.152","2.223","2.519","2.663","1574.911"
garnet-16,pass 3,16 server CPUs,pipeline 16,"SET","5834789.00","0.084","0.008","0.071","0.167","0.279","15.055"
garnet-16,pass 3,16 server CPUs,pipeline 16,"GET","5858936.00","0.083","0.008","0.079","0.167","0.215","8.703"
garnet-16,pass 3,16 server CPUs,pipeline 16,"INCR","4860270.50","0.099","0.008","0.071","0.159","0.215","1587.199"
garnet-16,pass 3,16 server CPUs,pipeline 16,"LPUSH","2379883.75","0.324","0.024","0.287","0.583","0.815","309.759"
garnet-16,pass 3,16 server CPUs,pipeline 16,"RPOP","2156746.00","0.358","0.032","0.279","0.623","0.863","1588.223"
garnet-16,pass 3,16 server CPUs,pipeline 16,"SADD","2298639.00","0.335","0.056","0.295","0.631","0.871","15.079"
garnet-16,pass 3,16 server CPUs,pipeline 16,"HSET","2307796.75","0.333","0.056","0.287","0.615","0.879","143.743"
garnet-16,pass 3,16 server CPUs,pipeline 16,"ZADD","371925.72","2.139","0.224","1.663","3.519","6.415","2349.055"
garnet-16,pass 3,16 server CPUs,pipeline 16,"LRANGE_100 (first 100 elements)","2827466.25","0.129","0.016","0.127","0.239","0.303","3.983"
garnet-16,pass 3,16 server CPUs,pipeline 16,"MSET (10 keys)","1051118.38","0.391","0.032","0.367","0.751","0.935","6.439"
firn-16,pass 3,16 server CPUs,pipeline 16,"SET","5168728.00","0.084","0.000","0.063","0.143","0.191","1589.247"
firn-16,pass 3,16 server CPUs,pipeline 16,"GET","6622879.00","0.067","0.000","0.063","0.143","0.191","8.111"
firn-16,pass 3,16 server CPUs,pipeline 16,"INCR","6925068.50","0.067","0.000","0.063","0.143","0.183","28.143"
firn-16,pass 3,16 server CPUs,pipeline 16,"LPUSH","4479106.50","0.163","0.000","0.135","0.359","0.511","127.487"
firn-16,pass 3,16 server CPUs,pipeline 16,"RPOP","5619614.00","0.131","0.000","0.103","0.311","0.455","16.247"
firn-16,pass 3,16 server CPUs,pipeline 16,"SADD","3581615.25","0.203","0.008","0.143","0.375","0.535","1592.319"
firn-16,pass 3,16 server CPUs,pipeline 16,"HSET","3905957.00","0.190","0.008","0.167","0.423","0.583","15.895"
firn-16,pass 3,16 server CPUs,pipeline 16,"ZADD","906887.38","0.864","0.016","0.767","1.815","2.487","42.015"
firn-16,pass 3,16 server CPUs,pipeline 16,"LRANGE_100 (first 100 elements)","1240943.50","0.545","0.016","0.455","1.279","1.815","38.879"
firn-16,pass 3,16 server CPUs,pipeline 16,"MSET (10 keys)","802178.12","0.962","0.120","0.855","1.735","2.415","5.359"
firn-base-16,pass 3,16 server CPUs,pipeline 16,"SET","506360.72","1.569","0.008","1.223","3.055","4.311","2347.007"
firn-base-16,pass 3,16 server CPUs,pipeline 16,"GET","599436.69","1.323","0.016","1.119","2.647","3.767","1473.535"
firn-base-16,pass 3,16 server CPUs,pipeline 16,"INCR","520577.22","1.524","0.024","1.207","3.063","4.335","2193.407"
firn-base-16,pass 3,16 server CPUs,pipeline 16,"LPUSH","498890.75","1.592","0.008","1.271","3.271","4.487","1711.103"
firn-base-16,pass 3,16 server CPUs,pipeline 16,"RPOP","517380.25","1.537","0.008","1.215","2.999","4.231","1604.607"
firn-base-16,pass 3,16 server CPUs,pipeline 16,"SADD","534123.94","1.489","0.024","1.207","2.959","4.191","1605.631"
firn-base-16,pass 3,16 server CPUs,pipeline 16,"HSET","516056.84","1.540","0.024","1.247","3.079","4.311","1644.543"
firn-base-16,pass 3,16 server CPUs,pipeline 16,"ZADD","361325.03","2.200","0.016","1.983","3.615","4.391","1592.319"
firn-base-16,pass 3,16 server CPUs,pipeline 16,"LRANGE_100 (first 100 elements)","440464.97","1.727","0.040","1.391","3.455","4.623","1615.871"
firn-base-16,pass 3,16 server CPUs,pipeline 16,"MSET (10 keys)","344566.78","2.290","0.104","2.063","3.559","4.231","1613.823"
