# The quick comparisons of research/investigations/shared-state/DESIGN.md, "Measured", on the owner's i9-14900K under WSL2 (32 CPUs, kernel 6.18.40.1-microsoft-standard-WSL2) on 2026-10-03: redis-bench.sh quick on n server CPUs (CPUs 0 to n - 1, the clients on the next 16), each build's runs interleaved with the others'.
# Builds: head-f8ca277a9 is this branch with the redesign; head-f8ca277a9-fixed is f8ca277a9 with the field-read lowering and the key set spare as a008b01ef first wrote it, kept per driver number (later per thread, keeping the larger store); base-cea9188d4 is the branch before the redesign, built by its own compiler; migration-0e992aa3d is firn as the migration left it, before the connection commands, built by the compiler at f8ca277a9. Every firn is linked with --full-lto.
# median lines: median, comparison, build, n, line, pass, test, rate: the median of three runs of three seconds, requests a second; line firn-aof is firn with its append-only file, synced once a second.
# run lines, the second comparison only, whose runs were kept: run, comparison, build, n, line, pass, test, run, rate.
# The references, garnet-server 2.1.8 and dragonfly 2.0.0, are the ones kept from 2026-10-02 (quick-ref-<n>-16.csv) and are not repeated here.
median,first,base-cea9188d4,16,firn,a,set,13633838
median,first,base-cea9188d4,16,firn,a,get,13977224
median,first,base-cea9188d4,16,firn,a,incr,13694264
median,first,base-cea9188d4,16,firn,a,lpush,4975600
median,first,base-cea9188d4,16,firn,a,rpop,5190797
median,first,base-cea9188d4,16,firn,a,sadd,3964792
median,first,base-cea9188d4,16,firn,a,hset,3384232
median,first,base-cea9188d4,16,firn,a,zadd,810073
median,first,base-cea9188d4,16,firn,a,lrange_100,3211637
median,first,base-cea9188d4,16,firn,a,mset,7191329
median,first,base-cea9188d4,16,firn,b,set,13635258
median,first,base-cea9188d4,16,firn,b,get,14069756
median,first,base-cea9188d4,16,firn,b,incr,13614551
median,first,base-cea9188d4,16,firn,b,lpush,5061243
median,first,base-cea9188d4,16,firn,b,rpop,5223800
median,first,base-cea9188d4,16,firn,b,sadd,3975319
median,first,base-cea9188d4,16,firn,b,hset,3278798
median,first,base-cea9188d4,16,firn,b,zadd,832940
median,first,base-cea9188d4,16,firn,b,lrange_100,3094081
median,first,base-cea9188d4,16,firn,b,mset,7114465
median,first,base-cea9188d4,4,firn,a,set,6070237
median,first,base-cea9188d4,4,firn,a,get,6378254
median,first,base-cea9188d4,4,firn,a,incr,6041471
median,first,base-cea9188d4,4,firn,a,lpush,5251479
median,first,base-cea9188d4,4,firn,a,rpop,6028439
median,first,base-cea9188d4,4,firn,a,sadd,4230339
median,first,base-cea9188d4,4,firn,a,hset,3614150
median,first,base-cea9188d4,4,firn,a,zadd,1047222
median,first,base-cea9188d4,4,firn,a,lrange_100,3159481
median,first,base-cea9188d4,4,firn,a,mset,2695433
median,first,base-cea9188d4,4,firn,b,set,6350487
median,first,base-cea9188d4,4,firn,b,get,6300360
median,first,base-cea9188d4,4,firn,b,incr,6073795
median,first,base-cea9188d4,4,firn,b,lpush,5115631
median,first,base-cea9188d4,4,firn,b,rpop,5950535
median,first,base-cea9188d4,4,firn,b,sadd,4113682
median,first,base-cea9188d4,4,firn,b,hset,3702535
median,first,base-cea9188d4,4,firn,b,zadd,1024244
median,first,base-cea9188d4,4,firn,b,lrange_100,3156991
median,first,base-cea9188d4,4,firn,b,mset,2717078
median,first,base-cea9188d4,8,firn,a,set,11989656
median,first,base-cea9188d4,8,firn,a,get,12560094
median,first,base-cea9188d4,8,firn,a,incr,12233868
median,first,base-cea9188d4,8,firn,a,lpush,5562222
median,first,base-cea9188d4,8,firn,a,rpop,6460877
median,first,base-cea9188d4,8,firn,a,sadd,4357532
median,first,base-cea9188d4,8,firn,a,hset,3876672
median,first,base-cea9188d4,8,firn,a,zadd,994987
median,first,base-cea9188d4,8,firn,a,lrange_100,3373496
median,first,base-cea9188d4,8,firn,a,mset,4915989
median,first,base-cea9188d4,8,firn,b,set,12680003
median,first,base-cea9188d4,8,firn,b,get,12556279
median,first,base-cea9188d4,8,firn,b,incr,12336237
median,first,base-cea9188d4,8,firn,b,lpush,5580233
median,first,base-cea9188d4,8,firn,b,rpop,6440634
median,first,base-cea9188d4,8,firn,b,sadd,4159904
median,first,base-cea9188d4,8,firn,b,hset,3728349
median,first,base-cea9188d4,8,firn,b,zadd,972178
median,first,base-cea9188d4,8,firn,b,lrange_100,3302930
median,first,base-cea9188d4,8,firn,b,mset,5144490
median,first,base-cea9188d4,4,firn-aof,a,set,4048719
median,first,base-cea9188d4,4,firn-aof,a,get,6409707
median,first,base-cea9188d4,4,firn-aof,a,incr,4163615
median,first,base-cea9188d4,4,firn-aof,a,lpush,4285004
median,first,base-cea9188d4,4,firn-aof,a,rpop,5003021
median,first,base-cea9188d4,4,firn-aof,a,sadd,3994687
median,first,base-cea9188d4,4,firn-aof,a,hset,2749297
median,first,base-cea9188d4,4,firn-aof,a,zadd,941613
median,first,base-cea9188d4,4,firn-aof,a,lrange_100,3252320
median,first,base-cea9188d4,4,firn-aof,a,mset,1624732
median,first,base-cea9188d4,4,firn-aof,b,set,4123572
median,first,base-cea9188d4,4,firn-aof,b,get,6675662
median,first,base-cea9188d4,4,firn-aof,b,incr,4245562
median,first,base-cea9188d4,4,firn-aof,b,lpush,4389102
median,first,base-cea9188d4,4,firn-aof,b,rpop,4969116
median,first,base-cea9188d4,4,firn-aof,b,sadd,4164121
median,first,base-cea9188d4,4,firn-aof,b,hset,2803685
median,first,base-cea9188d4,4,firn-aof,b,zadd,965131
median,first,base-cea9188d4,4,firn-aof,b,lrange_100,3286494
median,first,base-cea9188d4,4,firn-aof,b,mset,1630562
median,first,head-f8ca277a9,16,firn,a,set,12876252
median,first,head-f8ca277a9,16,firn,a,get,13463088
median,first,head-f8ca277a9,16,firn,a,incr,13445935
median,first,head-f8ca277a9,16,firn,a,lpush,3879523
median,first,head-f8ca277a9,16,firn,a,rpop,4257826
median,first,head-f8ca277a9,16,firn,a,sadd,3138089
median,first,head-f8ca277a9,16,firn,a,hset,2757421
median,first,head-f8ca277a9,16,firn,a,zadd,788677
median,first,head-f8ca277a9,16,firn,a,lrange_100,3158598
median,first,head-f8ca277a9,16,firn,a,mset,397347
median,first,head-f8ca277a9,16,firn,b,set,13511633
median,first,head-f8ca277a9,16,firn,b,get,13091307
median,first,head-f8ca277a9,16,firn,b,incr,13591116
median,first,head-f8ca277a9,16,firn,b,lpush,3953831
median,first,head-f8ca277a9,16,firn,b,rpop,4262926
median,first,head-f8ca277a9,16,firn,b,sadd,3048754
median,first,head-f8ca277a9,16,firn,b,hset,2762633
median,first,head-f8ca277a9,16,firn,b,zadd,791210
median,first,head-f8ca277a9,16,firn,b,lrange_100,3122188
median,first,head-f8ca277a9,16,firn,b,mset,391507
median,first,head-f8ca277a9,4,firn,a,set,6410913
median,first,head-f8ca277a9,4,firn,a,get,6406845
median,first,head-f8ca277a9,4,firn,a,incr,5713521
median,first,head-f8ca277a9,4,firn,a,lpush,4628017
median,first,head-f8ca277a9,4,firn,a,rpop,5212568
median,first,head-f8ca277a9,4,firn,a,sadd,3515040
median,first,head-f8ca277a9,4,firn,a,hset,3248032
median,first,head-f8ca277a9,4,firn,a,zadd,1014096
median,first,head-f8ca277a9,4,firn,a,lrange_100,3271985
median,first,head-f8ca277a9,4,firn,a,mset,1535482
median,first,head-f8ca277a9,4,firn,b,set,6299870
median,first,head-f8ca277a9,4,firn,b,get,6430426
median,first,head-f8ca277a9,4,firn,b,incr,5816360
median,first,head-f8ca277a9,4,firn,b,lpush,4556060
median,first,head-f8ca277a9,4,firn,b,rpop,5288462
median,first,head-f8ca277a9,4,firn,b,sadd,3515689
median,first,head-f8ca277a9,4,firn,b,hset,3253031
median,first,head-f8ca277a9,4,firn,b,zadd,994591
median,first,head-f8ca277a9,4,firn,b,lrange_100,3241831
median,first,head-f8ca277a9,4,firn,b,mset,1609446
median,first,head-f8ca277a9,8,firn,a,set,11956769
median,first,head-f8ca277a9,8,firn,a,get,12044384
median,first,head-f8ca277a9,8,firn,a,incr,11208558
median,first,head-f8ca277a9,8,firn,a,lpush,4799866
median,first,head-f8ca277a9,8,firn,a,rpop,5393264
median,first,head-f8ca277a9,8,firn,a,sadd,3554078
median,first,head-f8ca277a9,8,firn,a,hset,3318955
median,first,head-f8ca277a9,8,firn,a,zadd,937714
median,first,head-f8ca277a9,8,firn,a,lrange_100,3362757
median,first,head-f8ca277a9,8,firn,a,mset,988079
median,first,head-f8ca277a9,8,firn,b,set,12430950
median,first,head-f8ca277a9,8,firn,b,get,12462042
median,first,head-f8ca277a9,8,firn,b,incr,11999706
median,first,head-f8ca277a9,8,firn,b,lpush,4732753
median,first,head-f8ca277a9,8,firn,b,rpop,5378697
median,first,head-f8ca277a9,8,firn,b,sadd,3731984
median,first,head-f8ca277a9,8,firn,b,hset,3352016
median,first,head-f8ca277a9,8,firn,b,zadd,939121
median,first,head-f8ca277a9,8,firn,b,lrange_100,3351814
median,first,head-f8ca277a9,8,firn,b,mset,952273
median,first,head-f8ca277a9,4,firn-aof,a,set,3965847
median,first,head-f8ca277a9,4,firn-aof,a,get,6345221
median,first,head-f8ca277a9,4,firn-aof,a,incr,4079297
median,first,head-f8ca277a9,4,firn-aof,a,lpush,3783502
median,first,head-f8ca277a9,4,firn-aof,a,rpop,4364819
median,first,head-f8ca277a9,4,firn-aof,a,sadd,3559174
median,first,head-f8ca277a9,4,firn-aof,a,hset,2424112
median,first,head-f8ca277a9,4,firn-aof,a,zadd,871267
median,first,head-f8ca277a9,4,firn-aof,a,lrange_100,3062330
median,first,head-f8ca277a9,4,firn-aof,a,mset,1327443
median,first,head-f8ca277a9,4,firn-aof,b,set,4019436
median,first,head-f8ca277a9,4,firn-aof,b,get,6264053
median,first,head-f8ca277a9,4,firn-aof,b,incr,4118219
median,first,head-f8ca277a9,4,firn-aof,b,lpush,3979089
median,first,head-f8ca277a9,4,firn-aof,b,rpop,4425831
median,first,head-f8ca277a9,4,firn-aof,b,sadd,3571470
median,first,head-f8ca277a9,4,firn-aof,b,hset,2501266
median,first,head-f8ca277a9,4,firn-aof,b,zadd,871227
median,first,head-f8ca277a9,4,firn-aof,b,lrange_100,3251562
median,first,head-f8ca277a9,4,firn-aof,b,mset,1316497
median,second,base-cea9188d4,16,firn,a,set,13770041
median,second,base-cea9188d4,16,firn,a,get,13767540
median,second,base-cea9188d4,16,firn,a,incr,13634480
median,second,base-cea9188d4,16,firn,a,lpush,5124553
median,second,base-cea9188d4,16,firn,a,rpop,5329566
median,second,base-cea9188d4,16,firn,a,sadd,3741435
median,second,base-cea9188d4,16,firn,a,hset,3493251
median,second,base-cea9188d4,16,firn,a,zadd,796781
median,second,base-cea9188d4,16,firn,a,lrange_100,3145196
median,second,base-cea9188d4,16,firn,a,mset,7132005
median,second,base-cea9188d4,4,firn,a,set,6589871
median,second,base-cea9188d4,4,firn,a,get,6685205
median,second,base-cea9188d4,4,firn,a,incr,6115121
median,second,base-cea9188d4,4,firn,a,lpush,5118341
median,second,base-cea9188d4,4,firn,a,rpop,6019503
median,second,base-cea9188d4,4,firn,a,sadd,4220709
median,second,base-cea9188d4,4,firn,a,hset,3583627
median,second,base-cea9188d4,4,firn,a,zadd,1053740
median,second,base-cea9188d4,4,firn,a,lrange_100,3268307
median,second,base-cea9188d4,4,firn,a,mset,2813544
median,second,base-cea9188d4,4,firn,b,set,6492867
median,second,base-cea9188d4,4,firn,b,get,6633045
median,second,base-cea9188d4,4,firn,b,incr,5979315
median,second,base-cea9188d4,4,firn,b,lpush,5260237
median,second,base-cea9188d4,4,firn,b,rpop,6079764
median,second,base-cea9188d4,4,firn,b,sadd,4247628
median,second,base-cea9188d4,4,firn,b,hset,3744550
median,second,base-cea9188d4,4,firn,b,zadd,1059884
median,second,base-cea9188d4,4,firn,b,lrange_100,3299002
median,second,base-cea9188d4,4,firn,b,mset,2811334
median,second,base-cea9188d4,8,firn,a,set,12596167
median,second,base-cea9188d4,8,firn,a,get,12864312
median,second,base-cea9188d4,8,firn,a,incr,11932609
median,second,base-cea9188d4,8,firn,a,lpush,5851827
median,second,base-cea9188d4,8,firn,a,rpop,6616774
median,second,base-cea9188d4,8,firn,a,sadd,4506043
median,second,base-cea9188d4,8,firn,a,hset,3707147
median,second,base-cea9188d4,8,firn,a,zadd,980913
median,second,base-cea9188d4,8,firn,a,lrange_100,3287867
median,second,base-cea9188d4,8,firn,a,mset,4921265
median,second,base-cea9188d4,4,firn-aof,a,set,4119327
median,second,base-cea9188d4,4,firn-aof,a,get,6386745
median,second,base-cea9188d4,4,firn-aof,a,incr,4117896
median,second,base-cea9188d4,4,firn-aof,a,lpush,4137761
median,second,base-cea9188d4,4,firn-aof,a,rpop,4919273
median,second,base-cea9188d4,4,firn-aof,a,sadd,4139529
median,second,base-cea9188d4,4,firn-aof,a,hset,2755503
median,second,base-cea9188d4,4,firn-aof,a,zadd,924787
median,second,base-cea9188d4,4,firn-aof,a,lrange_100,3279193
median,second,base-cea9188d4,4,firn-aof,a,mset,1634671
median,second,migration-0e992aa3d,4,firn,a,set,6311808
median,second,migration-0e992aa3d,4,firn,a,get,6658792
median,second,migration-0e992aa3d,4,firn,a,incr,6021874
median,second,migration-0e992aa3d,4,firn,a,lpush,4869100
median,second,migration-0e992aa3d,4,firn,a,rpop,5487092
median,second,migration-0e992aa3d,4,firn,a,sadd,4071853
median,second,migration-0e992aa3d,4,firn,a,hset,3593117
median,second,migration-0e992aa3d,4,firn,a,zadd,1063075
median,second,migration-0e992aa3d,4,firn,a,lrange_100,3262206
median,second,migration-0e992aa3d,4,firn,a,mset,1606254
median,second,migration-0e992aa3d,4,firn,b,set,6322863
median,second,migration-0e992aa3d,4,firn,b,get,6508651
median,second,migration-0e992aa3d,4,firn,b,incr,6090883
median,second,migration-0e992aa3d,4,firn,b,lpush,4826639
median,second,migration-0e992aa3d,4,firn,b,rpop,5524359
median,second,migration-0e992aa3d,4,firn,b,sadd,4064875
median,second,migration-0e992aa3d,4,firn,b,hset,3475144
median,second,migration-0e992aa3d,4,firn,b,zadd,1037827
median,second,migration-0e992aa3d,4,firn,b,lrange_100,3181006
median,second,migration-0e992aa3d,4,firn,b,mset,1636705
median,second,head-f8ca277a9-fixed,16,firn,a,set,13469394
median,second,head-f8ca277a9-fixed,16,firn,a,get,13983333
median,second,head-f8ca277a9-fixed,16,firn,a,incr,13420647
median,second,head-f8ca277a9-fixed,16,firn,a,lpush,4780662
median,second,head-f8ca277a9-fixed,16,firn,a,rpop,4894919
median,second,head-f8ca277a9-fixed,16,firn,a,sadd,3736988
median,second,head-f8ca277a9-fixed,16,firn,a,hset,3174336
median,second,head-f8ca277a9-fixed,16,firn,a,zadd,788413
median,second,head-f8ca277a9-fixed,16,firn,a,lrange_100,3189241
median,second,head-f8ca277a9-fixed,16,firn,a,mset,6400209
median,second,head-f8ca277a9-fixed,4,firn,a,set,6346050
median,second,head-f8ca277a9-fixed,4,firn,a,get,6507948
median,second,head-f8ca277a9-fixed,4,firn,a,incr,5941760
median,second,head-f8ca277a9-fixed,4,firn,a,lpush,4912176
median,second,head-f8ca277a9-fixed,4,firn,a,rpop,5703411
median,second,head-f8ca277a9-fixed,4,firn,a,sadd,4042946
median,second,head-f8ca277a9-fixed,4,firn,a,hset,3521244
median,second,head-f8ca277a9-fixed,4,firn,a,zadd,1014695
median,second,head-f8ca277a9-fixed,4,firn,a,lrange_100,3259917
median,second,head-f8ca277a9-fixed,4,firn,a,mset,2257150
median,second,head-f8ca277a9-fixed,4,firn,b,set,6551825
median,second,head-f8ca277a9-fixed,4,firn,b,get,6616336
median,second,head-f8ca277a9-fixed,4,firn,b,incr,5973991
median,second,head-f8ca277a9-fixed,4,firn,b,lpush,5040560
median,second,head-f8ca277a9-fixed,4,firn,b,rpop,5667965
median,second,head-f8ca277a9-fixed,4,firn,b,sadd,3852040
median,second,head-f8ca277a9-fixed,4,firn,b,hset,3448423
median,second,head-f8ca277a9-fixed,4,firn,b,zadd,1032216
median,second,head-f8ca277a9-fixed,4,firn,b,lrange_100,3278444
median,second,head-f8ca277a9-fixed,4,firn,b,mset,2251462
median,second,head-f8ca277a9-fixed,8,firn,a,set,12576256
median,second,head-f8ca277a9-fixed,8,firn,a,get,12800188
median,second,head-f8ca277a9-fixed,8,firn,a,incr,11685279
median,second,head-f8ca277a9-fixed,8,firn,a,lpush,5498810
median,second,head-f8ca277a9-fixed,8,firn,a,rpop,5916954
median,second,head-f8ca277a9-fixed,8,firn,a,sadd,4288102
median,second,head-f8ca277a9-fixed,8,firn,a,hset,3438586
median,second,head-f8ca277a9-fixed,8,firn,a,zadd,950071
median,second,head-f8ca277a9-fixed,8,firn,a,lrange_100,3287561
median,second,head-f8ca277a9-fixed,8,firn,a,mset,4150129
median,second,head-f8ca277a9-fixed,4,firn-aof,a,set,3962552
median,second,head-f8ca277a9-fixed,4,firn-aof,a,get,6415221
median,second,head-f8ca277a9-fixed,4,firn-aof,a,incr,4015847
median,second,head-f8ca277a9-fixed,4,firn-aof,a,lpush,4127744
median,second,head-f8ca277a9-fixed,4,firn-aof,a,rpop,4726756
median,second,head-f8ca277a9-fixed,4,firn-aof,a,sadd,3927409
median,second,head-f8ca277a9-fixed,4,firn-aof,a,hset,2545034
median,second,head-f8ca277a9-fixed,4,firn-aof,a,zadd,861050
median,second,head-f8ca277a9-fixed,4,firn-aof,a,lrange_100,3260792
median,second,head-f8ca277a9-fixed,4,firn-aof,a,mset,1443796
run,second,base-cea9188d4,16,firn,a,set,1,13935907
run,second,base-cea9188d4,16,firn,a,get,1,13770769
run,second,base-cea9188d4,16,firn,a,incr,1,13453827
run,second,base-cea9188d4,16,firn,a,lpush,1,4486882
run,second,base-cea9188d4,16,firn,a,rpop,1,5329566
run,second,base-cea9188d4,16,firn,a,sadd,1,3741435
run,second,base-cea9188d4,16,firn,a,hset,1,3427116
run,second,base-cea9188d4,16,firn,a,zadd,1,775932
run,second,base-cea9188d4,16,firn,a,lrange_100,1,3174289
run,second,base-cea9188d4,16,firn,a,mset,1,7334308
run,second,base-cea9188d4,16,firn,a,set,2,13770041
run,second,base-cea9188d4,16,firn,a,get,2,13767540
run,second,base-cea9188d4,16,firn,a,incr,2,13634480
run,second,base-cea9188d4,16,firn,a,lpush,2,5180889
run,second,base-cea9188d4,16,firn,a,rpop,2,5369877
run,second,base-cea9188d4,16,firn,a,sadd,2,3601548
run,second,base-cea9188d4,16,firn,a,hset,2,3525962
run,second,base-cea9188d4,16,firn,a,zadd,2,803544
run,second,base-cea9188d4,16,firn,a,lrange_100,2,3077362
run,second,base-cea9188d4,16,firn,a,mset,2,7132005
run,second,base-cea9188d4,16,firn,a,set,3,13186624
run,second,base-cea9188d4,16,firn,a,get,3,13725448
run,second,base-cea9188d4,16,firn,a,incr,3,13708026
run,second,base-cea9188d4,16,firn,a,lpush,3,5124553
run,second,base-cea9188d4,16,firn,a,rpop,3,5253758
run,second,base-cea9188d4,16,firn,a,sadd,3,3998041
run,second,base-cea9188d4,16,firn,a,hset,3,3493251
run,second,base-cea9188d4,16,firn,a,zadd,3,796781
run,second,base-cea9188d4,16,firn,a,lrange_100,3,3145196
run,second,base-cea9188d4,16,firn,a,mset,3,7050858
run,second,base-cea9188d4,4,firn,a,set,1,6735664
run,second,base-cea9188d4,4,firn,a,get,1,6653899
run,second,base-cea9188d4,4,firn,a,incr,1,6115121
run,second,base-cea9188d4,4,firn,a,lpush,1,5175668
run,second,base-cea9188d4,4,firn,a,rpop,1,6046512
run,second,base-cea9188d4,4,firn,a,sadd,1,4158379
run,second,base-cea9188d4,4,firn,a,hset,1,3583627
run,second,base-cea9188d4,4,firn,a,zadd,1,1061398
run,second,base-cea9188d4,4,firn,a,lrange_100,1,3268307
run,second,base-cea9188d4,4,firn,a,mset,1,2781072
run,second,base-cea9188d4,4,firn,a,set,2,6589871
run,second,base-cea9188d4,4,firn,a,get,2,6805002
run,second,base-cea9188d4,4,firn,a,incr,2,6131151
run,second,base-cea9188d4,4,firn,a,lpush,2,5078588
run,second,base-cea9188d4,4,firn,a,rpop,2,6019503
run,second,base-cea9188d4,4,firn,a,sadd,2,4223601
run,second,base-cea9188d4,4,firn,a,hset,2,3565545
run,second,base-cea9188d4,4,firn,a,zadd,2,1053740
run,second,base-cea9188d4,4,firn,a,lrange_100,2,3276457
run,second,base-cea9188d4,4,firn,a,mset,2,2836402
run,second,base-cea9188d4,4,firn,a,set,3,6563476
run,second,base-cea9188d4,4,firn,a,get,3,6685205
run,second,base-cea9188d4,4,firn,a,incr,3,6071748
run,second,base-cea9188d4,4,firn,a,lpush,3,5118341
run,second,base-cea9188d4,4,firn,a,rpop,3,5827633
run,second,base-cea9188d4,4,firn,a,sadd,3,4220709
run,second,base-cea9188d4,4,firn,a,hset,3,3692395
run,second,base-cea9188d4,4,firn,a,zadd,3,1032254
run,second,base-cea9188d4,4,firn,a,lrange_100,3,3265013
run,second,base-cea9188d4,4,firn,a,mset,3,2813544
run,second,base-cea9188d4,4,firn,b,set,1,6492867
run,second,base-cea9188d4,4,firn,b,get,1,6744139
run,second,base-cea9188d4,4,firn,b,incr,1,6291783
run,second,base-cea9188d4,4,firn,b,lpush,1,5287250
run,second,base-cea9188d4,4,firn,b,rpop,1,6179156
run,second,base-cea9188d4,4,firn,b,sadd,1,4158598
run,second,base-cea9188d4,4,firn,b,hset,1,3824831
run,second,base-cea9188d4,4,firn,b,zadd,1,1059884
run,second,base-cea9188d4,4,firn,b,lrange_100,1,3299002
run,second,base-cea9188d4,4,firn,b,mset,1,2902131
run,second,base-cea9188d4,4,firn,b,set,2,6487520
run,second,base-cea9188d4,4,firn,b,get,2,6550058
run,second,base-cea9188d4,4,firn,b,incr,2,5771675
run,second,base-cea9188d4,4,firn,b,lpush,2,5245685
run,second,base-cea9188d4,4,firn,b,rpop,2,6079764
run,second,base-cea9188d4,4,firn,b,sadd,2,4247628
run,second,base-cea9188d4,4,firn,b,hset,2,3729946
run,second,base-cea9188d4,4,firn,b,zadd,2,1055471
run,second,base-cea9188d4,4,firn,b,lrange_100,2,3263100
run,second,base-cea9188d4,4,firn,b,mset,2,2690162
run,second,base-cea9188d4,4,firn,b,set,3,6553556
run,second,base-cea9188d4,4,firn,b,get,3,6633045
run,second,base-cea9188d4,4,firn,b,incr,3,5979315
run,second,base-cea9188d4,4,firn,b,lpush,3,5260237
run,second,base-cea9188d4,4,firn,b,rpop,3,6067422
run,second,base-cea9188d4,4,firn,b,sadd,3,4253121
run,second,base-cea9188d4,4,firn,b,hset,3,3744550
run,second,base-cea9188d4,4,firn,b,zadd,3,1069655
run,second,base-cea9188d4,4,firn,b,lrange_100,3,3314419
run,second,base-cea9188d4,4,firn,b,mset,3,2811334
run,second,base-cea9188d4,8,firn,a,set,1,12621731
run,second,base-cea9188d4,8,firn,a,get,1,12864312
run,second,base-cea9188d4,8,firn,a,incr,1,11564287
run,second,base-cea9188d4,8,firn,a,lpush,1,5715613
run,second,base-cea9188d4,8,firn,a,rpop,1,6651719
run,second,base-cea9188d4,8,firn,a,sadd,1,4506043
run,second,base-cea9188d4,8,firn,a,hset,1,3707147
run,second,base-cea9188d4,8,firn,a,zadd,1,928206
run,second,base-cea9188d4,8,firn,a,lrange_100,1,3285649
run,second,base-cea9188d4,8,firn,a,mset,1,4790415
run,second,base-cea9188d4,8,firn,a,set,2,12121061
run,second,base-cea9188d4,8,firn,a,get,2,12685322
run,second,base-cea9188d4,8,firn,a,incr,2,11932609
run,second,base-cea9188d4,8,firn,a,lpush,2,5908114
run,second,base-cea9188d4,8,firn,a,rpop,2,6616774
run,second,base-cea9188d4,8,firn,a,sadd,2,4278110
run,second,base-cea9188d4,8,firn,a,hset,2,3950287
run,second,base-cea9188d4,8,firn,a,zadd,2,999422
run,second,base-cea9188d4,8,firn,a,lrange_100,2,3308606
run,second,base-cea9188d4,8,firn,a,mset,2,5045087
run,second,base-cea9188d4,8,firn,a,set,3,12596167
run,second,base-cea9188d4,8,firn,a,get,3,12906018
run,second,base-cea9188d4,8,firn,a,incr,3,12353622
run,second,base-cea9188d4,8,firn,a,lpush,3,5851827
run,second,base-cea9188d4,8,firn,a,rpop,3,6551770
run,second,base-cea9188d4,8,firn,a,sadd,3,4511387
run,second,base-cea9188d4,8,firn,a,hset,3,3621693
run,second,base-cea9188d4,8,firn,a,zadd,3,980913
run,second,base-cea9188d4,8,firn,a,lrange_100,3,3287867
run,second,base-cea9188d4,8,firn,a,mset,3,4921265
run,second,base-cea9188d4,4,firn-aof,a,set,1,4122237
run,second,base-cea9188d4,4,firn-aof,a,get,1,6386745
run,second,base-cea9188d4,4,firn-aof,a,incr,1,3962665
run,second,base-cea9188d4,4,firn-aof,a,lpush,1,4089265
run,second,base-cea9188d4,4,firn-aof,a,rpop,1,4928054
run,second,base-cea9188d4,4,firn-aof,a,sadd,1,3874950
run,second,base-cea9188d4,4,firn-aof,a,hset,1,2830251
run,second,base-cea9188d4,4,firn-aof,a,zadd,1,871687
run,second,base-cea9188d4,4,firn-aof,a,lrange_100,1,3279193
run,second,base-cea9188d4,4,firn-aof,a,mset,1,1590359
run,second,base-cea9188d4,4,firn-aof,a,set,2,4119327
run,second,base-cea9188d4,4,firn-aof,a,get,2,6763976
run,second,base-cea9188d4,4,firn-aof,a,incr,2,4117896
run,second,base-cea9188d4,4,firn-aof,a,lpush,2,4137761
run,second,base-cea9188d4,4,firn-aof,a,rpop,2,4919273
run,second,base-cea9188d4,4,firn-aof,a,sadd,2,4220611
run,second,base-cea9188d4,4,firn-aof,a,hset,2,2755503
run,second,base-cea9188d4,4,firn-aof,a,zadd,2,942345
run,second,base-cea9188d4,4,firn-aof,a,lrange_100,2,3280385
run,second,base-cea9188d4,4,firn-aof,a,mset,2,1646552
run,second,base-cea9188d4,4,firn-aof,a,set,3,4084265
run,second,base-cea9188d4,4,firn-aof,a,get,3,6105255
run,second,base-cea9188d4,4,firn-aof,a,incr,3,4221387
run,second,base-cea9188d4,4,firn-aof,a,lpush,3,4166939
run,second,base-cea9188d4,4,firn-aof,a,rpop,3,4729953
run,second,base-cea9188d4,4,firn-aof,a,sadd,3,4139529
run,second,base-cea9188d4,4,firn-aof,a,hset,3,2725205
run,second,base-cea9188d4,4,firn-aof,a,zadd,3,924787
run,second,base-cea9188d4,4,firn-aof,a,lrange_100,3,3171291
run,second,base-cea9188d4,4,firn-aof,a,mset,3,1634671
run,second,migration-0e992aa3d,4,firn,a,set,1,6473594
run,second,migration-0e992aa3d,4,firn,a,get,1,6628937
run,second,migration-0e992aa3d,4,firn,a,incr,1,6245897
run,second,migration-0e992aa3d,4,firn,a,lpush,1,4757511
run,second,migration-0e992aa3d,4,firn,a,rpop,1,5487092
run,second,migration-0e992aa3d,4,firn,a,sadd,1,4090519
run,second,migration-0e992aa3d,4,firn,a,hset,1,3665660
run,second,migration-0e992aa3d,4,firn,a,zadd,1,1067771
run,second,migration-0e992aa3d,4,firn,a,lrange_100,1,3183702
run,second,migration-0e992aa3d,4,firn,a,mset,1,1606254
run,second,migration-0e992aa3d,4,firn,a,set,2,6083266
run,second,migration-0e992aa3d,4,firn,a,get,2,6713483
run,second,migration-0e992aa3d,4,firn,a,incr,2,5880346
run,second,migration-0e992aa3d,4,firn,a,lpush,2,4869100
run,second,migration-0e992aa3d,4,firn,a,rpop,2,5403710
run,second,migration-0e992aa3d,4,firn,a,sadd,2,4026988
run,second,migration-0e992aa3d,4,firn,a,hset,2,3481974
run,second,migration-0e992aa3d,4,firn,a,zadd,2,1063075
run,second,migration-0e992aa3d,4,firn,a,lrange_100,2,3262206
run,second,migration-0e992aa3d,4,firn,a,mset,2,1600870
run,second,migration-0e992aa3d,4,firn,a,set,3,6311808
run,second,migration-0e992aa3d,4,firn,a,get,3,6658792
run,second,migration-0e992aa3d,4,firn,a,incr,3,6021874
run,second,migration-0e992aa3d,4,firn,a,lpush,3,4949383
run,second,migration-0e992aa3d,4,firn,a,rpop,3,5766342
run,second,migration-0e992aa3d,4,firn,a,sadd,3,4071853
run,second,migration-0e992aa3d,4,firn,a,hset,3,3593117
run,second,migration-0e992aa3d,4,firn,a,zadd,3,1057754
run,second,migration-0e992aa3d,4,firn,a,lrange_100,3,3266221
run,second,migration-0e992aa3d,4,firn,a,mset,3,1612715
run,second,migration-0e992aa3d,4,firn,b,set,1,6056556
run,second,migration-0e992aa3d,4,firn,b,get,1,6170093
run,second,migration-0e992aa3d,4,firn,b,incr,1,6058887
run,second,migration-0e992aa3d,4,firn,b,lpush,1,4884685
run,second,migration-0e992aa3d,4,firn,b,rpop,1,5635048
run,second,migration-0e992aa3d,4,firn,b,sadd,1,4064875
run,second,migration-0e992aa3d,4,firn,b,hset,1,3315415
run,second,migration-0e992aa3d,4,firn,b,zadd,1,1038790
run,second,migration-0e992aa3d,4,firn,b,lrange_100,1,3134880
run,second,migration-0e992aa3d,4,firn,b,mset,1,1665085
run,second,migration-0e992aa3d,4,firn,b,set,2,6322863
run,second,migration-0e992aa3d,4,firn,b,get,2,6508651
run,second,migration-0e992aa3d,4,firn,b,incr,2,6124696
run,second,migration-0e992aa3d,4,firn,b,lpush,2,4826639
run,second,migration-0e992aa3d,4,firn,b,rpop,2,5518083
run,second,migration-0e992aa3d,4,firn,b,sadd,2,4006286
run,second,migration-0e992aa3d,4,firn,b,hset,2,3634274
run,second,migration-0e992aa3d,4,firn,b,zadd,2,1037827
run,second,migration-0e992aa3d,4,firn,b,lrange_100,2,3181006
run,second,migration-0e992aa3d,4,firn,b,mset,2,1636705
run,second,migration-0e992aa3d,4,firn,b,set,3,6358513
run,second,migration-0e992aa3d,4,firn,b,get,3,6525322
run,second,migration-0e992aa3d,4,firn,b,incr,3,6090883
run,second,migration-0e992aa3d,4,firn,b,lpush,3,4790537
run,second,migration-0e992aa3d,4,firn,b,rpop,3,5524359
run,second,migration-0e992aa3d,4,firn,b,sadd,3,4117175
run,second,migration-0e992aa3d,4,firn,b,hset,3,3475144
run,second,migration-0e992aa3d,4,firn,b,zadd,3,1009634
run,second,migration-0e992aa3d,4,firn,b,lrange_100,3,3239083
run,second,migration-0e992aa3d,4,firn,b,mset,3,1628246
run,second,head-f8ca277a9-fixed,16,firn,a,set,1,13896808
run,second,head-f8ca277a9-fixed,16,firn,a,get,1,13338386
run,second,head-f8ca277a9-fixed,16,firn,a,incr,1,13698215
run,second,head-f8ca277a9-fixed,16,firn,a,lpush,1,4320506
run,second,head-f8ca277a9-fixed,16,firn,a,rpop,1,4955538
run,second,head-f8ca277a9-fixed,16,firn,a,sadd,1,3736988
run,second,head-f8ca277a9-fixed,16,firn,a,hset,1,3174336
run,second,head-f8ca277a9-fixed,16,firn,a,zadd,1,788413
run,second,head-f8ca277a9-fixed,16,firn,a,lrange_100,1,3189241
run,second,head-f8ca277a9-fixed,16,firn,a,mset,1,6400209
run,second,head-f8ca277a9-fixed,16,firn,a,set,2,12659598
run,second,head-f8ca277a9-fixed,16,firn,a,get,2,14011468
run,second,head-f8ca277a9-fixed,16,firn,a,incr,2,13420647
run,second,head-f8ca277a9-fixed,16,firn,a,lpush,2,4787262
run,second,head-f8ca277a9-fixed,16,firn,a,rpop,2,4894919
run,second,head-f8ca277a9-fixed,16,firn,a,sadd,2,3714573
run,second,head-f8ca277a9-fixed,16,firn,a,hset,2,3066539
run,second,head-f8ca277a9-fixed,16,firn,a,zadd,2,801446
run,second,head-f8ca277a9-fixed,16,firn,a,lrange_100,2,3108746
run,second,head-f8ca277a9-fixed,16,firn,a,mset,2,6448323
run,second,head-f8ca277a9-fixed,16,firn,a,set,3,13469394
run,second,head-f8ca277a9-fixed,16,firn,a,get,3,13983333
run,second,head-f8ca277a9-fixed,16,firn,a,incr,3,13184000
run,second,head-f8ca277a9-fixed,16,firn,a,lpush,3,4780662
run,second,head-f8ca277a9-fixed,16,firn,a,rpop,3,4881230
run,second,head-f8ca277a9-fixed,16,firn,a,sadd,3,3838168
run,second,head-f8ca277a9-fixed,16,firn,a,hset,3,3251913
run,second,head-f8ca277a9-fixed,16,firn,a,zadd,3,773814
run,second,head-f8ca277a9-fixed,16,firn,a,lrange_100,3,3208997
run,second,head-f8ca277a9-fixed,16,firn,a,mset,3,6198615
run,second,head-f8ca277a9-fixed,4,firn,a,set,1,6315947
run,second,head-f8ca277a9-fixed,4,firn,a,get,1,6024707
run,second,head-f8ca277a9-fixed,4,firn,a,incr,1,6043532
run,second,head-f8ca277a9-fixed,4,firn,a,lpush,1,5043251
run,second,head-f8ca277a9-fixed,4,firn,a,rpop,1,5722598
run,second,head-f8ca277a9-fixed,4,firn,a,sadd,1,4049272
run,second,head-f8ca277a9-fixed,4,firn,a,hset,1,3521244
run,second,head-f8ca277a9-fixed,4,firn,a,zadd,1,1014695
run,second,head-f8ca277a9-fixed,4,firn,a,lrange_100,1,3259917
run,second,head-f8ca277a9-fixed,4,firn,a,mset,1,2307475
run,second,head-f8ca277a9-fixed,4,firn,a,set,2,6626500
run,second,head-f8ca277a9-fixed,4,firn,a,get,2,6586692
run,second,head-f8ca277a9-fixed,4,firn,a,incr,2,5898758
run,second,head-f8ca277a9-fixed,4,firn,a,lpush,2,4912176
run,second,head-f8ca277a9-fixed,4,firn,a,rpop,2,5682679
run,second,head-f8ca277a9-fixed,4,firn,a,sadd,2,3692971
run,second,head-f8ca277a9-fixed,4,firn,a,hset,2,3380698
run,second,head-f8ca277a9-fixed,4,firn,a,zadd,2,894463
run,second,head-f8ca277a9-fixed,4,firn,a,lrange_100,2,3242179
run,second,head-f8ca277a9-fixed,4,firn,a,mset,2,2255058
run,second,head-f8ca277a9-fixed,4,firn,a,set,3,6346050
run,second,head-f8ca277a9-fixed,4,firn,a,get,3,6507948
run,second,head-f8ca277a9-fixed,4,firn,a,incr,3,5941760
run,second,head-f8ca277a9-fixed,4,firn,a,lpush,3,4878714
run,second,head-f8ca277a9-fixed,4,firn,a,rpop,3,5703411
run,second,head-f8ca277a9-fixed,4,firn,a,sadd,3,4042946
run,second,head-f8ca277a9-fixed,4,firn,a,hset,3,3609967
run,second,head-f8ca277a9-fixed,4,firn,a,zadd,3,1040155
run,second,head-f8ca277a9-fixed,4,firn,a,lrange_100,3,3269186
run,second,head-f8ca277a9-fixed,4,firn,a,mset,3,2257150
run,second,head-f8ca277a9-fixed,4,firn,b,set,1,5990523
run,second,head-f8ca277a9-fixed,4,firn,b,get,1,6399892
run,second,head-f8ca277a9-fixed,4,firn,b,incr,1,5973991
run,second,head-f8ca277a9-fixed,4,firn,b,lpush,1,5040560
run,second,head-f8ca277a9-fixed,4,firn,b,rpop,1,5667965
run,second,head-f8ca277a9-fixed,4,firn,b,sadd,1,3683394
run,second,head-f8ca277a9-fixed,4,firn,b,hset,1,3448423
run,second,head-f8ca277a9-fixed,4,firn,b,zadd,1,1032216
run,second,head-f8ca277a9-fixed,4,firn,b,lrange_100,1,3280635
run,second,head-f8ca277a9-fixed,4,firn,b,mset,1,2244427
run,second,head-f8ca277a9-fixed,4,firn,b,set,2,6551825
run,second,head-f8ca277a9-fixed,4,firn,b,get,2,6691369
run,second,head-f8ca277a9-fixed,4,firn,b,incr,2,6072083
run,second,head-f8ca277a9-fixed,4,firn,b,lpush,2,5026626
run,second,head-f8ca277a9-fixed,4,firn,b,rpop,2,5599449
run,second,head-f8ca277a9-fixed,4,firn,b,sadd,2,3852040
run,second,head-f8ca277a9-fixed,4,firn,b,hset,2,3460014
run,second,head-f8ca277a9-fixed,4,firn,b,zadd,2,963660
run,second,head-f8ca277a9-fixed,4,firn,b,lrange_100,2,3278444
run,second,head-f8ca277a9-fixed,4,firn,b,mset,2,2331816
run,second,head-f8ca277a9-fixed,4,firn,b,set,3,6624321
run,second,head-f8ca277a9-fixed,4,firn,b,get,3,6616336
run,second,head-f8ca277a9-fixed,4,firn,b,incr,3,5867336
run,second,head-f8ca277a9-fixed,4,firn,b,lpush,3,5050773
run,second,head-f8ca277a9-fixed,4,firn,b,rpop,3,5819229
run,second,head-f8ca277a9-fixed,4,firn,b,sadd,3,3881690
run,second,head-f8ca277a9-fixed,4,firn,b,hset,3,3360274
run,second,head-f8ca277a9-fixed,4,firn,b,zadd,3,1040977
run,second,head-f8ca277a9-fixed,4,firn,b,lrange_100,3,3224088
run,second,head-f8ca277a9-fixed,4,firn,b,mset,3,2251462
run,second,head-f8ca277a9-fixed,8,firn,a,set,1,12682824
run,second,head-f8ca277a9-fixed,8,firn,a,get,1,12802072
run,second,head-f8ca277a9-fixed,8,firn,a,incr,1,11265324
run,second,head-f8ca277a9-fixed,8,firn,a,lpush,1,5320275
run,second,head-f8ca277a9-fixed,8,firn,a,rpop,1,5987752
run,second,head-f8ca277a9-fixed,8,firn,a,sadd,1,4297770
run,second,head-f8ca277a9-fixed,8,firn,a,hset,1,3409493
run,second,head-f8ca277a9-fixed,8,firn,a,zadd,1,950071
run,second,head-f8ca277a9-fixed,8,firn,a,lrange_100,1,3287561
run,second,head-f8ca277a9-fixed,8,firn,a,mset,1,4187497
run,second,head-f8ca277a9-fixed,8,firn,a,set,2,12551850
run,second,head-f8ca277a9-fixed,8,firn,a,get,2,12590748
run,second,head-f8ca277a9-fixed,8,firn,a,incr,2,12141066
run,second,head-f8ca277a9-fixed,8,firn,a,lpush,2,5532347
run,second,head-f8ca277a9-fixed,8,firn,a,rpop,2,5916954
run,second,head-f8ca277a9-fixed,8,firn,a,sadd,2,4080565
run,second,head-f8ca277a9-fixed,8,firn,a,hset,2,3438586
run,second,head-f8ca277a9-fixed,8,firn,a,zadd,2,918638
run,second,head-f8ca277a9-fixed,8,firn,a,lrange_100,2,3302746
run,second,head-f8ca277a9-fixed,8,firn,a,mset,2,4150129
run,second,head-f8ca277a9-fixed,8,firn,a,set,3,12576256
run,second,head-f8ca277a9-fixed,8,firn,a,get,3,12800188
run,second,head-f8ca277a9-fixed,8,firn,a,incr,3,11685279
run,second,head-f8ca277a9-fixed,8,firn,a,lpush,3,5498810
run,second,head-f8ca277a9-fixed,8,firn,a,rpop,3,5856110
run,second,head-f8ca277a9-fixed,8,firn,a,sadd,3,4288102
run,second,head-f8ca277a9-fixed,8,firn,a,hset,3,3778176
run,second,head-f8ca277a9-fixed,8,firn,a,zadd,3,982861
run,second,head-f8ca277a9-fixed,8,firn,a,lrange_100,3,3264925
run,second,head-f8ca277a9-fixed,8,firn,a,mset,3,4008087
run,second,head-f8ca277a9-fixed,4,firn-aof,a,set,1,4031341
run,second,head-f8ca277a9-fixed,4,firn-aof,a,get,1,6326146
run,second,head-f8ca277a9-fixed,4,firn-aof,a,incr,1,4015847
run,second,head-f8ca277a9-fixed,4,firn-aof,a,lpush,1,4222575
run,second,head-f8ca277a9-fixed,4,firn-aof,a,rpop,1,4619616
run,second,head-f8ca277a9-fixed,4,firn-aof,a,sadd,1,4013126
run,second,head-f8ca277a9-fixed,4,firn-aof,a,hset,1,2534151
run,second,head-f8ca277a9-fixed,4,firn-aof,a,zadd,1,861050
run,second,head-f8ca277a9-fixed,4,firn-aof,a,lrange_100,1,3162072
run,second,head-f8ca277a9-fixed,4,firn-aof,a,mset,1,1443796
run,second,head-f8ca277a9-fixed,4,firn-aof,a,set,2,3957399
run,second,head-f8ca277a9-fixed,4,firn-aof,a,get,2,6415221
run,second,head-f8ca277a9-fixed,4,firn-aof,a,incr,2,4015366
run,second,head-f8ca277a9-fixed,4,firn-aof,a,lpush,2,4127744
run,second,head-f8ca277a9-fixed,4,firn-aof,a,rpop,2,4726756
run,second,head-f8ca277a9-fixed,4,firn-aof,a,sadd,2,3711821
run,second,head-f8ca277a9-fixed,4,firn-aof,a,hset,2,2555197
run,second,head-f8ca277a9-fixed,4,firn-aof,a,zadd,2,907267
run,second,head-f8ca277a9-fixed,4,firn-aof,a,lrange_100,2,3275963
run,second,head-f8ca277a9-fixed,4,firn-aof,a,mset,2,1471508
run,second,head-f8ca277a9-fixed,4,firn-aof,a,set,3,3962552
run,second,head-f8ca277a9-fixed,4,firn-aof,a,get,3,6520798
run,second,head-f8ca277a9-fixed,4,firn-aof,a,incr,3,4095193
run,second,head-f8ca277a9-fixed,4,firn-aof,a,lpush,3,4070868
run,second,head-f8ca277a9-fixed,4,firn-aof,a,rpop,3,4749949
run,second,head-f8ca277a9-fixed,4,firn-aof,a,sadd,3,3927409
run,second,head-f8ca277a9-fixed,4,firn-aof,a,hset,3,2545034
run,second,head-f8ca277a9-fixed,4,firn-aof,a,zadd,3,820773
run,second,head-f8ca277a9-fixed,4,firn-aof,a,lrange_100,3,3260792
run,second,head-f8ca277a9-fixed,4,firn-aof,a,mset,3,1391680
